,Gunnlaugs saga Ormstungu,Breta sǫgur,Karls þáttr vesæla,Hróa þáttr heimska,Theta-fragment of Egils saga,Pamphilus saga,Kormáks saga according to AM 132 fol (Möðruvallabók),Bandamanna saga according to AM 132 fol (Möðruvallabók),Þiðriks saga af Bern (medieval text),Old Norwegian Homily Book,The Kringla fragment of Óláfs saga helga,A fragment of Landslǫg Magnúss Hákonarsonar,Hallfreðr saga vandraskald,Sveinka þáttr Steinarssonar,Valdimars saga,"Kristinréttir, Landslǫg Magnúss Hákonarsonar, Bǿjarlǫg Magnúss Hákonarsonar ok réttarbǿtr | Kristenrettar, 
                     Magnus Lagabøtes landslov, Magnus Lagabøtes bylov og rettarbøter",A fragment of Óláfs saga helga hin elzta,Barlaams ok Josaphats saga,Elíss saga ok Rósamundar,A fragment of Haralds saga harðráða in Heimskringla,Strengleikar,A fragment of Fagrskinna,Landslǫg Magnúss Hákonarsonar | Magnus Lagabøtes landslov,Birgitta Andersdotters bönbok,A fragment of Maríu saga,Codex Wormianus,Hrafns saga Sveinbjarnarsonar,A fragment of Brendanuss saga,Rögnvalldr ok Rauð,Hallfreðar saga according to AM 132 fol (Möðruvallabók),Codex Frisianus,"Kristinréttir, Bǿjarlǫg Magnúss Hákonarsonar ok réttarbǿtr | Kristenrettar, Magnus Lagabøtes bylov og rettarbøter",Bǿjarlǫg ok Farmannalǫg Magnúss Hákonarsonar | Magnus Lagabøtes bylov og farmannslov,"Ór lǽknisbók The fragment is unnamed, but Konráð Gíslason named his edition of the text
                    Úr læknisbók, which is published in Fire og fyrretyve for en stor deel forhen
                    utrykte prøver af oldnordisk sprog og literatur (1860)",A fragment of Hákonar saga Hákonarsonar,A fragment of Jóns saga helga,A fragment of Páls saga postula,Völuspá in Codex Regius,Eiríks saga víðförla,Thómass saga erkibiskups,Legenden om Barlaam och Josaphat,Codex Runicus,Droplaugasona saga according to AM 132 fol (Möðruvallabók),A fragment of Thómass saga erkibyskups,Landslǫg Magnúss Hákonarsonar ok Farmannalǫg | Magnus Lagabøtes landslov og Farmannslova,A fragment of Barlaams saga ok Jósafats,A fragment of Agǫtu saga,Zeta-fragment of Egils saga,"Various texts, including Eufemiavisorna","A fragment of Gregors saga páfa and 
                            Díalógar",A fragment of Flóress saga ok Blankiflúr,A fragment of Rimbegla,A fragment of Njáls saga,A fragment of Stjórn,A fragment of Karlamagnúss saga,Finnboga saga according to AM 132 fol (Möðruvallabók),Fóstbræðra saga according to AM 132 fol (Möðruvallabók),Vǫluspá in Hauksbók,Konungs skuggsjá,Trójumanna saga,Egils saga Skalla-Grímssonar in Wolfenbüttelbók,Alexanders saga,A fragment of Konungs skuggsjá,Reynistaðarbók,Landslǫg Magnúss Hákonarsonar and amendments (skipan) | Magnus Lagabøtes landslov og rettarbøter (skipan),Dámusta saga,Thómass saga erkibyskups,Two fragments of Njáls saga,Virgin Mary’s complaint,Óláfs saga ins helga (legendary version),Eiríks saga rauða,Stúfs þáttr Kattarsonar,Víga-Glúms saga according to AM 132 fol (Möðruvallabók),Ölkofra þáttur according to AM 132 fol (Möðruvallabók)
Gunnlaugs saga Ormstungu,0.0,0.6422065832729038,0.670949962386427,0.7874017363118906,0.6572514344364551,0.7224679736188153,0.7955065347588446,0.6750081144972186,0.6919302095968971,0.6787690576969282,0.8584124399236887,1.0,0.6744118718473564,0.8688119193359368,0.7562707949786204,1.0,0.6910808859193134,0.6297257967937191,1.0,0.8272180853591532,0.6784841128120571,0.8811507683852586,1.0,1.0,0.9215605499130642,1.0,0.6905472239641886,0.7461077510272838,0.7066635113878355,0.6794657803941441,0.6540785479290411,1.0,0.6753287563928425,0.7957802286301031,1.0,0.8170486090300465,0.7359273758844428,0.9033603438840965,0.7716953661745345,0.7367431460233456,0.9924937246853293,0.9948286362612795,0.747935283364723,1.0,1.0,0.8485650757087703,0.8872092872657645,0.682315944844392,0.9901954755249012,0.8497402614311992,0.8051242008100294,0.9987841685041033,1.0,0.9547269513300111,0.770177337449221,0.696201176931877,0.7067917065401299,1.0,0.8050956105286518,0.6916457226691186,0.5973463906918337,0.6150058689181552,0.7912380795583731,0.694846207765019,1.0,0.7313015188251825,1.0,1.0,0.9965628631592726,0.6759820495927,0.610786872417054,0.7730918048956508,0.657936922007675,0.7199376821199993
Breta sǫgur,0.6422065832729038,0.0,0.5175584152439232,0.7064979362010082,0.5867404704042417,0.6021747220103404,0.7165287088298966,0.5320334294108336,0.5164596751427255,0.4791350915495943,0.7950521026298196,1.0,0.5897517715744669,0.8038784753841761,0.6239828018134261,1.0,0.5432750688744975,0.41066335697339573,1.0,0.7553477322265223,0.4884301665551882,0.8291292706541573,1.0,1.0,0.8587229721775868,1.0,0.6021745620598594,0.6093154677291972,0.5777952402097348,0.5995694286293678,0.45430132482545604,1.0,0.49196564546525945,0.669873174670835,1.0,0.7222658883827481,0.567141858887903,0.8449763021471638,0.6609911204906311,0.5584662941866931,0.9901916836185879,0.9933360215447967,0.640906110341576,1.0,1.0,0.772794462488117,0.8418168871907811,0.5260429099273429,0.9875009938994723,0.7504655550518335,0.7407387797060256,0.998448091479617,1.0,0.9124443436790314,0.6299216450850977,0.5586212877413245,0.5514939779111918,1.0,0.6834169790414666,0.4778006046949054,0.39618008588721787,0.3410109006726958,0.6359826940543148,0.49406960073089967,1.0,0.5839260623978403,1.0,1.0,0.9951397888711221,0.4857597278613397,0.4542868359162596,0.7309994968534212,0.5104747495989559,0.608170093999939
Karls þáttr vesæla,0.670949962386427,0.5175584152439232,4.3298697960381105e-15,0.7106155908584084,0.6339446156319103,0.6568512695966686,0.7563076594420556,0.5813134298757662,0.5668185746278731,0.5567337438125228,0.795366275231812,1.0,0.6171307245595241,0.7772508433959225,0.6485185472889938,1.0,0.5426992841728078,0.506659569634902,1.0,0.741284078663413,0.5901611170455132,0.8600027289518878,1.0,1.0,0.8792705244209427,1.0,0.6610165020948149,0.662840382584233,0.5899576671814877,0.6323108923004445,0.5250987467902254,1.0,0.5601203506323182,0.7332207100744909,1.0,0.7540838901469322,0.6507236395454226,0.8798745830301046,0.6820399613803461,0.6272686143598329,0.9896619505747435,0.9935747190694479,0.6822493268654588,1.0,1.0,0.7928950580000468,0.8556922686106541,0.5929443513752186,0.9864805139839965,0.8049158568782534,0.7689538733243102,0.9978039565489502,1.0,0.9389322060070658,0.6746267264257984,0.6296194736127162,0.6229755029631878,1.0,0.740244952579956,0.5985817736449075,0.4647706617414602,0.4660170982110561,0.7243856803741607,0.6039646310149658,1.0,0.617991921958591,1.0,1.0,0.9953436648851284,0.5270926187225563,0.5176322235900954,0.6731644869466806,0.5770803350640669,0.6572467273987013
Hróa þáttr heimska,0.7874017363118906,0.7064979362010082,0.7106155908584084,0.0,0.7656577973605556,0.7601616071961368,0.8421490171866562,0.7272130622893729,0.7420467558881849,0.7185417972056907,0.8947826490069347,1.0,0.7656857504816282,0.8896062946621631,0.7868143212149621,1.0,0.750926978820089,0.6895058716424216,1.0,0.869610068426215,0.7439645536495767,0.9168007009493752,1.0,1.0,0.9308936992496532,1.0,0.7938214662780679,0.7898512820060188,0.7561750019563882,0.7723551177031186,0.7374498013158292,1.0,0.7290387922108044,0.8434742781378042,1.0,0.8566309566478707,0.7801826245649439,0.9190919061233482,0.8111151631075826,0.781961425895792,0.9929275999254181,0.9955886270611116,0.7778484837301518,1.0,1.0,0.866638518500744,0.9043248458442513,0.7556612686468043,0.9909303802436243,0.8799562853487805,0.8447579415245096,0.998813676459479,1.0,0.9617554146295594,0.8102084294133229,0.7670133848258371,0.7658492436111006,1.0,0.8389724837813636,0.7495497018059316,0.6859805323187449,0.6835777519410727,0.8237806588726434,0.7593965500746449,1.0,0.7728642157336297,1.0,1.0,0.9968343098091315,0.7340948341045304,0.7129408243716473,0.7969928174397373,0.7258194329852132,0.777999453212413
Theta-fragment of Egils saga,0.6572514344364551,0.5867404704042417,0.6339446156319103,0.7656577973605556,1.787459069646502e-14,0.6758134113725646,0.778793442710657,0.5733190713216384,0.6538672683916719,0.6225048257538972,0.8579444912648503,1.0,0.6779515647947496,0.8495985261211966,0.7274572708949867,1.0,0.6589293501183064,0.5595115244974584,1.0,0.8094363454802974,0.6224948055557273,0.8743996868969379,1.0,1.0,0.9025969377476226,1.0,0.7048369762056891,0.7092349375616578,0.6798359212522848,0.6887213301666484,0.5904921212878473,1.0,0.6219315567367523,0.7611901127016668,1.0,0.7977123055710769,0.6792726217183098,0.8891787914551423,0.7380207012232194,0.6852810056136712,0.9916441893396494,0.9940055522236775,0.7151452900738966,1.0,1.0,0.8295668670452324,0.873558538912437,0.479126415711729,0.9895117425688633,0.8179699321734571,0.7782459126964033,0.9991258739437187,1.0,0.9433902585421508,0.7343618651980307,0.6722238401073095,0.6680301273677252,1.0,0.7621943225567098,0.6447272763876126,0.3671961756903921,0.5431893409892399,0.7481440669310545,0.6517052490282035,1.0,0.7041730858869144,1.0,1.0,0.9955484180613142,0.6224856926056304,0.5600822183684344,0.7930882463395802,0.6205817983506302,0.6821882255653611
Pamphilus saga,0.7224679736188153,0.6021747220103404,0.6568512695966686,0.7601616071961368,0.6758134113725646,0.0,0.7978854269209104,0.6051496015263325,0.6540035022601631,0.5644616827357665,0.8893389851648543,1.0,0.702960074450734,0.8753219128644708,0.7239719403290941,1.0,0.7122339066972543,0.5033896550244241,1.0,0.8492170267098954,0.6093547507715628,0.9041297200713461,1.0,1.0,0.9193218141396923,1.0,0.7484447184350838,0.7368888468995675,0.7222778240696164,0.7027421084224736,0.7003590776652773,1.0,0.6757476721803977,0.78011165243646,1.0,0.8037936154253464,0.7048804871047349,0.8969299032348144,0.7648477586046611,0.702354286055423,0.9938177582185551,0.9972926803762975,0.7466919639292604,1.0,1.0,0.7886828039096243,0.8394277972547108,0.6930648516091775,0.9918374376785655,0.8229189629554452,0.6947091340037033,0.9993470015447559,1.0,0.9434864677585091,0.772351518573775,0.6834228253278369,0.7020030531371191,1.0,0.7606875354047676,0.6343113639358614,0.604382842815088,0.5635678812191314,0.7456183886682181,0.6725547247148818,1.0,0.7302255189414337,1.0,1.0,0.9981070246783267,0.6697569946928323,0.6493760828065791,0.7918065818600212,0.6295952535095226,0.6782743890067311
Kormáks saga according to AM 132 fol (Möðruvallabók),0.7955065347588446,0.7165287088298966,0.7563076594420556,0.8421490171866562,0.778793442710657,0.7978854269209104,4.3520742565306136e-14,0.71063808677592,0.7712789643765533,0.7441167822476882,0.90955192508026,1.0,0.7704958840227014,0.9049127314166918,0.8159881987396105,1.0,0.7684116011670875,0.7191957642415994,1.0,0.8754268215705098,0.7472015988082485,0.9160962608573026,1.0,1.0,0.93080152707763,1.0,0.777390091694847,0.7885983860905792,0.7688520546003558,0.7473994571728113,0.7366243754967186,1.0,0.7399902299324665,0.8212648363559399,1.0,0.8598998355723864,0.7742245729369471,0.9198212607206734,0.8245056198005994,0.7869738502123266,0.9937732788586462,0.9956113827599019,0.7625009309298449,1.0,1.0,0.888915082774241,0.9188670255682775,0.7338621966671716,0.9920372092417211,0.8693802549564013,0.85292815282506,0.9984330946680776,1.0,0.966373765329901,0.8222369003795673,0.7269559225900901,0.7204849985520669,1.0,0.8424844884183308,0.7537665415832854,0.6751942454953663,0.6689360197996344,0.8236456020275894,0.7651761014797704,1.0,0.8063924000324394,1.0,1.0,0.9967774837578469,0.7427100004294785,0.6985372127600005,0.854360190257963,0.6868795499654405,0.7647219016442526
Bandamanna saga according to AM 132 fol (Möðruvallabók),0.6750081144972186,0.5320334294108336,0.5813134298757662,0.7272130622893729,0.5733190713216384,0.6051496015263325,0.71063808677592,0.0,0.5942157847875333,0.5576499617345928,0.8532272233153984,1.0,0.6370375226362106,0.8314133435088216,0.6843136538102075,1.0,0.6364859603912384,0.5051337848466877,1.0,0.8071366133397475,0.5825767234255883,0.8742511493682007,1.0,1.0,0.8911633049489166,1.0,0.6594671266812238,0.6715279116742645,0.6494506573645139,0.616918366945576,0.5938177116756598,1.0,0.569514507477217,0.7205880756316383,1.0,0.7560518534309897,0.626180671072238,0.8722703282788475,0.7210507342470046,0.6478342197141421,0.9901141323421037,0.9929025124755185,0.6568690488975939,1.0,1.0,0.7921002685335384,0.8510740431476183,0.5473229445619023,0.9875920980765073,0.7903408742908977,0.7303244728876042,0.9979520084731902,1.0,0.9382242575005525,0.7151110784037855,0.5782319213000535,0.567589948366321,1.0,0.7286635473329938,0.5922074808130002,0.45095542014430856,0.4551191070972955,0.7084932045166346,0.6216246816335733,1.0,0.6791304164111878,1.0,1.0,0.9949128907291316,0.5872598577225776,0.5291417045626758,0.761023458535968,0.5048836521682546,0.5954362246182257
Þiðriks saga af Bern (medieval text),0.6919302095968971,0.5164596751427255,0.5668185746278731,0.7420467558881849,0.6538672683916719,0.6540035022601631,0.7712789643765533,0.5942157847875333,5.215827769688985e-13,0.6091365028665836,0.7794419136916377,1.0,0.6548077489775177,0.8148315395119397,0.654141260157066,1.0,0.5834363370398801,0.4471170879347395,1.0,0.7676642270693635,0.3443205659642089,0.8584000305184425,1.0,1.0,0.896385789766689,1.0,0.70983536845013,0.6971137162594883,0.6372310765392085,0.6457731923869274,0.5341867882670026,1.0,0.583305397790844,0.7518848205464178,1.0,0.7719029571450702,0.6744774976124459,0.8266841939136866,0.7172802313220075,0.45727108824904783,0.9898253043257913,0.9937292759693964,0.7138399700156086,1.0,1.0,0.818408811891609,0.8694821313508438,0.6269911017450318,0.9866882905820094,0.8185364260028232,0.7780503386644924,0.9986296602729773,1.0,0.9400385969821552,0.6908933078178561,0.6453830185550518,0.6434722391596062,1.0,0.6591014484045357,0.5817165639410593,0.48302051675527924,0.4432687630502645,0.72904020759439,0.6226329130397054,1.0,0.6328344706107709,1.0,1.0,0.9956354105482053,0.3486310384426514,0.5836050900298683,0.7011818032125888,0.5947843484956544,0.6838523256865139
Old Norwegian Homily Book,0.6787690576969282,0.4791350915495943,0.5567337438125228,0.7185417972056907,0.6225048257538972,0.5644616827357665,0.7441167822476882,0.5576499617345928,0.6091365028665836,0.0,0.8713016646290346,1.0,0.6205872432177422,0.8279959050803741,0.6861959199930749,1.0,0.6245950623439398,0.34168491187621164,1.0,0.7957941342411934,0.5202612373556748,0.8506708240263448,1.0,1.0,0.8103214697020238,1.0,0.6312268125624565,0.5855030883588961,0.6327961493318726,0.6341738062722984,0.5655712623181404,1.0,0.5299542637130856,0.6779211355489789,1.0,0.7360386772326888,0.49779168549485,0.8518235309969087,0.6233690657520907,0.5638967207255641,0.9934994358876483,0.9958303415523778,0.6759125851135293,1.0,1.0,0.7280525646869649,0.8023161650364531,0.5788801568895604,0.9917549280554979,0.713530611275374,0.7450210066010843,0.9992480694537256,1.0,0.8833431763517292,0.6529711658783134,0.5936861499068016,0.5714952524181517,1.0,0.6721656191091716,0.5710027808442506,0.48312037134576946,0.41275689903152724,0.6394968820731666,0.4994383792711601,1.0,0.6429265767235735,1.0,1.0,0.9970368508215977,0.5443095952778927,0.4958522426015536,0.7510197507178686,0.5456980235206206,0.615020927600127
The Kringla fragment of Óláfs saga helga,0.8584124399236887,0.7950521026298196,0.795366275231812,0.8947826490069347,0.8579444912648503,0.8893389851648543,0.90955192508026,0.8532272233153984,0.7794419136916377,0.8713016646290346,1.7763568394002505e-15,1.0,0.8505765328207477,0.8981447697912692,0.8697299800399039,1.0,0.7938026544683653,0.8229141255598074,1.0,0.8651510979004124,0.841175405790857,0.9308178654334829,1.0,1.0,0.958910026897942,1.0,0.8763632509397317,0.894446718666359,0.8293697439100209,0.8422780576365583,0.7494387649819345,1.0,0.83231563945142,0.9212040568796621,1.0,0.8989692158829518,0.8972480691744756,0.9544199096569482,0.8742153660195489,0.8585217393117898,0.9947139230110431,0.9955003766062356,0.8881555556878822,1.0,1.0,0.9328402276718614,0.9562937022179987,0.8494306383713375,0.9923134157192985,0.9474466605942204,0.907028140127291,0.9985241492327952,1.0,0.9769319465121653,0.8499281576400051,0.8667433211655319,0.865674074492363,1.0,0.9134839780152935,0.8359991879810761,0.7501690063902973,0.7809696608023873,0.9169812173572691,0.8436552265397397,1.0,0.8158358281137258,1.0,1.0,0.9972236020618994,0.7698634558305409,0.8388306945891786,0.8423151300907089,0.8484195312667107,0.8805164543901669
A fragment of Landslǫg Magnúss Hákonarsonar,1.0,1.0,1.0,1.0,1.0,1.0,1.0,1.0,1.0,1.0,1.0,1.0,1.0,1.0,1.0,1.0,1.0,1.0,1.0,1.0,1.0,1.0,1.0,1.0,1.0,1.0,1.0,1.0,1.0,1.0,1.0,1.0,1.0,1.0,1.0,1.0,1.0,1.0,1.0,1.0,1.0,1.0,1.0,1.0,1.0,1.0,1.0,1.0,1.0,1.0,1.0,1.0,1.0,1.0,1.0,1.0,1.0,1.0,1.0,1.0,1.0,1.0,1.0,1.0,1.0,1.0,1.0,1.0,1.0,1.0,1.0,1.0,1.0,1.0
Hallfreðr saga vandraskald,0.6744118718473564,0.5897517715744669,0.6171307245595241,0.7656857504816282,0.6779515647947496,0.702960074450734,0.7704958840227014,0.6370375226362106,0.6548077489775177,0.6205872432177422,0.8505765328207477,1.0,0.0,0.8511252968164956,0.7312842100211978,1.0,0.6293568012045763,0.5770154971433392,1.0,0.8004926590614962,0.6315075037795266,0.8689662122076574,1.0,1.0,0.9028664784403995,1.0,0.6924878765554612,0.7049442710218224,0.6620425726727586,0.13812406683189105,0.5980281112282789,1.0,0.6201273360411845,0.7493781933931467,1.0,0.7951139137197245,0.6808407329673327,0.8871300399693286,0.7358290072875857,0.6839616006263685,0.9919853263206974,0.9944626087982423,0.7200418447901624,1.0,1.0,0.8312557888654475,0.8785061705866173,0.6365434069242634,0.9895827525713989,0.8181260412325411,0.7952610199236371,0.9986460670513754,1.0,0.9460743337261109,0.7374143119192117,0.6589111215658678,0.6571747708749418,1.0,0.7696601053954362,0.6478699954914435,0.5433308372551391,0.543555633371581,0.745655863839766,0.6569495992042902,1.0,0.6970653118830474,1.0,1.0,0.9959863742815401,0.6218624994988173,0.5789401604671112,0.7634165035128995,0.615277561066905,0.6937292687932852
Sveinka þáttr Steinarssonar,0.8688119193359368,0.8038784753841761,0.7772508433959225,0.8896062946621631,0.8495985261211966,0.8753219128644708,0.9049127314166918,0.8314133435088216,0.8148315395119397,0.8279959050803741,0.8981447697912692,1.0,0.8511252968164956,2.9976021664879227e-15,0.8774546017885503,1.0,0.8170389002053903,0.8084659543632209,1.0,0.8685699850290699,0.8506504751888971,0.9364636860806441,1.0,1.0,0.9552189454082696,1.0,0.8615714275131512,0.8917523176273813,0.829065971117848,0.8492284710927092,0.7884442976521012,1.0,0.8164710381671875,0.9099286174576863,1.0,0.8930277644785716,0.8670739057065322,0.9592856777062265,0.8768665070662427,0.851754943768067,0.9940438976900525,0.995018460754174,0.8859622736841494,1.0,1.0,0.9214809085460449,0.9436668002489224,0.8509332686603648,0.9929389026922698,0.9361248290832288,0.9169124067565221,0.999830742861523,1.0,0.9729685593663634,0.866214398068164,0.8539093283088931,0.8544146453834705,1.0,0.9036175701878487,0.8492755594427611,0.7809746274523635,0.7872214579324908,0.9037541752852893,0.8365603810061828,1.0,0.8362461797985665,1.0,1.0,0.996314284024239,0.7972275663791383,0.8263298629412922,0.8629677615272634,0.8348370090599894,0.8687480517376257
Valdimars saga,0.7562707949786204,0.6239828018134261,0.6485185472889938,0.7868143212149621,0.7274572708949867,0.7239719403290941,0.8159881987396105,0.6843136538102075,0.654141260157066,0.6861959199930749,0.8697299800399039,1.0,0.7312842100211978,0.8774546017885503,0.0,1.0,0.6821909385734678,0.6149127062249659,1.0,0.8399101894568832,0.6798030772639692,0.895201683136506,1.0,1.0,0.9243455222962093,1.0,0.7519027112565457,0.7575849128025536,0.7129566718081635,0.7363365943124396,0.662622981442438,1.0,0.6821711291247533,0.792955704728743,1.0,0.8207520825004543,0.7391223318461342,0.8981350604823699,0.7789767425059597,0.7182772940353529,0.992405106333354,0.9957595226386019,0.7680815246377505,1.0,1.0,0.8460680915085652,0.8976249245653272,0.7032543094629341,0.9899314135024598,0.8482931524167384,0.830137381008464,0.9983238051825374,1.0,0.9526143778561093,0.7587167126853757,0.7189211071840774,0.7188833298816462,1.0,0.8027174084625706,0.671755070036351,0.6164520397763518,0.5909896084145243,0.7829242841605125,0.6833563292956242,1.0,0.7258090810894011,1.0,1.0,0.9970562947952539,0.6656133273068933,0.6487584432167427,0.7943724641913523,0.6842025397999056,0.7531815161964555
"Kristinréttir, Landslǫg Magnúss Hákonarsonar, Bǿjarlǫg Magnúss Hákonarsonar ok réttarbǿtr | Kristenrettar, 
                     Magnus Lagabøtes landslov, Magnus Lagabøtes bylov og rettarbøter",1.0,1.0,1.0,1.0,1.0,1.0,1.0,1.0,1.0,1.0,1.0,1.0,1.0,1.0,1.0,1.0,1.0,1.0,1.0,1.0,1.0,1.0,1.0,1.0,1.0,1.0,1.0,1.0,1.0,1.0,1.0,1.0,1.0,1.0,1.0,1.0,1.0,1.0,1.0,1.0,1.0,1.0,1.0,1.0,1.0,1.0,1.0,1.0,1.0,1.0,1.0,1.0,1.0,1.0,1.0,1.0,1.0,1.0,1.0,1.0,1.0,1.0,1.0,1.0,1.0,1.0,1.0,1.0,1.0,1.0,1.0,1.0,1.0,1.0
A fragment of Óláfs saga helga hin elzta,0.6910808859193134,0.5432750688744975,0.5426992841728078,0.750926978820089,0.6589293501183064,0.7122339066972543,0.7684116011670875,0.6364859603912384,0.5834363370398801,0.6245950623439398,0.7938026544683653,1.0,0.6293568012045763,0.8170389002053903,0.6821909385734678,1.0,0.0,0.5498900592445984,1.0,0.7514766939017494,0.6148886441223431,0.8600382400094274,1.0,1.0,0.897928836263604,1.0,0.6770457071455676,0.6953075601202139,0.5951226640902693,0.6554112017938456,0.5189335073747112,1.0,0.5815314909543348,0.742179588440649,1.0,0.773316410399898,0.6776128235360104,0.8831096330650282,0.7083988699982399,0.6473974954280717,0.9935113057695163,0.9958841561322644,0.7119248014506501,1.0,1.0,0.8344777220774324,0.8829403982289836,0.6122177674440805,0.9911666034013564,0.8042327987410004,0.8096927396812884,0.9979864324428318,1.0,0.9464084756044256,0.694687015972796,0.6576513841150617,0.6538447276003351,1.0,0.7615025340869602,0.6127687599166156,0.4841379582837473,0.4928208170756423,0.7370461190144008,0.623959731338258,1.0,0.641184917864476,1.0,1.0,0.99704748567286,0.5201376518386794,0.5569378063661019,0.7191500115736245,0.6204894139961004,0.7073397734108016
Barlaams ok Josaphats saga,0.6297257967937191,0.41066335697339573,0.506659569634902,0.6895058716424216,0.5595115244974584,0.5033896550244241,0.7191957642415994,0.5051337848466877,0.4471170879347395,0.34168491187621164,0.8229141255598074,1.0,0.5770154971433392,0.8084659543632209,0.6149127062249659,1.0,0.5498900592445984,4.176659018639839e-13,1.0,0.7537259037307616,0.34886761981597403,0.8290033954568891,1.0,1.0,0.8323594855970222,1.0,0.5917139599357812,0.5718737992748248,0.5759636625901245,0.589069513120132,0.4799273081534833,1.0,0.47528233346517057,0.6537930231035597,1.0,0.6977820032672634,0.5008608220095215,0.8161388154927726,0.6188189135819671,0.42118520076297916,0.9879545142849259,0.9915932893842517,0.6443822335033582,1.0,1.0,0.7052015121547135,0.7978263563911401,0.527312265973038,0.9860936572195266,0.7124329709178809,0.6983850719161726,0.9994597825066673,1.0,0.8885291749905755,0.6188744872785548,0.5527971206348259,0.5437702514222701,1.0,0.5856825425948325,0.4890403240823684,0.3960483147365521,0.3413833411209308,0.6059873215491343,0.4637091618926068,1.0,0.5880867660695472,1.0,1.0,0.9939574448719218,0.38902067875593604,0.44564939325817676,0.7343965126282814,0.5021798891023248,0.5831182739927141
Elíss saga ok Rósamundar,1.0,1.0,1.0,1.0,1.0,1.0,1.0,1.0,1.0,1.0,1.0,1.0,1.0,1.0,1.0,1.0,1.0,1.0,1.0,1.0,1.0,1.0,1.0,1.0,1.0,1.0,1.0,1.0,1.0,1.0,1.0,1.0,1.0,1.0,1.0,1.0,1.0,1.0,1.0,1.0,1.0,1.0,1.0,1.0,1.0,1.0,1.0,1.0,1.0,1.0,1.0,1.0,1.0,1.0,1.0,1.0,1.0,1.0,1.0,1.0,1.0,1.0,1.0,1.0,1.0,1.0,1.0,1.0,1.0,1.0,1.0,1.0,1.0,1.0
A fragment of Haralds saga harðráða in Heimskringla,0.8272180853591532,0.7553477322265223,0.741284078663413,0.869610068426215,0.8094363454802974,0.8492170267098954,0.8754268215705098,0.8071366133397475,0.7676642270693635,0.7957941342411934,0.8651510979004124,1.0,0.8004926590614962,0.8685699850290699,0.8399101894568832,1.0,0.7514766939017494,0.7537259037307616,1.0,1.5543122344752192e-15,0.7868163077670137,0.8983316966513518,1.0,1.0,0.9440621289201447,1.0,0.8244441061631878,0.8428484519559454,0.7839336390897418,0.8071914818910257,0.6068012611772858,1.0,0.7683054194361587,0.8543463754730025,1.0,0.8713373217785515,0.8233974019190348,0.9344235251480802,0.8383233352512531,0.7990737165659839,0.9954259151735856,0.9974001342570851,0.8425917806344096,1.0,1.0,0.9059908507367024,0.9377644909118386,0.7945109807091284,0.9941477044722061,0.8974406768832852,0.8961619050206755,0.9991388260387394,1.0,0.9729487638944317,0.8312650157934468,0.8068199906093464,0.8088919750460889,1.0,0.8669383536292761,0.7984287419866556,0.6907771310975099,0.7227579137790469,0.8587300686886435,0.7962185907306426,1.0,0.7986736416634622,1.0,1.0,0.9980222414209505,0.7249403975399247,0.7520944376222263,0.8324390846328642,0.782157824572328,0.8308239239265247
Strengleikar,0.6784841128120571,0.4884301665551882,0.5901611170455132,0.7439645536495767,0.6224948055557273,0.6093547507715628,0.7472015988082485,0.5825767234255883,0.3443205659642089,0.5202612373556748,0.841175405790857,1.0,0.6315075037795266,0.8506504751888971,0.6798030772639692,1.0,0.6148886441223431,0.34886761981597403,1.0,0.7868163077670137,6.417089082333405e-14,0.833897102600697,1.0,1.0,0.8717244501596237,1.0,0.6465866796403273,0.6163166368513002,0.6326156918487784,0.6350468902294715,0.530613550348371,1.0,0.5365293682590726,0.6983556761978711,1.0,0.7547412608670165,0.5910525245109343,0.7930096583932329,0.6969359311724798,0.37828518344178363,0.9913952267836585,0.9945418191116326,0.6775025658581877,1.0,1.0,0.7852958136605719,0.8472022620616735,0.563561603066736,0.988865590230377,0.7568021180449014,0.7376176982927691,0.99882013774022,1.0,0.9276392701356648,0.6789506892154717,0.6033794646763433,0.5968549939167682,1.0,0.5911092828616591,0.5618722053042537,0.4619896798210814,0.42222457820349546,0.6634585044469518,0.5701084903196421,1.0,0.6418404569577285,1.0,1.0,0.9965458627322533,0.3344181985481167,0.5098741940644849,0.7590665301058029,0.5623716060001255,0.636295540254646
A fragment of Fagrskinna,0.8811507683852586,0.8291292706541573,0.8600027289518878,0.9168007009493752,0.8743996868969379,0.9041297200713461,0.9160962608573026,0.8742511493682007,0.8584000305184425,0.8506708240263448,0.9308178654334829,1.0,0.8689662122076574,0.9364636860806441,0.895201683136506,1.0,0.8600382400094274,0.8290033954568891,1.0,0.8983316966513518,0.833897102600697,0.0,1.0,1.0,0.9551246562896453,1.0,0.8697522315244774,0.8798845552689382,0.8643876359682043,0.8756760832886117,0.8211054755029548,1.0,0.84361500099641,0.9008260492282542,1.0,0.9136799092082855,0.8656930031290084,0.9537889110202852,0.8918892726673235,0.8642505098529856,0.9976537208173918,0.9973882626764001,0.8887088943973451,1.0,1.0,0.9395023456617533,0.9574086250608668,0.8511887615694378,0.9971655206947795,0.9133018029504391,0.9415510687361375,0.9997754310075478,1.0,0.9769845043314058,0.8870389817815035,0.8670798088721954,0.8597442963747398,1.0,0.9034396075373158,0.8582560058045745,0.8095103439631464,0.8082581932191262,0.8929981332749328,0.8526233072326712,1.0,0.8759610111156904,1.0,1.0,0.9986476094021546,0.8421520607831738,0.8317557056277781,0.9211092195944529,0.8563159010506722,0.8859082319123448
Landslǫg Magnúss Hákonarsonar | Magnus Lagabøtes landslov,1.0,1.0,1.0,1.0,1.0,1.0,1.0,1.0,1.0,1.0,1.0,1.0,1.0,1.0,1.0,1.0,1.0,1.0,1.0,1.0,1.0,1.0,1.0,1.0,1.0,1.0,1.0,1.0,1.0,1.0,1.0,1.0,1.0,1.0,1.0,1.0,1.0,1.0,1.0,1.0,1.0,1.0,1.0,1.0,1.0,1.0,1.0,1.0,1.0,1.0,1.0,1.0,1.0,1.0,1.0,1.0,1.0,1.0,1.0,1.0,1.0,1.0,1.0,1.0,1.0,1.0,1.0,1.0,1.0,1.0,1.0,1.0,1.0,1.0
Birgitta Andersdotters bönbok,1.0,1.0,1.0,1.0,1.0,1.0,1.0,1.0,1.0,1.0,1.0,1.0,1.0,1.0,1.0,1.0,1.0,1.0,1.0,1.0,1.0,1.0,1.0,1.0,1.0,1.0,1.0,1.0,1.0,1.0,1.0,1.0,1.0,1.0,1.0,1.0,1.0,1.0,1.0,1.0,1.0,1.0,1.0,1.0,1.0,1.0,1.0,1.0,1.0,1.0,1.0,1.0,1.0,1.0,1.0,1.0,1.0,1.0,1.0,1.0,1.0,1.0,1.0,1.0,1.0,1.0,1.0,1.0,1.0,1.0,1.0,1.0,1.0,1.0
A fragment of Maríu saga,0.9215605499130642,0.8587229721775868,0.8792705244209427,0.9308936992496532,0.9025969377476226,0.9193218141396923,0.93080152707763,0.8911633049489166,0.896385789766689,0.8103214697020238,0.958910026897942,1.0,0.9028664784403995,0.9552189454082696,0.9243455222962093,1.0,0.897928836263604,0.8323594855970222,1.0,0.9440621289201447,0.8717244501596237,0.9551246562896453,1.0,1.0,0.0,1.0,0.8985139157062666,0.8763289545562903,0.9070570058581706,0.9044717550041239,0.8763956918508257,1.0,0.8664632397263331,0.915617647730301,1.0,0.9225254253329714,0.856946927463079,0.9613668611608466,0.9022911647911493,0.8786886378830856,0.9914939856469136,0.9933925519022091,0.9133146515787226,1.0,1.0,0.9351148653879382,0.9477492597211536,0.8789043564096874,0.9925131795536005,0.9173534771130838,0.9521637123898505,1.0,1.0,0.9663341674448489,0.90215697927291,0.8919617900656323,0.8765576821263182,1.0,0.9126621612191947,0.8896894440306709,0.8542744994177522,0.8409249893942411,0.8999534928828277,0.8615990631570682,1.0,0.9078261189673044,1.0,1.0,0.9962926594155547,0.8674754860670117,0.8610096593322927,0.94891436933455,0.8762262797567706,0.8954784635223485
Codex Wormianus,1.0,1.0,1.0,1.0,1.0,1.0,1.0,1.0,1.0,1.0,1.0,1.0,1.0,1.0,1.0,1.0,1.0,1.0,1.0,1.0,1.0,1.0,1.0,1.0,1.0,1.0,1.0,1.0,1.0,1.0,1.0,1.0,1.0,1.0,1.0,1.0,1.0,1.0,1.0,1.0,1.0,1.0,1.0,1.0,1.0,1.0,1.0,1.0,1.0,1.0,1.0,1.0,1.0,1.0,1.0,1.0,1.0,1.0,1.0,1.0,1.0,1.0,1.0,1.0,1.0,1.0,1.0,1.0,1.0,1.0,1.0,1.0,1.0,1.0
Hrafns saga Sveinbjarnarsonar,0.6905472239641886,0.6021745620598594,0.6610165020948149,0.7938214662780679,0.7048369762056891,0.7484447184350838,0.777390091694847,0.6594671266812238,0.70983536845013,0.6312268125624565,0.8763632509397317,1.0,0.6924878765554612,0.8615714275131512,0.7519027112565457,1.0,0.6770457071455676,0.5917139599357812,1.0,0.8244441061631878,0.6465866796403273,0.8697522315244774,1.0,1.0,0.8985139157062666,1.0,6.772360450213455e-15,0.6988030130298848,0.6930239179725017,0.7024623352822732,0.6164270102040565,1.0,0.6117933280398626,0.7424386781498048,1.0,0.7743063265055945,0.6755104976067368,0.8843045568479077,0.7525634403681991,0.7041061425890507,0.993104435326882,0.9948565472212241,0.7118063808100061,1.0,1.0,0.840428431513159,0.8903699412064435,0.6331468939704742,0.9911654121137753,0.80530788978665,0.8342439507925625,0.997800741812296,1.0,0.9498509942214589,0.7486288303790792,0.66456038625814,0.6518771257921888,1.0,0.7785971736464828,0.659280039389108,0.5594973137747508,0.5699663365558476,0.7481014192139799,0.6524267284885851,1.0,0.7170179641707867,1.0,1.0,0.9962952009773628,0.6511621453920253,0.562682572922871,0.8333353780911635,0.6249528601457827,0.7055292152662931
A fragment of Brendanuss saga,0.7461077510272838,0.6093154677291972,0.662840382584233,0.7898512820060188,0.7092349375616578,0.7368888468995675,0.7885983860905792,0.6715279116742645,0.6971137162594883,0.5855030883588961,0.894446718666359,1.0,0.7049442710218224,0.8917523176273813,0.7575849128025536,1.0,0.6953075601202139,0.5718737992748248,1.0,0.8428484519559454,0.6163166368513002,0.8798845552689382,1.0,1.0,0.8763289545562903,1.0,0.6988030130298848,0.0,0.7081454077131273,0.7121988929694522,0.6477593520252634,1.0,0.6215484483075837,0.7326734117828823,1.0,0.8070609327252699,0.6510216653851504,0.8808128459881656,0.7402499640422578,0.6848163491127236,0.9923077112372604,0.9950600217538716,0.7315957589026534,1.0,1.0,0.8267058123922393,0.8798310643997888,0.637210968848989,0.990161150451256,0.7890895804980509,0.8255072236051615,0.998861551391262,1.0,0.9467377825348917,0.7369086911637865,0.6806547749940605,0.6589105244878095,1.0,0.759351990340652,0.6632331972269394,0.5701353950561565,0.5558326077477557,0.7341195043187095,0.6583639171560501,1.0,0.7248504132836477,1.0,1.0,0.996554606048351,0.6409999686080643,0.5825551263961661,0.8107577523233758,0.6469264320388313,0.7067202780785982
Rögnvalldr ok Rauð,0.7066635113878355,0.5777952402097348,0.5899576671814877,0.7561750019563882,0.6798359212522848,0.7222778240696164,0.7688520546003558,0.6494506573645139,0.6372310765392085,0.6327961493318726,0.8293697439100209,1.0,0.6620425726727586,0.829065971117848,0.7129566718081635,1.0,0.5951226640902693,0.5759636625901245,1.0,0.7839336390897418,0.6326156918487784,0.8643876359682043,1.0,1.0,0.9070570058581706,1.0,0.6930239179725017,0.7081454077131273,0.0,0.6712197620908137,0.5695314061428094,1.0,0.6267857508533954,0.7516485920402134,1.0,0.7895792180593284,0.6951738708003997,0.8900798854364189,0.7266758612139758,0.679960711836511,0.9929127041520959,0.9955380734805124,0.722134248133107,1.0,1.0,0.8336594288857422,0.8839143423815001,0.6102378284781074,0.990512106746531,0.8197823631934112,0.8051861834196287,0.9983255845188126,1.0,0.9470786403014817,0.7162417430281008,0.661293176779189,0.6670343451515792,1.0,0.7762548441967216,0.6458844402754838,0.49219645893924235,0.534789564694965,0.758395942896193,0.6485431966524418,1.0,0.6763436158683167,1.0,1.0,0.996994172071944,0.595223623862672,0.5594259031623262,0.7355426080266753,0.6285521111936545,0.7158942757706275
Hallfreðar saga according to AM 132 fol (Möðruvallabók),0.6794657803941441,0.5995694286293678,0.6323108923004445,0.7723551177031186,0.6887213301666484,0.7027421084224736,0.7473994571728113,0.616918366945576,0.6457731923869274,0.6341738062722984,0.8422780576365583,1.0,0.13812406683189105,0.8492284710927092,0.7363365943124396,1.0,0.6554112017938456,0.589069513120132,1.0,0.8071914818910257,0.6350468902294715,0.8756760832886117,1.0,1.0,0.9044717550041239,1.0,0.7024623352822732,0.7121988929694522,0.6712197620908137,0.0,0.604597838220478,1.0,0.6274455060659786,0.7560016623676075,1.0,0.7976615328720436,0.6895609823508333,0.8898951565971812,0.7423111052023006,0.6897992087426621,0.9905251536382337,0.9937790813005789,0.7019185390855831,1.0,1.0,0.8347956505044303,0.8797041281676304,0.6395167193149262,0.9876400835229507,0.8238691279682234,0.7793056916580177,0.9985402619752628,1.0,0.9485664753511003,0.7415223213022604,0.6445620968555833,0.6435184318718425,1.0,0.7734890854184703,0.6525741542736965,0.5364833836347849,0.537394233350331,0.7592957630093445,0.6688991162945928,1.0,0.7073093296361902,1.0,1.0,0.995448934310291,0.5826146574420338,0.5950894333092169,0.7580106570184144,0.59410089352783,0.6737263151876149
Codex Frisianus,0.6540785479290411,0.45430132482545604,0.5250987467902254,0.7374498013158292,0.5904921212878473,0.7003590776652773,0.7366243754967186,0.5938177116756598,0.5341867882670026,0.5655712623181404,0.7494387649819345,1.0,0.5980281112282789,0.7884442976521012,0.662622981442438,1.0,0.5189335073747112,0.4799273081534833,1.0,0.6068012611772858,0.530613550348371,0.8211054755029548,1.0,1.0,0.8763956918508257,1.0,0.6164270102040565,0.6477593520252634,0.5695314061428094,0.604597838220478,0.0,1.0,0.506159963407588,0.6882388088658864,1.0,0.7306950384664228,0.6101576190595881,0.8282329871905503,0.6554511597392612,0.5775290198321312,0.990107945656848,0.9927375883453589,0.6469016341919642,1.0,1.0,0.8087607586709229,0.8669989248348301,0.528844700203154,0.9875721528541876,0.766797367477728,0.7905854097720577,0.9981031443876971,1.0,0.9279194421602885,0.6389161243663716,0.6010431805634815,0.58281081511197,1.0,0.7085672472454192,0.5518263599094669,0.36643250735216937,0.39190474376013906,0.6728017638266974,0.5244555045208481,1.0,0.5812369415432489,1.0,1.0,0.9946853554413986,0.46533479563597235,0.47846872247499905,0.7070464926005485,0.5577265393137978,0.6510490203346655
"Kristinréttir, Bǿjarlǫg Magnúss Hákonarsonar ok réttarbǿtr | Kristenrettar, Magnus Lagabøtes bylov og rettarbøter",1.0,1.0,1.0,1.0,1.0,1.0,1.0,1.0,1.0,1.0,1.0,1.0,1.0,1.0,1.0,1.0,1.0,1.0,1.0,1.0,1.0,1.0,1.0,1.0,1.0,1.0,1.0,1.0,1.0,1.0,1.0,1.0,1.0,1.0,1.0,1.0,1.0,1.0,1.0,1.0,1.0,1.0,1.0,1.0,1.0,1.0,1.0,1.0,1.0,1.0,1.0,1.0,1.0,1.0,1.0,1.0,1.0,1.0,1.0,1.0,1.0,1.0,1.0,1.0,1.0,1.0,1.0,1.0,1.0,1.0,1.0,1.0,1.0,1.0
Bǿjarlǫg ok Farmannalǫg Magnúss Hákonarsonar | Magnus Lagabøtes bylov og farmannslov,0.6753287563928425,0.49196564546525945,0.5601203506323182,0.7290387922108044,0.6219315567367523,0.6757476721803977,0.7399902299324665,0.569514507477217,0.583305397790844,0.5299542637130856,0.83231563945142,1.0,0.6201273360411845,0.8164710381671875,0.6821711291247533,1.0,0.5815314909543348,0.47528233346517057,1.0,0.7683054194361587,0.5365293682590726,0.84361500099641,1.0,1.0,0.8664632397263331,1.0,0.6117933280398626,0.6215484483075837,0.6267857508533954,0.6274455060659786,0.506159963407588,1.0,0.0,0.6722189805860698,1.0,0.7494890700000831,0.5846963190968115,0.8510586877096966,0.6907072125794161,0.5961215039017456,0.9900110140354913,0.9932617418269977,0.6622679442363353,1.0,1.0,0.793287823970865,0.8574581059727018,0.5413053358250175,0.9867002016128187,0.7633969826079396,0.7759599048014459,0.998427588550501,1.0,0.9278453575870254,0.6819365479039512,0.593263945915955,0.571474078152162,1.0,0.6969096232185927,0.5801549316422597,0.437015791551709,0.4370282996299083,0.6606190492857318,0.5718669254641187,1.0,0.6253359781938185,1.0,1.0,0.995262765258535,0.5227856894472883,0.4843096602628968,0.7694244636965165,0.5482263403530132,0.6335470492897735
"Ór lǽknisbók The fragment is unnamed, but Konráð Gíslason named his edition of the text
                    Úr læknisbók, which is published in Fire og fyrretyve for en stor deel forhen
                    utrykte prøver af oldnordisk sprog og literatur (1860)",0.7957802286301031,0.669873174670835,0.7332207100744909,0.8434742781378042,0.7611901127016668,0.78011165243646,0.8212648363559399,0.7205880756316383,0.7518848205464178,0.6779211355489789,0.9212040568796621,1.0,0.7493781933931467,0.9099286174576863,0.792955704728743,1.0,0.742179588440649,0.6537930231035597,1.0,0.8543463754730025,0.6983556761978711,0.9008260492282542,1.0,1.0,0.915617647730301,1.0,0.7424386781498048,0.7326734117828823,0.7516485920402134,0.7560016623676075,0.6882388088658864,1.0,0.6722189805860698,4.440892098500626e-16,1.0,0.8424025701864591,0.7175862914694805,0.8901632259544763,0.7950602017658844,0.7471862834568419,0.998006756648855,0.9990632854893537,0.7745425299623867,1.0,1.0,0.8699754302627086,0.9088767338334862,0.6979745109346002,0.996904396731019,0.8226107576890138,0.8447934668125657,0.9997786063014867,1.0,0.9628052259450497,0.7871330351665053,0.7235455591646383,0.7081692981719729,1.0,0.8022334678045668,0.7036828963343578,0.6427680797448472,0.6162211538255198,0.7633846845361697,0.7145846037809995,1.0,0.7818974284663671,1.0,1.0,0.999555577177683,0.7236998396896969,0.6466713130524002,0.8803977848214,0.697884133893556,0.7544050997018003
A fragment of Hákonar saga Hákonarsonar,1.0,1.0,1.0,1.0,1.0,1.0,1.0,1.0,1.0,1.0,1.0,1.0,1.0,1.0,1.0,1.0,1.0,1.0,1.0,1.0,1.0,1.0,1.0,1.0,1.0,1.0,1.0,1.0,1.0,1.0,1.0,1.0,1.0,1.0,1.0,1.0,1.0,1.0,1.0,1.0,1.0,1.0,1.0,1.0,1.0,1.0,1.0,1.0,1.0,1.0,1.0,1.0,1.0,1.0,1.0,1.0,1.0,1.0,1.0,1.0,1.0,1.0,1.0,1.0,1.0,1.0,1.0,1.0,1.0,1.0,1.0,1.0,1.0,1.0
A fragment of Jóns saga helga,0.8170486090300465,0.7222658883827481,0.7540838901469322,0.8566309566478707,0.7977123055710769,0.8037936154253464,0.8598998355723864,0.7560518534309897,0.7719029571450702,0.7360386772326888,0.8989692158829518,1.0,0.7951139137197245,0.8930277644785716,0.8207520825004543,1.0,0.773316410399898,0.6977820032672634,1.0,0.8713373217785515,0.7547412608670165,0.9136799092082855,1.0,1.0,0.9225254253329714,1.0,0.7743063265055945,0.8070609327252699,0.7895792180593284,0.7976615328720436,0.7306950384664228,1.0,0.7494890700000831,0.8424025701864591,1.0,0.0,0.7781969018193977,0.9268664138621707,0.8311103277933234,0.7771190149097522,0.9951562075048247,0.9961428728582795,0.8232173200515919,1.0,1.0,0.8739672142904618,0.9158112985831474,0.7639952604560869,0.9943442642455619,0.8671047649913257,0.8722040124022367,0.9994222664928225,1.0,0.9565844453586039,0.817225572315123,0.7786089660668638,0.7819604174502574,1.0,0.7896950146105832,0.7684829626746964,0.7025025560427782,0.6976764328044578,0.833433183863367,0.748763165839567,1.0,0.7443941754921729,1.0,1.0,0.9972128844966037,0.7422819720441076,0.7360363289869098,0.8562746245480646,0.7529269292974132,0.8033964340826908
A fragment of Páls saga postula,0.7359273758844428,0.567141858887903,0.6507236395454226,0.7801826245649439,0.6792726217183098,0.7048804871047349,0.7742245729369471,0.626180671072238,0.6744774976124459,0.49779168549485,0.8972480691744756,1.0,0.6808407329673327,0.8670739057065322,0.7391223318461342,1.0,0.6776128235360104,0.5008608220095215,1.0,0.8233974019190348,0.5910525245109343,0.8656930031290084,1.0,1.0,0.856946927463079,1.0,0.6755104976067368,0.6510216653851504,0.6951738708003997,0.6895609823508333,0.6101576190595881,1.0,0.5846963190968115,0.7175862914694805,1.0,0.7781969018193977,3.6637359812630166e-15,0.8718241415842682,0.6963187589198693,0.6329056093129342,0.99250425959392,0.9942011492254289,0.7153023612705391,1.0,1.0,0.8013794571525983,0.8618332513435587,0.6171894866065493,0.9912249844261471,0.7526105483514733,0.8153781042969394,0.9988849678730032,1.0,0.9067839739073882,0.7169876765804205,0.6481374304178842,0.6250176528120956,1.0,0.7277920702142491,0.6348947225367,0.5462728299580362,0.48942713836360774,0.6946377051812391,0.5964431399823549,1.0,0.7045174161182559,1.0,1.0,0.9958055341080804,0.6117440447032768,0.5589666235884756,0.829950870235378,0.6116366758060495,0.6775546175458638
Völuspá in Codex Regius,0.9033603438840965,0.8449763021471638,0.8798745830301046,0.9190919061233482,0.8891787914551423,0.8969299032348144,0.9198212607206734,0.8722703282788475,0.8266841939136866,0.8518235309969087,0.9544199096569482,1.0,0.8871300399693286,0.9592856777062265,0.8981350604823699,1.0,0.8831096330650282,0.8161388154927726,1.0,0.9344235251480802,0.7930096583932329,0.9537889110202852,1.0,1.0,0.9613668611608466,1.0,0.8843045568479077,0.8808128459881656,0.8900798854364189,0.8898951565971812,0.8282329871905503,1.0,0.8510586877096966,0.8901632259544763,1.0,0.9268664138621707,0.8718241415842682,1.1324274851176597e-14,0.9056945948859381,0.8347108725540393,0.9970798633590084,0.9968679015885644,0.8908144555795683,1.0,1.0,0.9366080906710602,0.9574196898740331,0.859613865290475,0.9945114995960428,0.9175906221380029,0.9388280365991525,0.9995963563645893,1.0,0.9737731276408736,0.901802925776589,0.8753872334809203,0.8664924420118915,1.0,0.8841775314051624,0.8691353702730653,0.8370556825456129,0.825260612192374,0.8970936644506253,0.8565361417716018,1.0,0.8966524674959221,1.0,1.0,0.9993318275905437,0.828538302085433,0.8428000979651351,0.9342810320753059,0.860679130374202,0.8913633370036074
Eiríks saga víðförla,0.7716953661745345,0.6609911204906311,0.6820399613803461,0.8111151631075826,0.7380207012232194,0.7648477586046611,0.8245056198005994,0.7210507342470046,0.7172802313220075,0.6233690657520907,0.8742153660195489,1.0,0.7358290072875857,0.8768665070662427,0.7789767425059597,1.0,0.7083988699982399,0.6188189135819671,1.0,0.8383233352512531,0.6969359311724798,0.8918892726673235,1.0,1.0,0.9022911647911493,1.0,0.7525634403681991,0.7402499640422578,0.7266758612139758,0.7423111052023006,0.6554511597392612,1.0,0.6907072125794161,0.7950602017658844,1.0,0.8311103277933234,0.6963187589198693,0.9056945948859381,0.0,0.7183090233818292,0.9952283979309821,0.9973893694242689,0.7853120402492642,1.0,1.0,0.8490575728729916,0.8980021469562258,0.7113563319723548,0.9938671534431118,0.8236407733150456,0.8514127524695475,0.9988536421543415,1.0,0.937068535835601,0.751545506360862,0.7378036600174902,0.7137185381474568,1.0,0.7962672557840352,0.713246100976844,0.6024009375720847,0.6040316446340295,0.7783368308657486,0.6908051431606048,1.0,0.7270551133474725,1.0,1.0,0.9980653818961741,0.666037775270353,0.617080339819208,0.7894775922762268,0.7095596287242641,0.7552924317923487
Thómass saga erkibiskups,0.7367431460233456,0.5584662941866931,0.6272686143598329,0.781961425895792,0.6852810056136712,0.702354286055423,0.7869738502123266,0.6478342197141421,0.45727108824904783,0.5638967207255641,0.8585217393117898,1.0,0.6839616006263685,0.851754943768067,0.7182772940353529,1.0,0.6473974954280717,0.42118520076297916,1.0,0.7990737165659839,0.37828518344178363,0.8642505098529856,1.0,1.0,0.8786886378830856,1.0,0.7041061425890507,0.6848163491127236,0.679960711836511,0.6897992087426621,0.5775290198321312,1.0,0.5961215039017456,0.7471862834568419,1.0,0.7771190149097522,0.6329056093129342,0.8347108725540393,0.7183090233818292,0.0,0.9911831303014206,0.9942748203308012,0.7341921330636276,1.0,1.0,0.8200380649910475,0.877165898134935,0.6391410780218241,0.9881685440846756,0.7848826428619912,0.8256758627375378,0.999129634281654,1.0,0.9213410519146118,0.7094521340661001,0.658834867723483,0.6496404055477292,1.0,0.6383602441343815,0.6291517456326381,0.5341045099604989,0.45758602585866703,0.695547801902631,0.5969465492322414,1.0,0.6805954545025139,1.0,1.0,0.9959586969070237,0.41464046577826885,0.5800434871246071,0.7859106630059688,0.6366921712425351,0.7083214880248523
Legenden om Barlaam och Josaphat,0.9924937246853293,0.9901916836185879,0.9896619505747435,0.9929275999254181,0.9916441893396494,0.9938177582185551,0.9937732788586462,0.9901141323421037,0.9898253043257913,0.9934994358876483,0.9947139230110431,1.0,0.9919853263206974,0.9940438976900525,0.992405106333354,1.0,0.9935113057695163,0.9879545142849259,1.0,0.9954259151735856,0.9913952267836585,0.9976537208173918,1.0,1.0,0.9914939856469136,1.0,0.993104435326882,0.9923077112372604,0.9929127041520959,0.9905251536382337,0.990107945656848,1.0,0.9900110140354913,0.998006756648855,1.0,0.9951562075048247,0.99250425959392,0.9970798633590084,0.9952283979309821,0.9911831303014206,0.0,0.7941575746006551,0.9918568834189412,1.0,1.0,0.9963614648649322,0.9963448519407164,0.9902242707242992,0.15514564449882917,0.9985778811905694,0.9948622759983792,0.9998360511316761,1.0,0.9977594842161687,0.9923395641137431,0.9920411464439541,0.9917297533472283,1.0,0.9948570014901029,0.9913459283591839,0.9880501560122161,0.9897798876370354,0.9957173180399735,0.9910691621961236,1.0,0.9926135942182723,1.0,1.0,0.7553991188915243,0.9895986554684253,0.9904371333432984,0.9949798428167524,0.9902067322458681,0.9918817155512569
Codex Runicus,0.9948286362612795,0.9933360215447967,0.9935747190694479,0.9955886270611116,0.9940055522236775,0.9972926803762975,0.9956113827599019,0.9929025124755185,0.9937292759693964,0.9958303415523778,0.9955003766062356,1.0,0.9944626087982423,0.995018460754174,0.9957595226386019,1.0,0.9958841561322644,0.9915932893842517,1.0,0.9974001342570851,0.9945418191116326,0.9973882626764001,1.0,1.0,0.9933925519022091,1.0,0.9948565472212241,0.9950600217538716,0.9955380734805124,0.9937790813005789,0.9927375883453589,1.0,0.9932617418269977,0.9990632854893537,1.0,0.9961428728582795,0.9942011492254289,0.9968679015885644,0.9973893694242689,0.9942748203308012,0.7941575746006551,1.2445600106048005e-13,0.994242094134849,1.0,1.0,0.9968726971011421,0.9980752958875405,0.9927426431218893,0.7293449262026948,0.9991524282483244,0.9972971507970623,1.0,1.0,0.9983548186794546,0.9952022672857262,0.9946686176913242,0.9946796414863439,1.0,0.9968253998810014,0.9938333121953299,0.9916366121868181,0.9921980924146633,0.9976118899282576,0.993601878779624,1.0,0.9953358456815519,1.0,1.0,0.5977696918777575,0.9928743334117076,0.9941411939286554,0.9981144101092384,0.9929264398740751,0.9941505496268666
Droplaugasona saga according to AM 132 fol (Möðruvallabók),0.747935283364723,0.640906110341576,0.6822493268654588,0.7778484837301518,0.7151452900738966,0.7466919639292604,0.7625009309298449,0.6568690488975939,0.7138399700156086,0.6759125851135293,0.8881555556878822,1.0,0.7200418447901624,0.8859622736841494,0.7680815246377505,1.0,0.7119248014506501,0.6443822335033582,1.0,0.8425917806344096,0.6775025658581877,0.8887088943973451,1.0,1.0,0.9133146515787226,1.0,0.7118063808100061,0.7315957589026534,0.722134248133107,0.7019185390855831,0.6469016341919642,1.0,0.6622679442363353,0.7745425299623867,1.0,0.8232173200515919,0.7153023612705391,0.8908144555795683,0.7853120402492642,0.7341921330636276,0.9918568834189412,0.994242094134849,0.0,1.0,1.0,0.8591883724263696,0.9011705376865012,0.6158264853592879,0.9892535233062749,0.8368842180361099,0.823968120634087,0.9973390395624477,1.0,0.9563727333892617,0.7801884758158253,0.6598855209929886,0.6434051157773673,1.0,0.7990229726097448,0.6887011973807129,0.5677818888750463,0.6010710732974047,0.779984334053394,0.6876162204970743,1.0,0.7602531284973304,1.0,1.0,0.995910028426395,0.6824781641186188,0.6136330313106158,0.8343820782298891,0.6033312652305911,0.6921462644234115
A fragment of Thómass saga erkibyskups,1.0,1.0,1.0,1.0,1.0,1.0,1.0,1.0,1.0,1.0,1.0,1.0,1.0,1.0,1.0,1.0,1.0,1.0,1.0,1.0,1.0,1.0,1.0,1.0,1.0,1.0,1.0,1.0,1.0,1.0,1.0,1.0,1.0,1.0,1.0,1.0,1.0,1.0,1.0,1.0,1.0,1.0,1.0,1.0,1.0,1.0,1.0,1.0,1.0,1.0,1.0,1.0,1.0,1.0,1.0,1.0,1.0,1.0,1.0,1.0,1.0,1.0,1.0,1.0,1.0,1.0,1.0,1.0,1.0,1.0,1.0,1.0,1.0,1.0
Landslǫg Magnúss Hákonarsonar ok Farmannalǫg | Magnus Lagabøtes landslov og Farmannslova,1.0,1.0,1.0,1.0,1.0,1.0,1.0,1.0,1.0,1.0,1.0,1.0,1.0,1.0,1.0,1.0,1.0,1.0,1.0,1.0,1.0,1.0,1.0,1.0,1.0,1.0,1.0,1.0,1.0,1.0,1.0,1.0,1.0,1.0,1.0,1.0,1.0,1.0,1.0,1.0,1.0,1.0,1.0,1.0,1.0,1.0,1.0,1.0,1.0,1.0,1.0,1.0,1.0,1.0,1.0,1.0,1.0,1.0,1.0,1.0,1.0,1.0,1.0,1.0,1.0,1.0,1.0,1.0,1.0,1.0,1.0,1.0,1.0,1.0
A fragment of Barlaams saga ok Jósafats,0.8485650757087703,0.772794462488117,0.7928950580000468,0.866638518500744,0.8295668670452324,0.7886828039096243,0.888915082774241,0.7921002685335384,0.818408811891609,0.7280525646869649,0.9328402276718614,1.0,0.8312557888654475,0.9214809085460449,0.8460680915085652,1.0,0.8344777220774324,0.7052015121547135,1.0,0.9059908507367024,0.7852958136605719,0.9395023456617533,1.0,1.0,0.9351148653879382,1.0,0.840428431513159,0.8267058123922393,0.8336594288857422,0.8347956505044303,0.8087607586709229,1.0,0.793287823970865,0.8699754302627086,1.0,0.8739672142904618,0.8013794571525983,0.9366080906710602,0.8490575728729916,0.8200380649910475,0.9963614648649322,0.9968726971011421,0.8591883724263696,1.0,1.0,5.551115123125783e-16,0.9113678128500703,0.8173272334790438,0.9954773221127932,0.8811607283153823,0.8633125168701759,0.9996713563389558,1.0,0.9607650277050763,0.8494261594162968,0.8235238899496761,0.821813164497089,1.0,0.8592815608419865,0.8048146981552813,0.7706684759053983,0.7506733903634291,0.8500734935912192,0.7972833431111834,1.0,0.833587375588448,1.0,1.0,0.9980445417806965,0.799791714473352,0.7868039131919051,0.8789094744506556,0.8009299635267956,0.8240380654204648
A fragment of Agǫtu saga,0.8872092872657645,0.8418168871907811,0.8556922686106541,0.9043248458442513,0.873558538912437,0.8394277972547108,0.9188670255682775,0.8510740431476183,0.8694821313508438,0.8023161650364531,0.9562937022179987,1.0,0.8785061705866173,0.9436668002489224,0.8976249245653272,1.0,0.8829403982289836,0.7978263563911401,1.0,0.9377644909118386,0.8472022620616735,0.9574086250608668,1.0,1.0,0.9477492597211536,1.0,0.8903699412064435,0.8798310643997888,0.8839143423815001,0.8797041281676304,0.8669989248348301,1.0,0.8574581059727018,0.9088767338334862,1.0,0.9158112985831474,0.8618332513435587,0.9574196898740331,0.8980021469562258,0.877165898134935,0.9963448519407164,0.9980752958875405,0.9011705376865012,1.0,1.0,0.9113678128500703,0.0,0.8748282362546764,0.9952344710127569,0.9247933244877269,0.8908355192541925,1.0,1.0,0.9713921043972432,0.897048374699114,0.8731661304082595,0.8756005179110027,1.0,0.9029990009321912,0.8642980646340767,0.8407307476945431,0.8258287338674729,0.9050392572955356,0.8548195102574819,1.0,0.8830500295302649,1.0,1.0,0.9982174303844427,0.8643822078055112,0.8531190138448672,0.9039166164047212,0.8554694248964512,0.8695723021399986
Zeta-fragment of Egils saga,0.682315944844392,0.5260429099273429,0.5929443513752186,0.7556612686468043,0.479126415711729,0.6930648516091775,0.7338621966671716,0.5473229445619023,0.6269911017450318,0.5788801568895604,0.8494306383713375,1.0,0.6365434069242634,0.8509332686603648,0.7032543094629341,1.0,0.6122177674440805,0.527312265973038,1.0,0.7945109807091284,0.563561603066736,0.8511887615694378,1.0,1.0,0.8789043564096874,1.0,0.6331468939704742,0.637210968848989,0.6102378284781074,0.6395167193149262,0.528844700203154,1.0,0.5413053358250175,0.6979745109346002,1.0,0.7639952604560869,0.6171894866065493,0.859613865290475,0.7113563319723548,0.6391410780218241,0.9902242707242992,0.9927426431218893,0.6158264853592879,1.0,1.0,0.8173272334790438,0.8748282362546764,3.552713678800501e-15,0.987523455840732,0.7738388100210574,0.7887004444796849,0.9978929523920412,1.0,0.9316117753443791,0.703945497048337,0.5984043586329104,0.5902649536371802,1.0,0.729046295275293,0.594074602525646,0.25467005245179564,0.4772396517116445,0.7009639872356805,0.6015531454891856,1.0,0.6723315759411098,1.0,1.0,0.9947164210236016,0.5692005205611814,0.4896191938703457,0.8003361185440522,0.5531184958293427,0.6520933280509904
"Various texts, including Eufemiavisorna",0.9901954755249012,0.9875009938994723,0.9864805139839965,0.9909303802436243,0.9895117425688633,0.9918374376785655,0.9920372092417211,0.9875920980765073,0.9866882905820094,0.9917549280554979,0.9923134157192985,1.0,0.9895827525713989,0.9929389026922698,0.9899314135024598,1.0,0.9911666034013564,0.9860936572195266,1.0,0.9941477044722061,0.988865590230377,0.9971655206947795,1.0,1.0,0.9925131795536005,1.0,0.9911654121137753,0.990161150451256,0.990512106746531,0.9876400835229507,0.9875721528541876,1.0,0.9867002016128187,0.996904396731019,1.0,0.9943442642455619,0.9912249844261471,0.9945114995960428,0.9938671534431118,0.9881685440846756,0.15514564449882917,0.7293449262026948,0.9892535233062749,1.0,1.0,0.9954773221127932,0.9952344710127569,0.987523455840732,1.7830181775480014e-13,0.9981725571510827,0.9927055791389813,0.9997115642169986,1.0,0.997581816265184,0.9902378090013605,0.9896392166866839,0.9893129688039671,1.0,0.9932854821194113,0.9878944793708438,0.9845901128829506,0.9798040512117675,0.9940452223189311,0.9882994143583926,1.0,0.9903003522594627,1.0,1.0,0.6977443949043605,0.9870964843854984,0.9871027286114005,0.9934134689907126,0.9872951712406696,0.9899203689721204
"A fragment of Gregors saga páfa and 
                            Díalógar",0.8497402614311992,0.7504655550518335,0.8049158568782534,0.8799562853487805,0.8179699321734571,0.8229189629554452,0.8693802549564013,0.7903408742908977,0.8185364260028232,0.713530611275374,0.9474466605942204,1.0,0.8181260412325411,0.9361248290832288,0.8482931524167384,1.0,0.8042327987410004,0.7124329709178809,1.0,0.8974406768832852,0.7568021180449014,0.9133018029504391,1.0,1.0,0.9173534771130838,1.0,0.80530788978665,0.7890895804980509,0.8197823631934112,0.8238691279682234,0.766797367477728,1.0,0.7633969826079396,0.8226107576890138,1.0,0.8671047649913257,0.7526105483514733,0.9175906221380029,0.8236407733150456,0.7848826428619912,0.9985778811905694,0.9991524282483244,0.8368842180361099,1.0,1.0,0.8811607283153823,0.9247933244877269,0.7738388100210574,0.9981725571510827,0.0,0.8926872954385362,1.0,1.0,0.957826082808893,0.8355277297126956,0.794327541867996,0.7791094069489336,1.0,0.8400032977643751,0.7843316047662404,0.7364029332702611,0.7029170423724688,0.8157663349821604,0.7460826567513812,1.0,0.8321808062559121,1.0,1.0,0.9994044097394593,0.7766110720965538,0.7384911468755183,0.9091369384138512,0.7777892259468927,0.8144284030728749
A fragment of Flóress saga ok Blankiflúr,0.8051242008100294,0.7407387797060256,0.7689538733243102,0.8447579415245096,0.7782459126964033,0.6947091340037033,0.85292815282506,0.7303244728876042,0.7780503386644924,0.7450210066010843,0.907028140127291,1.0,0.7952610199236371,0.9169124067565221,0.830137381008464,1.0,0.8096927396812884,0.6983850719161726,1.0,0.8961619050206755,0.7376176982927691,0.9415510687361375,1.0,1.0,0.9521637123898505,1.0,0.8342439507925625,0.8255072236051615,0.8051861834196287,0.7793056916580177,0.7905854097720577,1.0,0.7759599048014459,0.8447934668125657,1.0,0.8722040124022367,0.8153781042969394,0.9388280365991525,0.8514127524695475,0.8256758627375378,0.9948622759983792,0.9972971507970623,0.823968120634087,1.0,1.0,0.8633125168701759,0.8908355192541925,0.7887004444796849,0.9927055791389813,0.8926872954385362,0.0,0.9996099915469484,1.0,0.9688569359943477,0.835053351668884,0.7787818484262298,0.8081597237522846,1.0,0.8476529643046313,0.7668824845124789,0.7311401854001297,0.718789941155532,0.8527398108776706,0.7946676540917277,1.0,0.8272254085992589,1.0,1.0,0.998063005085488,0.7827323645103477,0.7693292192536934,0.8491092428123268,0.743004190655629,0.7687652164898804
A fragment of Rimbegla,0.9987841685041033,0.998448091479617,0.9978039565489502,0.998813676459479,0.9991258739437187,0.9993470015447559,0.9984330946680776,0.9979520084731902,0.9986296602729773,0.9992480694537256,0.9985241492327952,1.0,0.9986460670513754,0.999830742861523,0.9983238051825374,1.0,0.9979864324428318,0.9994597825066673,1.0,0.9991388260387394,0.99882013774022,0.9997754310075478,1.0,1.0,1.0,1.0,0.997800741812296,0.998861551391262,0.9983255845188126,0.9985402619752628,0.9981031443876971,1.0,0.998427588550501,0.9997786063014867,1.0,0.9994222664928225,0.9988849678730032,0.9995963563645893,0.9988536421543415,0.999129634281654,0.9998360511316761,1.0,0.9973390395624477,1.0,1.0,0.9996713563389558,1.0,0.9978929523920412,0.9997115642169986,1.0,0.9996099915469484,0.0,1.0,1.0,0.9989105102492647,0.9984815789956553,0.9981349030713663,1.0,0.9997280083693441,0.9987334957996945,0.9974316586945272,0.9989887595718118,1.0,0.9975711117045859,1.0,0.9990086003358739,1.0,1.0,1.0,0.9981571677236363,0.9975910365440951,0.997657205247093,0.9980269358973037,0.9992636479909247
A fragment of Njáls saga,1.0,1.0,1.0,1.0,1.0,1.0,1.0,1.0,1.0,1.0,1.0,1.0,1.0,1.0,1.0,1.0,1.0,1.0,1.0,1.0,1.0,1.0,1.0,1.0,1.0,1.0,1.0,1.0,1.0,1.0,1.0,1.0,1.0,1.0,1.0,1.0,1.0,1.0,1.0,1.0,1.0,1.0,1.0,1.0,1.0,1.0,1.0,1.0,1.0,1.0,1.0,1.0,1.0,1.0,1.0,1.0,1.0,1.0,1.0,1.0,1.0,1.0,1.0,1.0,1.0,1.0,1.0,1.0,1.0,1.0,1.0,1.0,1.0,1.0
A fragment of Stjórn,0.9547269513300111,0.9124443436790314,0.9389322060070658,0.9617554146295594,0.9433902585421508,0.9434864677585091,0.966373765329901,0.9382242575005525,0.9400385969821552,0.8833431763517292,0.9769319465121653,1.0,0.9460743337261109,0.9729685593663634,0.9526143778561093,1.0,0.9464084756044256,0.8885291749905755,1.0,0.9729487638944317,0.9276392701356648,0.9769845043314058,1.0,1.0,0.9663341674448489,1.0,0.9498509942214589,0.9467377825348917,0.9470786403014817,0.9485664753511003,0.9279194421602885,1.0,0.9278453575870254,0.9628052259450497,1.0,0.9565844453586039,0.9067839739073882,0.9737731276408736,0.937068535835601,0.9213410519146118,0.9977594842161687,0.9983548186794546,0.9563727333892617,1.0,1.0,0.9607650277050763,0.9713921043972432,0.9316117753443791,0.997581816265184,0.957826082808893,0.9688569359943477,1.0,1.0,2.220446049250313e-16,0.9370272098119267,0.9412346043062807,0.9431104285459377,1.0,0.9470989731282049,0.932265604909847,0.9260812316246718,0.9025957054914339,0.9440949120096135,0.9054441548289258,1.0,0.9414677258610514,1.0,1.0,0.9988133405898678,0.9284540177147985,0.9284021984944948,0.9726992353793108,0.9369641488983076,0.951850733942435
A fragment of Karlamagnúss saga,0.770177337449221,0.6299216450850977,0.6746267264257984,0.8102084294133229,0.7343618651980307,0.772351518573775,0.8222369003795673,0.7151110784037855,0.6908933078178561,0.6529711658783134,0.8499281576400051,1.0,0.7374143119192117,0.866214398068164,0.7587167126853757,1.0,0.694687015972796,0.6188744872785548,1.0,0.8312650157934468,0.6789506892154717,0.8870389817815035,1.0,1.0,0.90215697927291,1.0,0.7486288303790792,0.7369086911637865,0.7162417430281008,0.7415223213022604,0.6389161243663716,1.0,0.6819365479039512,0.7871330351665053,1.0,0.817225572315123,0.7169876765804205,0.901802925776589,0.751545506360862,0.7094521340661001,0.9923395641137431,0.9952022672857262,0.7801884758158253,1.0,1.0,0.8494261594162968,0.897048374699114,0.703945497048337,0.9902378090013605,0.8355277297126956,0.835053351668884,0.9989105102492647,1.0,0.9370272098119267,3.885780586188048e-15,0.7317215110717823,0.7244002464922918,1.0,0.799725991376931,0.6915428073168746,0.614262203116624,0.5848352575652349,0.7822031265357585,0.6712451256706928,1.0,0.7162747977160915,1.0,1.0,0.9967864484912073,0.656835695584947,0.6593007421432764,0.7953478301211467,0.7041875009655052,0.7589686062488944
Finnboga saga according to AM 132 fol (Möðruvallabók),0.696201176931877,0.5586212877413245,0.6296194736127162,0.7670133848258371,0.6722238401073095,0.6834228253278369,0.7269559225900901,0.5782319213000535,0.6453830185550518,0.5936861499068016,0.8667433211655319,1.0,0.6589111215658678,0.8539093283088931,0.7189211071840774,1.0,0.6576513841150617,0.5527971206348259,1.0,0.8068199906093464,0.6033794646763433,0.8670798088721954,1.0,1.0,0.8919617900656323,1.0,0.66456038625814,0.6806547749940605,0.661293176779189,0.6445620968555833,0.6010431805634815,1.0,0.593263945915955,0.7235455591646383,1.0,0.7786089660668638,0.6481374304178842,0.8753872334809203,0.7378036600174902,0.658834867723483,0.9920411464439541,0.9946686176913242,0.6598855209929886,1.0,1.0,0.8235238899496761,0.8731661304082595,0.5984043586329104,0.9896392166866839,0.794327541867996,0.7787818484262298,0.9984815789956553,1.0,0.9412346043062807,0.7317215110717823,0.0,0.5655645655954189,1.0,0.7473506358051264,0.6238509534331027,0.5165969358274525,0.4916130098806655,0.7180495303849659,0.6351275164275447,1.0,0.702400553449213,1.0,1.0,0.9962980191482002,0.6105629581664642,0.5410365681621199,0.796569444389907,0.5547966459282536,0.6493458984318232
Fóstbræðra saga according to AM 132 fol (Möðruvallabók),0.7067917065401299,0.5514939779111918,0.6229755029631878,0.7658492436111006,0.6680301273677252,0.7020030531371191,0.7204849985520669,0.567589948366321,0.6434722391596062,0.5714952524181517,0.865674074492363,1.0,0.6571747708749418,0.8544146453834705,0.7188833298816462,1.0,0.6538447276003351,0.5437702514222701,1.0,0.8088919750460889,0.5968549939167682,0.8597442963747398,1.0,1.0,0.8765576821263182,1.0,0.6518771257921888,0.6589105244878095,0.6670343451515792,0.6435184318718425,0.58281081511197,1.0,0.571474078152162,0.7081692981719729,1.0,0.7819604174502574,0.6250176528120956,0.8664924420118915,0.7137185381474568,0.6496404055477292,0.9917297533472283,0.9946796414863439,0.6434051157773673,1.0,1.0,0.821813164497089,0.8756005179110027,0.5902649536371802,0.9893129688039671,0.7791094069489336,0.8081597237522846,0.9981349030713663,1.0,0.9431104285459377,0.7244002464922918,0.5655645655954189,6.217248937900877e-15,1.0,0.739659353874168,0.6224820263362846,0.4930434684414077,0.48030917170607434,0.7051862890348328,0.6239885977855606,1.0,0.6936855129564328,1.0,1.0,0.996126790564321,0.5678606127418859,0.5249217912326811,0.8051335959539846,0.5526687605005949,0.6398861563315164
Vǫluspá in Hauksbók,1.0,1.0,1.0,1.0,1.0,1.0,1.0,1.0,1.0,1.0,1.0,1.0,1.0,1.0,1.0,1.0,1.0,1.0,1.0,1.0,1.0,1.0,1.0,1.0,1.0,1.0,1.0,1.0,1.0,1.0,1.0,1.0,1.0,1.0,1.0,1.0,1.0,1.0,1.0,1.0,1.0,1.0,1.0,1.0,1.0,1.0,1.0,1.0,1.0,1.0,1.0,1.0,1.0,1.0,1.0,1.0,1.0,1.0,1.0,1.0,1.0,1.0,1.0,1.0,1.0,1.0,1.0,1.0,1.0,1.0,1.0,1.0,1.0,1.0
Konungs skuggsjá,0.8050956105286518,0.6834169790414666,0.740244952579956,0.8389724837813636,0.7621943225567098,0.7606875354047676,0.8424844884183308,0.7286635473329938,0.6591014484045357,0.6721656191091716,0.9134839780152935,1.0,0.7696601053954362,0.9036175701878487,0.8027174084625706,1.0,0.7615025340869602,0.5856825425948325,1.0,0.8669383536292761,0.5911092828616591,0.9034396075373158,1.0,1.0,0.9126621612191947,1.0,0.7785971736464828,0.759351990340652,0.7762548441967216,0.7734890854184703,0.7085672472454192,1.0,0.6969096232185927,0.8022334678045668,1.0,0.7896950146105832,0.7277920702142491,0.8841775314051624,0.7962672557840352,0.6383602441343815,0.9948570014901029,0.9968253998810014,0.7990229726097448,1.0,1.0,0.8592815608419865,0.9029990009321912,0.729046295275293,0.9932854821194113,0.8400032977643751,0.8476529643046313,0.9997280083693441,1.0,0.9470989731282049,0.799725991376931,0.7473506358051264,0.739659353874168,1.0,0.0,0.7287162768233251,0.6658223261439785,0.6271531870934729,0.7670277501302554,0.7242530994916312,1.0,0.7792776251313905,1.0,1.0,0.9976556410463294,0.6289230046263081,0.6864983138383015,0.8568995900645273,0.7226713158160016,0.7686418249888156
Trójumanna saga,0.6916457226691186,0.4778006046949054,0.5985817736449075,0.7495497018059316,0.6447272763876126,0.6343113639358614,0.7537665415832854,0.5922074808130002,0.5817165639410593,0.5710027808442506,0.8359991879810761,1.0,0.6478699954914435,0.8492755594427611,0.671755070036351,1.0,0.6127687599166156,0.4890403240823684,1.0,0.7984287419866556,0.5618722053042537,0.8582560058045745,1.0,1.0,0.8896894440306709,1.0,0.659280039389108,0.6632331972269394,0.6458844402754838,0.6525741542736965,0.5518263599094669,1.0,0.5801549316422597,0.7036828963343578,1.0,0.7684829626746964,0.6348947225367,0.8691353702730653,0.713246100976844,0.6291517456326381,0.9913459283591839,0.9938333121953299,0.6887011973807129,1.0,1.0,0.8048146981552813,0.8642980646340767,0.594074602525646,0.9878944793708438,0.7843316047662404,0.7668824845124789,0.9987334957996945,1.0,0.932265604909847,0.6915428073168746,0.6238509534331027,0.6224820263362846,1.0,0.7287162768233251,0.0,0.48753449968588025,0.42712134228599274,0.6959754182154165,0.5832391308568385,1.0,0.6578431078647855,1.0,1.0,0.9956064408543082,0.5693748811163335,0.5416118149223748,0.7767480583776065,0.5812516137509913,0.6634534859438805
Egils saga Skalla-Grímssonar in Wolfenbüttelbók,0.5973463906918337,0.39618008588721787,0.4647706617414602,0.6859805323187449,0.3671961756903921,0.604382842815088,0.6751942454953663,0.45095542014430856,0.48302051675527924,0.48312037134576946,0.7501690063902973,1.0,0.5433308372551391,0.7809746274523635,0.6164520397763518,1.0,0.4841379582837473,0.3960483147365521,1.0,0.6907771310975099,0.4619896798210814,0.8095103439631464,1.0,1.0,0.8542744994177522,1.0,0.5594973137747508,0.5701353950561565,0.49219645893924235,0.5364833836347849,0.36643250735216937,1.0,0.437015791551709,0.6427680797448472,1.0,0.7025025560427782,0.5462728299580362,0.8370556825456129,0.6024009375720847,0.5341045099604989,0.9880501560122161,0.9916366121868181,0.5677818888750463,1.0,1.0,0.7706684759053983,0.8407307476945431,0.25467005245179564,0.9845901128829506,0.7364029332702611,0.7311401854001297,0.9974316586945272,1.0,0.9260812316246718,0.614262203116624,0.5165969358274525,0.4930434684414077,1.0,0.6658223261439785,0.48753449968588025,0.0,0.325799146342318,0.6372561309621775,0.5018362152119302,1.0,0.5498201494457906,1.0,1.0,0.9939479312681473,0.39659293462795064,0.3893244567421348,0.6870912587719177,0.4620800302441723,0.5690719828241316
Alexanders saga,0.6150058689181552,0.3410109006726958,0.4660170982110561,0.6835777519410727,0.5431893409892399,0.5635678812191314,0.6689360197996344,0.4551191070972955,0.4432687630502645,0.41275689903152724,0.7809696608023873,1.0,0.543555633371581,0.7872214579324908,0.5909896084145243,1.0,0.4928208170756423,0.3413833411209308,1.0,0.7227579137790469,0.42222457820349546,0.8082581932191262,1.0,1.0,0.8409249893942411,1.0,0.5699663365558476,0.5558326077477557,0.534789564694965,0.537394233350331,0.39190474376013895,1.0,0.4370282996299083,0.6162211538255198,1.0,0.6976764328044578,0.48942713836360774,0.825260612192374,0.6040316446340295,0.45758602585866703,0.9897798876370354,0.9921980924146633,0.6010710732974047,1.0,1.0,0.7506733903634291,0.8258287338674729,0.4772396517116445,0.9798040512117675,0.7029170423724688,0.718789941155532,0.9989887595718118,1.0,0.9025957054914339,0.5848352575652349,0.4916130098806655,0.48030917170607434,1.0,0.6271531870934729,0.42712134228599274,0.325799146342318,0.0,0.5799458064423422,0.45264106435257445,1.0,0.5447367870144008,1.0,1.0,0.9949966995206009,0.39888731552237755,0.392203713915773,0.693455257838959,0.443465893502765,0.5508044119762197
A fragment of Konungs skuggsjá,0.7912380795583731,0.6359826940543148,0.7243856803741607,0.8237806588726434,0.7481440669310545,0.7456183886682181,0.8236456020275894,0.7084932045166346,0.72904020759439,0.6394968820731666,0.9169812173572691,1.0,0.745655863839766,0.9037541752852893,0.7829242841605125,1.0,0.7370461190144008,0.6059873215491343,1.0,0.8587300686886435,0.6634585044469518,0.8929981332749328,1.0,1.0,0.8999534928828277,1.0,0.7481014192139799,0.7341195043187095,0.758395942896193,0.7592957630093445,0.6728017638266974,1.0,0.6606190492857318,0.7633846845361697,1.0,0.833433183863367,0.6946377051812391,0.8970936644506253,0.7783368308657486,0.695547801902631,0.9957173180399735,0.9976118899282576,0.779984334053394,1.0,1.0,0.8500734935912192,0.9050392572955356,0.7009639872356805,0.9940452223189311,0.8157663349821604,0.8527398108776706,1.0,1.0,0.9440949120096135,0.7822031265357585,0.7180495303849659,0.7051862890348328,1.0,0.7670277501302554,0.6959754182154165,0.6372561309621775,0.5799458064423422,2.3314683517128287e-15,0.6901865776850323,1.0,0.7641449084619149,1.0,1.0,0.997930156568139,0.6875669344500122,0.6450709861982045,0.868694901951049,0.6995722338159209,0.7508602479674231
Reynistaðarbók,0.694846207765019,0.49406960073089967,0.6039646310149658,0.7593965500746449,0.6517052490282035,0.6725547247148818,0.7651761014797704,0.6216246816335733,0.6226329130397054,0.4994383792711601,0.8436552265397397,1.0,0.6569495992042902,0.8365603810061828,0.6833563292956242,1.0,0.623959731338258,0.4637091618926068,1.0,0.7962185907306426,0.5701084903196421,0.8526233072326712,1.0,1.0,0.8615990631570682,1.0,0.6524267284885851,0.6583639171560501,0.6485431966524418,0.6688991162945928,0.5244555045208481,1.0,0.5718669254641187,0.7145846037809995,1.0,0.748763165839567,0.5964431399823549,0.8565361417716018,0.6908051431606048,0.5969465492322414,0.9910691621961236,0.993601878779624,0.6876162204970743,1.0,1.0,0.7972833431111834,0.8548195102574819,0.6015531454891856,0.9882994143583926,0.7460826567513812,0.7946676540917277,0.9975711117045859,1.0,0.9054441548289258,0.6712451256706928,0.6351275164275447,0.6239885977855606,1.0,0.7242530994916312,0.5832391308568385,0.5018362152119302,0.45264106435257445,0.6901865776850323,0.0,1.0,0.6514575519343492,1.0,1.0,0.9951237428401261,0.5730748662144338,0.5347907978546337,0.7818852450710008,0.5984557170835945,0.6766617408966753
Landslǫg Magnúss Hákonarsonar and amendments (skipan) | Magnus Lagabøtes landslov og rettarbøter (skipan),1.0,1.0,1.0,1.0,1.0,1.0,1.0,1.0,1.0,1.0,1.0,1.0,1.0,1.0,1.0,1.0,1.0,1.0,1.0,1.0,1.0,1.0,1.0,1.0,1.0,1.0,1.0,1.0,1.0,1.0,1.0,1.0,1.0,1.0,1.0,1.0,1.0,1.0,1.0,1.0,1.0,1.0,1.0,1.0,1.0,1.0,1.0,1.0,1.0,1.0,1.0,1.0,1.0,1.0,1.0,1.0,1.0,1.0,1.0,1.0,1.0,1.0,1.0,1.0,1.0,1.0,1.0,1.0,1.0,1.0,1.0,1.0,1.0,1.0
Dámusta saga,0.7313015188251825,0.5839260623978403,0.617991921958591,0.7728642157336297,0.7041730858869144,0.7302255189414337,0.8063924000324394,0.6791304164111878,0.6328344706107709,0.6429265767235735,0.8158358281137258,1.0,0.6970653118830474,0.8362461797985665,0.7258090810894011,1.0,0.641184917864476,0.5880867660695472,1.0,0.7986736416634622,0.6418404569577285,0.8759610111156904,1.0,1.0,0.9078261189673044,1.0,0.7170179641707867,0.7248504132836477,0.6763436158683167,0.7073093296361902,0.5812369415432489,1.0,0.6253359781938185,0.7818974284663671,1.0,0.7443941754921729,0.7045174161182559,0.8966524674959221,0.7270551133474725,0.6805954545025139,0.9926135942182723,0.9953358456815519,0.7602531284973304,1.0,1.0,0.833587375588448,0.8830500295302649,0.6723315759411098,0.9903003522594627,0.8321808062559121,0.8272254085992589,0.9990086003358739,1.0,0.9414677258610514,0.7162747977160915,0.702400553449213,0.6936855129564328,1.0,0.7792776251313905,0.6578431078647855,0.5498201494457906,0.5447367870144008,0.7641449084619149,0.6514575519343492,1.0,1.8207657603852567e-14,1.0,1.0,0.9966576338208315,0.6050515775680023,0.6172869399062442,0.7368621782506828,0.6693718878062738,0.7293017429928665
Thómass saga erkibyskups,1.0,1.0,1.0,1.0,1.0,1.0,1.0,1.0,1.0,1.0,1.0,1.0,1.0,1.0,1.0,1.0,1.0,1.0,1.0,1.0,1.0,1.0,1.0,1.0,1.0,1.0,1.0,1.0,1.0,1.0,1.0,1.0,1.0,1.0,1.0,1.0,1.0,1.0,1.0,1.0,1.0,1.0,1.0,1.0,1.0,1.0,1.0,1.0,1.0,1.0,1.0,1.0,1.0,1.0,1.0,1.0,1.0,1.0,1.0,1.0,1.0,1.0,1.0,1.0,1.0,1.0,1.0,1.0,1.0,1.0,1.0,1.0,1.0,1.0
Two fragments of Njáls saga,1.0,1.0,1.0,1.0,1.0,1.0,1.0,1.0,1.0,1.0,1.0,1.0,1.0,1.0,1.0,1.0,1.0,1.0,1.0,1.0,1.0,1.0,1.0,1.0,1.0,1.0,1.0,1.0,1.0,1.0,1.0,1.0,1.0,1.0,1.0,1.0,1.0,1.0,1.0,1.0,1.0,1.0,1.0,1.0,1.0,1.0,1.0,1.0,1.0,1.0,1.0,1.0,1.0,1.0,1.0,1.0,1.0,1.0,1.0,1.0,1.0,1.0,1.0,1.0,1.0,1.0,1.0,1.0,1.0,1.0,1.0,1.0,1.0,1.0
Virgin Mary’s complaint,0.9965628631592726,0.9951397888711221,0.9953436648851284,0.9968343098091315,0.9955484180613142,0.9981070246783267,0.9967774837578469,0.9949128907291316,0.9956354105482053,0.9970368508215977,0.9972236020618994,1.0,0.9959863742815401,0.996314284024239,0.9970562947952539,1.0,0.99704748567286,0.9939574448719218,1.0,0.9980222414209505,0.9965458627322533,0.9986476094021546,1.0,1.0,0.9962926594155547,1.0,0.9962952009773628,0.996554606048351,0.996994172071944,0.995448934310291,0.9946853554413986,1.0,0.995262765258535,0.999555577177683,1.0,0.9972128844966037,0.9958055341080804,0.9993318275905437,0.9980653818961741,0.9959586969070237,0.7553991188915243,0.5977696918777575,0.995910028426395,1.0,1.0,0.9980445417806965,0.9982174303844427,0.9947164210236016,0.6977443949043605,0.9994044097394593,0.998063005085488,1.0,1.0,0.9988133405898678,0.9967864484912073,0.9962980191482002,0.996126790564321,1.0,0.9976556410463294,0.9956064408543082,0.9939479312681473,0.9949966995206009,0.997930156568139,0.9951237428401261,1.0,0.9966576338208315,1.0,1.0,4.6629367034256575e-15,0.9946220612522166,0.9957023258672831,0.998627770478713,0.995103304928086,0.995785306131932
Óláfs saga ins helga (legendary version),0.6759820495927,0.4857597278613397,0.5270926187225563,0.7340948341045304,0.6224856926056304,0.6697569946928323,0.7427100004294785,0.5872598577225776,0.3486310384426514,0.5443095952778927,0.7698634558305409,1.0,0.6218624994988173,0.7972275663791383,0.6656133273068933,1.0,0.5201376518386794,0.38902067875593604,1.0,0.7249403975399247,0.3344181985481167,0.8421520607831738,1.0,1.0,0.8674754860670117,1.0,0.6511621453920253,0.6409999686080643,0.595223623862672,0.5826146574420338,0.46533479563597235,1.0,0.5227856894472883,0.7236998396896969,1.0,0.7422819720441076,0.6117440447032768,0.828538302085433,0.666037775270353,0.41464046577826885,0.9895986554684253,0.9928743334117076,0.6824781641186188,1.0,1.0,0.799791714473352,0.8643822078055112,0.5692005205611814,0.9870964843854984,0.7766110720965538,0.7827323645103477,0.9981571677236363,1.0,0.9284540177147985,0.656835695584947,0.6105629581664642,0.5678606127418859,1.0,0.6289230046263081,0.5693748811163335,0.39659293462795064,0.39888731552237755,0.6875669344500122,0.5730748662144338,1.0,0.6050515775680023,1.0,1.0,0.9946220612522166,0.0,0.511261826005313,0.6930515259410912,0.5699637287353891,0.6614849150542765
Eiríks saga rauða,0.610786872417054,0.4542868359162596,0.5176322235900954,0.7129408243716473,0.5600822183684344,0.6493760828065791,0.6985372127600005,0.5291417045626758,0.5836050900298683,0.4958522426015536,0.8388306945891786,1.0,0.5789401604671112,0.8263298629412922,0.6487584432167427,1.0,0.5569378063661019,0.44564939325817676,1.0,0.7520944376222263,0.5098741940644849,0.8317557056277781,1.0,1.0,0.8610096593322927,1.0,0.562682572922871,0.5825551263961661,0.5594259031623262,0.5950894333092169,0.47846872247499905,1.0,0.4843096602628968,0.6466713130524002,1.0,0.7360363289869098,0.5589666235884756,0.8428000979651351,0.617080339819208,0.5800434871246071,0.9904371333432984,0.9941411939286554,0.6136330313106158,1.0,1.0,0.7868039131919051,0.8531190138448672,0.4896191938703457,0.9871027286114005,0.7384911468755183,0.7693292192536934,0.9975910365440951,1.0,0.9284021984944948,0.6593007421432764,0.5410365681621199,0.5249217912326811,1.0,0.6864983138383015,0.5416118149223748,0.3893244567421348,0.392203713915773,0.6450709861982045,0.5347907978546337,1.0,0.6172869399062442,1.0,1.0,0.9957023258672831,0.511261826005313,2.7644553313166398e-14,0.7632022807059284,0.4920072999435485,0.6040204556306111
Stúfs þáttr Kattarsonar,0.7730918048956508,0.7309994968534212,0.6731644869466806,0.7969928174397373,0.7930882463395802,0.7918065818600212,0.854360190257963,0.761023458535968,0.7011818032125888,0.7510197507178686,0.8423151300907089,1.0,0.7634165035128995,0.8629677615272634,0.7943724641913523,1.0,0.7191500115736245,0.7343965126282814,1.0,0.8324390846328642,0.7590665301058029,0.9211092195944529,1.0,1.0,0.94891436933455,1.0,0.8333353780911635,0.8107577523233758,0.7355426080266753,0.7580106570184144,0.7070464926005485,1.0,0.7694244636965165,0.8803977848214,1.0,0.8562746245480646,0.829950870235378,0.9342810320753059,0.7894775922762268,0.7859106630059688,0.9949798428167524,0.9981144101092384,0.8343820782298891,1.0,1.0,0.8789094744506556,0.9039166164047212,0.8003361185440522,0.9934134689907126,0.9091369384138512,0.8491092428123268,0.997657205247093,1.0,0.9726992353793108,0.7953478301211467,0.796569444389907,0.8051335959539846,1.0,0.8568995900645273,0.7767480583776065,0.6870912587719177,0.693455257838959,0.868694901951049,0.7818852450710008,1.0,0.7368621782506828,1.0,1.0,0.998627770478713,0.6930515259410912,0.7632022807059284,5.88418203051333e-15,0.7452478954102486,0.8022901424252442
Víga-Glúms saga according to AM 132 fol (Möðruvallabók),0.657936922007675,0.5104747495989559,0.5770803350640669,0.7258194329852132,0.6205817983506302,0.6295952535095226,0.6868795499654405,0.5048836521682546,0.5947843484956544,0.5456980235206206,0.8484195312667107,1.0,0.615277561066905,0.8348370090599894,0.6842025397999056,1.0,0.6204894139961004,0.5021798891023248,1.0,0.782157824572328,0.5623716060001255,0.8563159010506722,1.0,1.0,0.8762262797567706,1.0,0.6249528601457827,0.6469264320388313,0.6285521111936545,0.59410089352783,0.5577265393137978,1.0,0.5482263403530132,0.697884133893556,1.0,0.7529269292974132,0.6116366758060495,0.860679130374202,0.7095596287242641,0.6366921712425351,0.9902067322458681,0.9929264398740751,0.6033312652305911,1.0,1.0,0.8009299635267956,0.8554694248964512,0.5531184958293427,0.9872951712406696,0.7777892259468927,0.743004190655629,0.9980269358973037,1.0,0.9369641488983076,0.7041875009655052,0.5547966459282536,0.5526687605005949,1.0,0.7226713158160016,0.5812516137509913,0.4620800302441723,0.443465893502765,0.6995722338159209,0.5984557170835945,1.0,0.6693718878062738,1.0,1.0,0.995103304928086,0.5699637287353891,0.4920072999435485,0.7452478954102486,0.0,0.5858247263264448
Ölkofra þáttur according to AM 132 fol (Möðruvallabók),0.7199376821199993,0.608170093999939,0.6572467273987013,0.777999453212413,0.6821882255653611,0.6782743890067311,0.7647219016442526,0.5954362246182257,0.6838523256865139,0.615020927600127,0.8805164543901669,1.0,0.6937292687932852,0.8687480517376257,0.7531815161964555,1.0,0.7073397734108016,0.5831182739927141,1.0,0.8308239239265247,0.636295540254646,0.8859082319123448,1.0,1.0,0.8954784635223485,1.0,0.7055292152662931,0.7067202780785982,0.7158942757706275,0.6737263151876149,0.6510490203346655,1.0,0.6335470492897735,0.7544050997018003,1.0,0.8033964340826908,0.6775546175458638,0.8913633370036074,0.7552924317923487,0.7083214880248523,0.9918817155512569,0.9941505496268666,0.6921462644234115,1.0,1.0,0.8240380654204648,0.8695723021399986,0.6520933280509904,0.9899203689721204,0.8144284030728749,0.7687652164898804,0.9992636479909247,1.0,0.951850733942435,0.7589686062488944,0.6493458984318232,0.6398861563315164,1.0,0.7686418249888156,0.6634534859438805,0.5690719828241316,0.5508044119762197,0.7508602479674231,0.6766617408966753,1.0,0.7293017429928665,1.0,1.0,0.995785306131932,0.6614849150542765,0.6040204556306111,0.8022901424252442,0.5858247263264448,8.215650382226158e-15
