,Gunnlaugs saga Ormstungu-AM 557 4to,Breta sǫgur-AM 573 4to,Karls þáttr vesæla-AM 557 4to,Hróa þáttr heimska-AM 557 4to,Old Norwegian Homily Book-AM 619 4to,Theta-fragment of Egils saga-AM 162 A θ fol.,Prosper’s Epigrams-AM 677 4to,Pamphilus saga-DG 4-7,Kormáks saga according to AM 132 fol (Möðruvallabók)-AM 132 fol (120vb.21–129rb.7),Bandamanna saga according to AM 132 fol (Möðruvallabók)-AM 132 fol (114ra.41–120vb.21),The Kringla fragment of Óláfs saga helga-Lbs fragm. 82,A fragment of Landslǫg Magnúss Hákonarsonar-NRA norr fragm 7,Hallfreðr saga vandraskald-AM 557 4to,Sveinka þáttr Steinarssonar-AM 557 4to,Valdimars saga-AM 557 4to,A fragment of Óláfs saga helga hin elzta-NRA norr fragm 52,A fragment of Haralds saga harðráða in Heimskringla-NRA norr fragm 53,A fragment of Fagrskinna-NRA norr fragm 51,A fragment of Maríu saga-NRA norr fragm 78,Hrafns saga Sveinbjarnarsonar-AM 557 4to,A fragment of Brendanuss saga-NRA norr fragm 68,Rögnvalldr ok Rauð-AM 557 4to,Hallfreðar saga according to AM 132 fol (Möðruvallabók)-AM 132 fol (149va.32–156rb.10),Codex Frisianus-AM 45 fol.,Gregory’s Homilies on the Gospels-AM 677 4to,Bǿjarlǫg ok Farmannalǫg Magnúss Hákonarsonar | Magnus Lagabøtes bylov og farmannslov-Holm perg 34 4to,"Ór lǽknisbók The fragment is unnamed, but Konráð Gíslason named his edition of the text
                    Úr læknisbók, which is published in Fire og fyrretyve for en stor deel forhen
                    utrykte prøver af oldnordisk sprog og literatur (1860)-AM 655 XXX 4to",A fragment of Hákonar saga Hákonarsonar-NRA norr fragm 55 B,A fragment of Jóns saga helga-NRA norr fragm 57,A fragment of Páls saga postula-NRA norr fragm 80,Völuspá in Codex Regius-GKS 2365 4to,Landslǫg Magnúss Hákonarsonar | Magnus Lagabøtes landslov-Holm perg 34 4to,Eiríks saga víðförla-AM 557 4to,Droplaugasona saga according to AM 132 fol (Möðruvallabók)-AM 132 fol (141va.3–147vb.4),A fragment of Barlaams saga ok Jósafats-NRA norr fragm 64,A fragment of Agǫtu saga-NRA norr fragm 70,Zeta-fragment of Egils saga-AM 162 A ζ fol.,"A fragment of Gregors saga páfa and 
                            Díalógar-NRA norr fragm 71",A fragment of Flóress saga ok Blankiflúr-NRA norr fragm 65,A fragment of Rimbegla-NRA norr fragm 59,A fragment of Njáls saga-AM 162 B α fol,A fragment of Stjórn-NRA norr fragm 60 C,A fragment of Karlamagnúss saga-NRA norr fragm 61,Finnboga saga according to AM 132 fol (Möðruvallabók)-AM 132 fol (100ra.1–114ra.41),De xii abusivis saeculi-AM 677 4to,Fóstbræðra saga according to AM 132 fol (Möðruvallabók)-AM 132 fol (198rb.8–201vb.41),De virtutibus et vitiis-AM 619 4to,A fragment of Stjórn-NRA norr fragm 60 B,A fragment of Karlamagnúss saga-NRA norr fragm 62,A fragment of Karlamagnúss saga-NRA norr fragm 63,A fragment of Stjórn-NRA norr fragm 60 A,Trójumanna saga-AM 573 4to,Egils saga Skalla-Grímssonar in Wolfenbüttelbók-WolfAug 9 10 4to,Alexanders saga-AM 519 a 4to,A fragment of Konungs skuggsjá-NRA norr fragm 58 B,A fragment of Konungs skuggsjá-AM 1056 IX 4to,Reynistaðarbók-AM 764 4to,A fragment of Konungs skuggsjá-NRA norr fragm 58 C,Dámusta saga-AM 557 4to,A fragment of Konungs skuggsjá-NRA norr fragm 58 A,Two fragments of Njáls saga-AM 162 B θ fol,"De xii abusivis saeculi, Prosper’s Epigrams, Gregory’s Homilies on the Gospels, Gregory’s Dialogues-AM 677 4to",Eiríks saga rauða-AM 557 4to,Stúfs þáttr Kattarsonar-AM 557 4to,A fragment of Konungs skuggsjá-NKS 235 g 4to,Víga-Glúms saga according to AM 132 fol (Möðruvallabók)-AM 132 fol (129rb.8–141va.32),Ölkofra þáttur according to AM 132 fol (Möðruvallabók)-AM 132 fol (147vb.5–149va.31)
Gunnlaugs saga Ormstungu-AM 557 4to,0.0,0.14328269870968324,0.22378798362524088,0.31961461261795066,0.26090068980129266,0.3095640434483181,0.36966648605986163,0.29144771044788886,0.15590312265603268,0.18491444141554292,0.31049083895728047,0.36172413718846996,0.1312147312232601,0.46927287026709197,0.3070514090957932,0.2200569077362875,0.4790648374882148,0.5024819230915076,0.3311081169202996,0.22455853201652487,0.39776661875970365,0.2120959345057123,0.13234771859746886,0.17477183263689966,0.388592575553268,0.32129720799762784,0.4386384974043035,0.4672796071783857,0.2703038129628068,0.3504825643271883,0.5479938930160215,0.3079832657339543,0.3881205032736601,0.14862747133898224,0.4363431526818873,0.645789091073766,0.27604579626861336,0.5469925396095845,0.42015866577234473,0.4054184070644554,0.3554668688861604,0.46306493106085644,0.3744230315201046,0.11747516740855801,0.5574845510801434,0.19061376899631433,0.28605994998604634,0.5444212764536966,0.30749171495063987,0.274527113273506,0.5796905660810505,0.18382494575275588,0.15179291559132557,0.16691782873988448,0.48102026746012705,0.5360091658782291,0.1444575278004201,0.32053769773259877,0.22444651741369392,0.32358645401495567,0.3328332868466619,0.5455027741368281,0.16256820095058444,0.42267334753203967,0.41252791498704633,0.1293635210835704,0.2612743890125958
Breta sǫgur-AM 573 4to,0.14328269870968324,0.0,0.22670426861060977,0.36176675455139484,0.2120088959658295,0.3157086861756684,0.3359252366335863,0.3103992681199569,0.1545760634906378,0.1898990086762088,0.2773528694428089,0.3231206221695416,0.13975930788499635,0.4397128225651684,0.28858342506199974,0.19591050967285906,0.46240444487093,0.46983387466634663,0.2887525407941458,0.18740264364649895,0.36721164794880845,0.20476896522804788,0.13998944639991173,0.12512315587463696,0.34299122225623546,0.2756817943940565,0.4316869384545994,0.44610589194788464,0.24382244132475728,0.33364054405621935,0.5401865242686965,0.2670279026342952,0.39739063603144353,0.13262904061390368,0.4090954123690699,0.6604301448739373,0.2484382183463728,0.5249771230316674,0.39640001281872084,0.354091204671529,0.34389608596779864,0.4363444955611677,0.3677437729230544,0.09399144966343731,0.5378855490416885,0.16146025941725328,0.2603031215818802,0.5470804381654557,0.27063184607199664,0.23956409215254004,0.5493216277025827,0.1300007425732186,0.12198985884141333,0.11721551106516914,0.47553337763059655,0.5105016356031031,0.07618260670445465,0.29204535897999884,0.21947009685678065,0.3005421433533074,0.31074267615956364,0.5116153948980207,0.12939078781266133,0.48993391640655637,0.369533350142495,0.1125659724829704,0.2675437928754929
Karls þáttr vesæla-AM 557 4to,0.22378798362524088,0.22670426861060977,5.329070518200751e-15,0.376676724891851,0.29888831495577517,0.3599394576391456,0.3861875635491514,0.33149092633020016,0.23044152604844104,0.22778235177979644,0.3348067951742373,0.3826811477925407,0.20489790306481803,0.5166422214840858,0.3530219864824137,0.2919108689538542,0.5271377407915061,0.5913309866948033,0.4066984219094262,0.3193751008897041,0.43087086442985656,0.2994718476218323,0.2050806926967088,0.2674508982488445,0.41380697382442455,0.35189762426873317,0.5136867370394524,0.5087327054233179,0.34835106698927043,0.38535817862322397,0.620166664430064,0.3352987990614409,0.43677561717460167,0.2461441739513407,0.504930487028527,0.6631995253254852,0.34994955425945573,0.572232184148507,0.48377429201643507,0.4672839165916559,0.4321800799977835,0.4838227659998826,0.4212466897262874,0.20685546453542847,0.5818600494019533,0.25478389760913134,0.3327041325463169,0.5982788500545639,0.3670778208289096,0.3420970846169019,0.6397040596690158,0.26975044947062377,0.2283390698491763,0.2105532137755468,0.4977433928727608,0.5780104042815308,0.23736128212294216,0.3394575587094619,0.2859360688442536,0.3431566707236309,0.4059287623534318,0.5881996209502185,0.2507116751999845,0.4067591056240062,0.4736284789392772,0.1994163688116959,0.29405337473728543
Hróa þáttr heimska-AM 557 4to,0.31961461261795066,0.36176675455139484,0.376676724891851,0.0,0.4610635077772304,0.44771257869246706,0.506459507163328,0.4228492166244797,0.34566034601743656,0.3422823100954103,0.4680141660182481,0.4982531355433254,0.3094910209026567,0.6022760290546667,0.45266846995524757,0.41460451683064814,0.6266840565677106,0.6481643608906711,0.49454678010308706,0.4453449064545846,0.5518685386128956,0.38310120360415467,0.3165896073199723,0.39036127882123495,0.5160993562498004,0.4678635547934238,0.6128119702515329,0.6217001884156025,0.442822485334207,0.4829983262030415,0.6502080242042005,0.44975515738407934,0.5499255344029153,0.3639913163984396,0.5992102572947176,0.6995104922644766,0.4532011724501199,0.6473362087437835,0.5361362251348125,0.5922374944509439,0.5110599509307376,0.561326283334239,0.5154980000813434,0.3130659668435861,0.6802303831065284,0.3769953428217767,0.4451614978200493,0.6609701794861648,0.4719074453499108,0.4740804362218197,0.7275595495865641,0.40003673770602954,0.36453416110907244,0.34417739401578595,0.558051791424941,0.6574813762437164,0.35887238781292674,0.47190981409479604,0.37533822030280617,0.45240550913956323,0.495031086575618,0.6417857297061803,0.3835395396849641,0.4881513090577121,0.5804863058411677,0.3120581398134916,0.40664210885230656
Old Norwegian Homily Book-AM 619 4to,0.26090068980129266,0.2120088959658295,0.29888831495577517,0.4610635077772304,0.0,0.39215316881139906,0.2887230683781893,0.32786153302117704,0.2639956367339773,0.2632729957993831,0.36476451150786904,0.33559016473413106,0.26329985189130134,0.5512575268976765,0.3742413896581158,0.2938168318213321,0.5629695047641686,0.558543644203134,0.36254654587799295,0.2875316647676105,0.3931798285438248,0.35455777102984143,0.2683945935012825,0.26984428909719205,0.33767179596472463,0.3063540037438123,0.4266432243473006,0.5054593445806913,0.3535789743608313,0.3340964287915126,0.5726472447661075,0.2932100149297,0.43484064682972057,0.26222656467532657,0.464406662682848,0.6742570912734988,0.36506148464793975,0.5243380727145426,0.5049664546869569,0.35631381860466216,0.45098163629204513,0.544120144214898,0.4580111617577999,0.24174609847096828,0.46172153104179514,0.2543882217599174,0.21967595580321964,0.6062515733305041,0.3733283882403303,0.3361283899215751,0.5846776208550021,0.25771809760508313,0.2454176684706747,0.1895179792803352,0.4985725086851719,0.5207589533232145,0.2043360545041628,0.2767999495280715,0.32219194956180575,0.2806455714461932,0.4166315119623687,0.5802014902142043,0.24433136521916,0.5491078675561261,0.40650622951868887,0.2355350579505323,0.32620625601304365
Theta-fragment of Egils saga-AM 162 A θ fol.,0.3095640434483181,0.3157086861756684,0.3599394576391456,0.44771257869246706,0.39215316881139906,1.3322676295501878e-15,0.4258774327648388,0.4099836099514498,0.33176488217567446,0.2735711062348868,0.38675660018146063,0.45314301185810346,0.2950725869955857,0.5809747471440614,0.4282462192946219,0.3752686613814188,0.5699652043953539,0.6283470542772956,0.46790143640542714,0.3933058676181306,0.5015140596118798,0.38972817701074847,0.3125375657874714,0.3139385261088563,0.4785435607492934,0.42799369417766187,0.5628817456548418,0.5626113778120292,0.4225991631709288,0.4247209780587696,0.6459189807740019,0.40868970159037354,0.5336169894039344,0.32706028594231695,0.5609509854319112,0.6960680533518049,0.2683022878278498,0.5925530153674428,0.5206537930317703,0.5332308807664443,0.4900834722804579,0.5479013810456055,0.49577393992006524,0.30013768267606233,0.6343687960888578,0.34988913239851815,0.4049549684482988,0.6560865778065516,0.45485982982650486,0.43735096513776517,0.6933553784046569,0.3548794903037178,0.18993243987036057,0.28734981326316344,0.5288124052184613,0.6276287312036328,0.312621932933868,0.3935630131209603,0.3583731706094989,0.38754992452760517,0.48245502715669075,0.6198979595691058,0.33471876925335775,0.5196741757565271,0.5343057389043421,0.2909586257126101,0.3534991153779421
Prosper’s Epigrams-AM 677 4to,0.36966648605986163,0.3359252366335863,0.3861875635491514,0.506459507163328,0.2887230683781893,0.4258774327648388,0.0,0.4008622968852521,0.37412320445011793,0.2957447567576429,0.4201858060621817,0.2771177100628087,0.34111496000250885,0.6515438846764745,0.4314924070975361,0.38097228522039195,0.6507963972265716,0.6440037760661305,0.4319288067074104,0.41512548293912255,0.4960232434273629,0.4371815930829216,0.372764294617288,0.3656544705207122,0.31128504395175915,0.29440753093585836,0.4696826660498804,0.5939314079917917,0.4230321593865777,0.3145627980298151,0.6794477105699732,0.25383065732961185,0.552657657680981,0.3962452064261792,0.5750985657197645,0.6891108043011056,0.4294218482472646,0.501781395608518,0.5624381372594183,0.45957204992002854,0.5519620889978125,0.5785719528227704,0.5467564632522478,0.33246187589732845,0.4584500962263054,0.36904743827287123,0.20324300156977926,0.697160613722239,0.4690003155892398,0.48382025529634287,0.6925170226204851,0.37641607685542955,0.3533368793398727,0.19179297080391644,0.48964537785324036,0.522408028334133,0.2996816624513672,0.2868089188273103,0.34956945018599694,0.2519453925767533,0.5773823622509597,0.5412133253242972,0.39570366190549955,0.5789281184238468,0.4787430470459725,0.3075055448237184,0.34299045646156623
Pamphilus saga-DG 4-7,0.29144771044788886,0.3103992681199569,0.33149092633020016,0.4228492166244797,0.32786153302117693,0.4099836099514498,0.4008622968852521,4.440892098500626e-15,0.2954249887956134,0.2505991191385385,0.4557155939615216,0.4355919150010882,0.31266736246442794,0.606452369814778,0.381075577537217,0.37917455904704267,0.6390633624356146,0.6443649260616463,0.47713874636520237,0.43147291791032394,0.5151446030543928,0.3989773921306594,0.3010986020017832,0.4072289207697636,0.4635758415265968,0.4207392771653644,0.4858642209705777,0.6094964292629339,0.40755999090075745,0.4219098362363509,0.592728870939939,0.3933560488626924,0.509990007282598,0.33967958606214643,0.4757297231139914,0.6437367953480709,0.477064848599589,0.5902833181894478,0.5058579112206852,0.4590757175782142,0.464193740183934,0.5822301354870136,0.45714300135187147,0.30226660266112626,0.559576258336727,0.350229621902554,0.3092998836030775,0.6450906808541325,0.41783972244598633,0.4034027902599471,0.6447504910906048,0.32038876524801874,0.3506654101123917,0.2753369003535344,0.46343298530505994,0.5727163649310534,0.3174320022479492,0.3614420431934291,0.37163972746298446,0.319608028632947,0.4476012695336792,0.6455385205799917,0.3444669388947357,0.5034878708978514,0.46054277957340883,0.2770712912510176,0.3697620658934464
Kormáks saga according to AM 132 fol (Möðruvallabók)-AM 132 fol (120vb.21–129rb.7),0.15590312265603268,0.1545760634906378,0.23044152604844104,0.34566034601743656,0.2639956367339773,0.33176488217567446,0.37412320445011793,0.2954249887956134,1.2989609388114332e-14,0.16623773634911876,0.3181061452125662,0.36662885442972715,0.14840569859514596,0.48240722986828133,0.3040690697598225,0.23807886966256475,0.4970675434825108,0.5302680968079276,0.34552908344414024,0.22920110334017896,0.3899733197910641,0.21746729959217992,0.12037198184883824,0.2025814370957837,0.38240558978909456,0.31935572989436734,0.44106816800253335,0.47434335888574075,0.2885548845530901,0.3604514093932185,0.5373157272871723,0.31046723775090135,0.43295698960961293,0.13054665538637422,0.45498962751278904,0.66619670692371,0.27175470091897247,0.5467323498991364,0.43728519329821325,0.41557693590698475,0.354974842957102,0.4706417112668795,0.38497987976855663,0.11124387176872563,0.5686820644237494,0.17218982568003371,0.30320090396356925,0.5705040045477799,0.31593292680613805,0.29481257007624095,0.6072955934719998,0.19089983748231976,0.16444449213262513,0.1706522203342754,0.4959808286551026,0.5574826809610198,0.15868678335650577,0.3257346254759592,0.2653355567112934,0.329448470676437,0.30819879241557335,0.5488974923038934,0.15207243713463559,0.46807460548764035,0.4288010446356859,0.11226438148044615,0.25613744578602726
Bandamanna saga according to AM 132 fol (Möðruvallabók)-AM 132 fol (114ra.41–120vb.21),0.18491444141554292,0.1898990086762088,0.22778235177979644,0.3422823100954103,0.2632729957993831,0.2735711062348868,0.2957447567576429,0.2505991191385385,0.16623773634911876,8.992806499463768e-15,0.32340081497284145,0.33567447595914623,0.17661215772802397,0.5125933471455089,0.296191470156527,0.24642050559046202,0.537969928931076,0.5612110851310939,0.36891584436354097,0.2922177373696776,0.42901252428123016,0.2665548642262334,0.15446797662790468,0.2544413217799515,0.37912439759477223,0.3147543978263655,0.4386495597603385,0.5063743890319569,0.3097416218010145,0.31557312467197063,0.5795049965710988,0.28897276275596584,0.4552101013657195,0.19497607909404568,0.4581515583111927,0.6421385554920754,0.27352584879732633,0.5304226395175429,0.45032017121708123,0.42003760512019506,0.387576622715205,0.46986172939808424,0.39633756741182513,0.13881252927822285,0.5348375766994611,0.2005507330509343,0.24793913278608393,0.587494796518188,0.33627390917061484,0.3314218406225574,0.6093901288716157,0.22617368079351086,0.17679033020360946,0.14067076102860399,0.4465306819599326,0.5324859105229391,0.1893206812311946,0.27997590878546474,0.25875891217665237,0.25714149906584094,0.3527800642303033,0.5664725803174785,0.22196439105563381,0.44046730768577613,0.42612771960348794,0.11233946590988564,0.23593427916541998
The Kringla fragment of Óláfs saga helga-Lbs fragm. 82,0.31049083895728047,0.2773528694428089,0.3348067951742373,0.4680141660182481,0.36476451150786904,0.38675660018146063,0.4201858060621817,0.4557155939615216,0.3181061452125662,0.32340081497284145,0.0,0.41572999508222286,0.28222958450662394,0.5541696013159283,0.42606518388717196,0.3343594470191774,0.5175806635147486,0.5866412189273104,0.43121104271163924,0.34975761356248913,0.47649731479944657,0.34714995518762415,0.2869015500527745,0.25407956591269976,0.4565365181497837,0.3891815515271061,0.543365687378111,0.5092747317277193,0.3835754125230637,0.42788699001618946,0.641092352279433,0.376326978743757,0.49903093925690734,0.31362588201801167,0.5664957402710336,0.733525716310942,0.3524534292602558,0.5878923231172757,0.5282412493313653,0.5118806988649756,0.49009348059757685,0.5173221450032752,0.4725401650092447,0.28470450392857716,0.6146126069018676,0.321191245569742,0.3986877298504393,0.6508025672478346,0.42370169745157626,0.38929902874409605,0.6735927743628016,0.3222372420658456,0.24181410282744142,0.25824661954874695,0.5670419742270809,0.6191643824645019,0.278688765665388,0.3940553253170368,0.32457097115399025,0.4020088689977498,0.4686316695522966,0.608415046227882,0.30968090713881025,0.4915541926101976,0.5200655223295242,0.28092433454595966,0.36956881472522973
A fragment of Landslǫg Magnúss Hákonarsonar-NRA norr fragm 7,0.36172413718846996,0.3231206221695416,0.3826811477925407,0.4982531355433254,0.33559016473413095,0.45314301185810346,0.2771177100628087,0.4355919150010882,0.36662885442972715,0.33567447595914623,0.41572999508222286,2.220446049250313e-16,0.3365603095669797,0.615178021870344,0.43846515289543375,0.3744486667097414,0.6331852886447615,0.6203188819937286,0.42363301423706545,0.3926892844388612,0.476790731303362,0.4214958391227027,0.35561183130671414,0.352598666182397,0.40766653537670605,0.13000153098927725,0.5109333700662394,0.5788481454215655,0.42532079312793847,0.3648754795825777,0.6390217455530127,0.08408726403760147,0.54358476577265,0.3772461300867077,0.5637319940549927,0.7028161006745163,0.42570095065649594,0.5568982710207109,0.5343258389611351,0.4639230395194288,0.5401159326619731,0.5779493042854608,0.5003754168195558,0.33396894429979684,0.5034268622760052,0.3689220033808033,0.2672998323062791,0.6795300413242378,0.4239932321353008,0.44106283259683077,0.6838123877943054,0.35634900594413255,0.34182363514287406,0.23920181108219984,0.5290525445606561,0.5220676878602832,0.30790228839035516,0.33205448700155926,0.3696481166392549,0.2991153241750676,0.5010834086435416,0.6155496195711204,0.38183143135415076,0.5861540126031441,0.4726970386882965,0.31281762597664664,0.3797446135639674
Hallfreðr saga vandraskald-AM 557 4to,0.1312147312232601,0.13975930788499635,0.20489790306481803,0.3094910209026567,0.26329985189130134,0.2950725869955857,0.34111496000250885,0.31266736246442794,0.14840569859514596,0.17661215772802397,0.28222958450662394,0.3365603095669797,0.0,0.47217881939903494,0.3156540749647584,0.22298752970094937,0.4717065197110728,0.522383552069354,0.3308710120885947,0.22459240470778352,0.380558101791983,0.20860556031430255,0.10509377882951743,0.16774229593193024,0.3611765313866866,0.2939834180629758,0.4629297189067013,0.45906080786089987,0.2704259344674683,0.3278304730610657,0.566421271471234,0.282361003666485,0.41047808275863984,0.1486612833556885,0.4683354527944025,0.647334678609198,0.24972146985222166,0.5308158631985676,0.4043727287516923,0.43626928685144006,0.3633128525747711,0.43450366816763897,0.37655398962984243,0.10620563884983669,0.5738464522275287,0.17521409523327713,0.2808799425144094,0.5583483261807929,0.3106308179880076,0.2946977307981119,0.6191287589421666,0.18816615439059858,0.13500148963582148,0.1413171875883974,0.4557570824212551,0.5501551767147392,0.142194619118158,0.3074078973079891,0.21322821195665642,0.3064435110219862,0.3344948418518171,0.5232603585256739,0.16484396334907692,0.4036010080114859,0.4319979234140937,0.11247589519681467,0.22804906106526146
Sveinka þáttr Steinarssonar-AM 557 4to,0.4692728702670921,0.4397128225651684,0.5166422214840858,0.6022760290546667,0.5512575268976765,0.5809747471440614,0.6515438846764745,0.606452369814778,0.48240722986828133,0.5125933471455089,0.5541696013159283,0.6151780218703439,0.47217881939903494,3.3306690738754696e-16,0.5746066963581791,0.511729521188667,0.6363634070471988,0.6415367276844518,0.5720999312658175,0.5056029043668695,0.6308327223559275,0.4929594270950488,0.4628975335319615,0.4502630867170684,0.6194576738603393,0.5837945624248931,0.6551360087740998,0.6437470418604934,0.5317869840908365,0.625801358054837,0.7299698672071142,0.5752723741144101,0.625372816088445,0.4617524077561964,0.632582298799312,0.7965075635109092,0.547761322271225,0.7436341416690015,0.6308754798054588,0.6274767468859175,0.5800801687038405,0.6290725104013359,0.6013595952628619,0.44193770525203246,0.7535599847887458,0.4909473936940667,0.5720562063523442,0.7136216394873665,0.5683911379649711,0.5247546367986733,0.7153350496497654,0.48461254355474015,0.45986764775992406,0.4773302720447603,0.7040456123117579,0.715406641495823,0.43651752231126806,0.6074612005746445,0.5262929262940946,0.6126905822707361,0.5686987088314123,0.7043464533359941,0.47185177391001354,0.6776590128520092,0.6286897733668094,0.4660303738095234,0.5704246444985666
Valdimars saga-AM 557 4to,0.3070514090957932,0.28858342506199974,0.3530219864824137,0.45266846995524757,0.3742413896581158,0.4282462192946219,0.4314924070975361,0.381075577537217,0.3040690697598225,0.296191470156527,0.42606518388717196,0.43846515289543375,0.3156540749647584,0.5746066963581791,3.1086244689504383e-15,0.3464495916288114,0.5991924792290393,0.6168320141066996,0.4752114334661116,0.399374576960981,0.506619789368626,0.38762657689950963,0.3121296185519168,0.3378379197300203,0.4858582328911769,0.41993534852635006,0.5307994146601575,0.5732522930662743,0.41365180065132734,0.4499046101128853,0.5971783114198959,0.3952576774029011,0.5167238646958114,0.30959936557701284,0.5392938529972104,0.709829639755861,0.41787703265928866,0.6190023215956886,0.5586094945918589,0.48806520990631796,0.47249540323297257,0.5486722742746721,0.4975560707588482,0.28485826050814056,0.6081222801276196,0.3309762855828695,0.39261373648335607,0.6395146243582365,0.4374028241523419,0.4016684996764046,0.6487291914947668,0.309834951715798,0.32029638256907744,0.2675443053305401,0.559853864631964,0.5990612742635706,0.28723224207026843,0.389697170857378,0.36794754409629904,0.38738589046787764,0.4757618098004224,0.6402566320262152,0.3099536576495282,0.5416609986280415,0.49666891914422784,0.28872988446864756,0.4006389827675805
A fragment of Óláfs saga helga hin elzta-NRA norr fragm 52,0.2200569077362875,0.19591050967285906,0.2919108689538542,0.41460451683064814,0.2938168318213321,0.3752686613814188,0.38097228522039195,0.37917455904704267,0.23807886966256475,0.24642050559046202,0.3343594470191774,0.3744486667097414,0.22298752970094937,0.511729521188667,0.3464495916288114,4.107825191113079e-15,0.5205061009425882,0.5287374830657169,0.3694132307089306,0.28631360585251053,0.43862362662377297,0.2704122239838622,0.21646349980044033,0.22744282324954135,0.41613107379967984,0.3469440937362185,0.4488184460179282,0.509695073681758,0.32962488285658065,0.38645826261046556,0.6046460285461613,0.3324647871169303,0.438416890739903,0.23196987614618014,0.4986739101449179,0.6978012839888066,0.3244044512314912,0.5516082384917791,0.4810604974576628,0.4275821341602585,0.42503705700580197,0.5023497861148569,0.43010250189822097,0.19060119788041052,0.5465341201640377,0.2589402339434377,0.32440276106633714,0.5914183901960882,0.3541239188714974,0.3202913263341176,0.6012827191710501,0.2259642777073223,0.21372420588931063,0.1922535007377575,0.539496355608942,0.5599213409725992,0.20304663009913426,0.34679844228905543,0.28864421602252666,0.36996736041305345,0.3807388673051506,0.5782716842417327,0.23955810228694863,0.5013386191011253,0.44387290106469035,0.20910835637640202,0.34290449346666263
A fragment of Haralds saga harðráða in Heimskringla-NRA norr fragm 53,0.4790648374882148,0.46240444487093,0.5271377407915061,0.6266840565677106,0.5629695047641687,0.5699652043953539,0.6507963972265716,0.6390633624356146,0.4970675434825108,0.537969928931076,0.5175806635147486,0.6331852886447615,0.4717065197110728,0.636363407047199,0.5991924792290393,0.5205061009425882,6.661338147750939e-16,0.662838965510767,0.5884424469355409,0.48912742977710333,0.6309555328544414,0.5206527086415882,0.4728547270179374,0.40039701324614496,0.6412780117627409,0.6035820510398522,0.6688550846977583,0.6235680072760847,0.5548581736370388,0.6112434890285735,0.7412828194878196,0.5976554344945066,0.638040523574448,0.465215001307425,0.681081402245453,0.8213570257865426,0.5101174778565236,0.7216146115539106,0.6641730434273078,0.6678623268112679,0.5966017846802516,0.6552574459759186,0.6264915617096304,0.46498995918909236,0.763008821991441,0.4904154798869479,0.6262791748633779,0.7343214805410039,0.5944970285126621,0.5528527267557242,0.7710437276952786,0.48977196891861674,0.4417215345970914,0.4945320874647402,0.7212171312601958,0.7509508451867992,0.46273433318960155,0.6085806209654276,0.5185309220772878,0.6337124182880669,0.5865397518632733,0.7227580287374751,0.4648999358095056,0.6551571821471147,0.6617601703966272,0.47414639539370795,0.5496460140956965
A fragment of Fagrskinna-NRA norr fragm 51,0.5024819230915076,0.46983387466634663,0.5913309866948033,0.6481643608906711,0.558543644203134,0.6283470542772956,0.6440037760661305,0.6443649260616463,0.5302680968079276,0.5612110851310939,0.5866412189273104,0.6203188819937286,0.522383552069354,0.6415367276844518,0.6168320141066996,0.5287374830657169,0.662838965510767,8.881784197001252e-16,0.5810286077510037,0.503074490809132,0.6544601324296098,0.5305293292270374,0.5135534832314117,0.4635885670459994,0.6434443468400745,0.5874103805589406,0.6755948364039515,0.6682177710152537,0.5484615996478339,0.6280986783627133,0.7193301484848047,0.5808543751782778,0.6389192611996088,0.5049613492368057,0.6562593371484875,0.8207598301603001,0.5719884251837792,0.7262998764375266,0.6543714779942083,0.6214702943376924,0.6215890112402861,0.6918831728019696,0.645755195561489,0.4907130688834903,0.7207732703859411,0.5311227909359277,0.5632822930974972,0.7261324550368844,0.5815040033286809,0.5484727533743036,0.7212767465693108,0.502871097275439,0.49608436562543023,0.5071207715046737,0.7346511562254756,0.7110194102299696,0.45091464352819466,0.6165206257591822,0.5422317667719174,0.6384685246330055,0.5956251084613572,0.7346110007640863,0.504104946886151,0.7367763770975071,0.6356617022106847,0.5109535063899759,0.6198427959733456
A fragment of Maríu saga-NRA norr fragm 78,0.3311081169202996,0.2887525407941458,0.4066984219094262,0.49454678010308706,0.36254654587799295,0.46790143640542714,0.4319288067074104,0.47713874636520237,0.34552908344414024,0.36891584436354097,0.43121104271163924,0.42363301423706545,0.3308710120885947,0.5720999312658175,0.4752114334661116,0.3694132307089306,0.5884424469355409,0.5810286077510037,0.0,0.3544036869779028,0.5044035901821771,0.37494542048348545,0.33233040451358964,0.318424526661348,0.46745364547622026,0.4040541933792128,0.5475784164465927,0.5669963131402883,0.39645585258425764,0.4356946063051955,0.6537768670414421,0.38364359846407003,0.5317079697072609,0.3343455769696342,0.5603099858605027,0.7289293106513042,0.4110395599231107,0.5927453183223585,0.5151768146952194,0.48149683882765415,0.501144982183646,0.5624452628931076,0.5060234513343196,0.2907855856848752,0.5848741570311332,0.3474600257628264,0.38890707656549306,0.6513088434061105,0.43679530876163974,0.4207202919383821,0.65464124856605,0.3382109872011735,0.3185507747974793,0.29094364238115455,0.5815653915494438,0.5967413587844715,0.27392768033227977,0.4329200427061899,0.37922733793660934,0.429055247382624,0.47919483445913547,0.6112823984607398,0.33987923159156896,0.6214991850252022,0.5016523413684028,0.30594705065563,0.4128642539855196
Hrafns saga Sveinbjarnarsonar-AM 557 4to,0.22455853201652487,0.18740264364649895,0.3193751008897041,0.4453449064545846,0.2875316647676106,0.3933058676181306,0.41512548293912255,0.43147291791032394,0.22920110334017896,0.2922177373696776,0.34975761356248913,0.3926892844388612,0.22459240470778352,0.5056029043668695,0.399374576960981,0.28631360585251053,0.48912742977710333,0.503074490809132,0.3544036869779028,0.0,0.40487045435673896,0.29762689394067643,0.21827617099052343,0.19298933740136137,0.4184970524159207,0.34075327378203,0.4854746863221837,0.45453535728178607,0.32946643924754637,0.38050021743638207,0.5633864943808762,0.3394130538841197,0.4607186620324414,0.18194846824185196,0.493991628877954,0.718966499663312,0.2876100775162458,0.5532541261129906,0.4980194926696514,0.4374916371124232,0.41040306581958874,0.5219273365110677,0.4636626134449636,0.19537414906410744,0.5743277899228507,0.21525764437993122,0.3463398653615617,0.60385577653442,0.3727713700266023,0.33967800511639235,0.6131094776749255,0.22716478642080817,0.19221221140090305,0.23050210313601005,0.5678576070270016,0.5784693813375053,0.17811425189141095,0.3666261735428543,0.31414854573552053,0.39389869182120907,0.36171078142411606,0.5744480073744482,0.18438952063920633,0.5680659818420846,0.45003404701657035,0.2087998571945211,0.33597979716769677
A fragment of Brendanuss saga-NRA norr fragm 68,0.39776661875970365,0.36721164794880845,0.43087086442985656,0.5518685386128956,0.3931798285438248,0.5015140596118798,0.4960232434273629,0.5151446030543928,0.3899733197910641,0.42901252428123016,0.47649731479944657,0.476790731303362,0.380558101791983,0.6308327223559275,0.506619789368626,0.43862362662377297,0.6309555328544414,0.6544601324296098,0.5044035901821771,0.40487045435673896,0.0,0.46621649173542024,0.3801804766425999,0.40168326689441114,0.48711564412782205,0.4352041166925563,0.5857998722912038,0.6115220366963796,0.48700367435125314,0.507470637792502,0.6591330087956566,0.43565368121176107,0.5459030787129135,0.37052225024779184,0.570920887696865,0.7416451958313334,0.4387005281311972,0.6282735668355823,0.5470192915403469,0.534879098923528,0.563371023731192,0.6251977090042015,0.5384407927459186,0.3792110973866003,0.6333310833820134,0.3936326896445166,0.4529647857214055,0.654873805808049,0.46604619644726164,0.4538692462707946,0.7084300865459601,0.39395985084978924,0.3572342183506453,0.3965818621758872,0.6149701793838905,0.6749683121808319,0.3751045673531105,0.4675931047332931,0.46623958947059263,0.476513961309849,0.4752347040151935,0.6281772443548899,0.3795820205999533,0.6207963036070467,0.553230075295546,0.3766260828577561,0.43495175973800704
Rögnvalldr ok Rauð-AM 557 4to,0.2120959345057123,0.20476896522804788,0.2994718476218323,0.38310120360415467,0.35455777102984143,0.38972817701074847,0.4371815930829216,0.3989773921306594,0.21746729959217992,0.2665548642262334,0.34714995518762415,0.4214958391227027,0.20860556031430255,0.4929594270950488,0.38762657689950963,0.2704122239838622,0.5206527086415882,0.5305293292270374,0.37494542048348545,0.29762689394067643,0.46621649173542024,0.0,0.19871753613530507,0.21758346286662933,0.4388485569300894,0.37834350098969505,0.5016365935875351,0.5113521623730919,0.32046392579324334,0.42389343272438496,0.597468150853919,0.3709916225662905,0.4606463715136119,0.22234447232635468,0.5143414801403667,0.7037656179830318,0.3234909901365419,0.5915608958404116,0.43839064855651466,0.47872388463099746,0.40908735217251535,0.48884464295644503,0.42703730964890074,0.1733428643742151,0.622601150310325,0.2638089303166189,0.36336123507748264,0.5906762484413635,0.3565426968737252,0.33327758813883357,0.6239828345161746,0.254714544786953,0.21743834506404147,0.22694200773128348,0.5439730188579608,0.5930121110208483,0.20137065534512533,0.3980674426482228,0.28448376786981344,0.4117215142654769,0.3851952456647253,0.5636782969095518,0.23624817260609787,0.48060681383940496,0.48342138954825276,0.1942777595535956,0.3487119553808792
Hallfreðar saga according to AM 132 fol (Möðruvallabók)-AM 132 fol (149va.32–156rb.10),0.13234771859746886,0.13998944639991184,0.20508069269670903,0.3165896073199723,0.2683945935012825,0.31253756578747116,0.372764294617288,0.3010986020017832,0.12037198184883824,0.15446797662790468,0.2869015500527745,0.35561183130671414,0.10509377882951754,0.4628975335319615,0.3121296185519168,0.21646349980044033,0.4728547270179374,0.5135534832314117,0.33233040451358964,0.21827617099052343,0.3801804766425999,0.19871753613530507,0.0,0.1726534414855866,0.3765661317733314,0.3095684699988662,0.45752626381276096,0.4624284406653939,0.2734488735586038,0.3459796083503369,0.5536246608703939,0.3007661177802736,0.40902052846990344,0.12661436906302515,0.45540792359567417,0.6566025646974929,0.25161699399263415,0.5440570339385918,0.406506471560528,0.4299011341438974,0.3554943066731199,0.4443788914076917,0.3544628485603467,0.09380072373255044,0.5737614096483385,0.1626160039762029,0.2947205286552347,0.5514090233032762,0.29899392479616704,0.2761017956223739,0.6037838979987726,0.17955226273029623,0.13971492194491542,0.15460398168548894,0.4723287193044948,0.5557151571252342,0.14707953279239183,0.32709485007008643,0.22943205722181748,0.3287806835322399,0.2933071424863256,0.5312850558017693,0.15774180708415098,0.40813824655618813,0.4305871172245517,0.09435786011461134,0.2343121168062623
Codex Frisianus-AM 45 fol.,0.17477183263689966,0.12512315587463696,0.2674508982488445,0.39036127882123495,0.26984428909719205,0.3139385261088563,0.3656544705207122,0.4072289207697636,0.2025814370957837,0.2544413217799515,0.25407956591269976,0.352598666182397,0.16774229593193024,0.4502630867170684,0.3378379197300203,0.22744282324954135,0.40039701324614496,0.4635885670459994,0.318424526661348,0.19298933740136137,0.40168326689441114,0.21758346286662933,0.1726534414855866,1.9761969838327786e-14,0.37704129358126703,0.30415721551311425,0.46210205874849053,0.42274939903317854,0.2645520066374828,0.34956637607473995,0.5674665085390425,0.2933281782159046,0.4136273701855909,0.1578175339704413,0.4807732482720517,0.6921371998440256,0.22911542019035946,0.5306144213672417,0.4352015643252436,0.4117504119849962,0.37606490987105445,0.4475238363901457,0.4075129028958946,0.14219252040813934,0.5642856561359073,0.19814013748637027,0.3155187904233572,0.5712022854116061,0.31253115663813746,0.27110566576223616,0.5977988998719017,0.18407278175533393,0.11346072918326211,0.1526266866132011,0.5219117483761933,0.5452242057726813,0.09931419847160528,0.3305952484680953,0.2153601729839354,0.35344938899025446,0.3575656103056569,0.5293516757580369,0.15801228161492198,0.4773003120291307,0.4244529314331634,0.1637988506039565,0.29472167741778543
Gregory’s Homilies on the Gospels-AM 677 4to,0.388592575553268,0.34299122225623546,0.41380697382442455,0.5160993562498004,0.33767179596472463,0.4785435607492934,0.31128504395175915,0.4635758415265968,0.38240558978909456,0.37912439759477223,0.4565365181497837,0.40766653537670605,0.3611765313866866,0.6194576738603393,0.4858582328911769,0.41613107379967984,0.6412780117627409,0.6434443468400745,0.46745364547622026,0.4184970524159207,0.48711564412782205,0.4388485569300894,0.3765661317733314,0.37704129358126703,2.2093438190040615e-14,0.37907825658611904,0.545654989939836,0.6078968476698441,0.453304380863531,0.4300644690093457,0.6640039557408184,0.3684082941308171,0.5537488694430067,0.3815960803860806,0.5712030557562204,0.7307224347607088,0.4435388554843983,0.5767684733262678,0.5428533968257362,0.4960530280139436,0.5460879533215433,0.5931997634909358,0.5408215038403175,0.35037077954818996,0.5640912712254615,0.3745618249389573,0.32464347653236536,0.6758702723853067,0.45799960163462594,0.4670481463266899,0.69174405642744,0.39161624816872975,0.36249080074297513,0.3038498948483713,0.5429626663095855,0.6202299027293501,0.3192380283173789,0.4101373399816177,0.4054713661083521,0.39868484341827215,0.5216769797178341,0.1286747603003694,0.38499606678237097,0.61476239645459,0.531957267612809,0.33443094369694915,0.41164839731824887
Bǿjarlǫg ok Farmannalǫg Magnúss Hákonarsonar | Magnus Lagabøtes bylov og farmannslov-Holm perg 34 4to,0.32129720799762784,0.2756817943940565,0.35189762426873317,0.4678635547934238,0.3063540037438123,0.42799369417766187,0.29440753093585836,0.4207392771653644,0.31935572989436734,0.3147543978263655,0.3891815515271061,0.13000153098927725,0.2939834180629758,0.5837945624248931,0.41993534852635006,0.3469440937362185,0.6035820510398522,0.5874103805589406,0.4040541933792128,0.34075327378203,0.4352041166925563,0.37834350098969505,0.3095684699988662,0.30415721551311425,0.37907825658611904,1.021405182655144e-14,0.473849426458106,0.5452631714488807,0.3930096349194966,0.36267612172090424,0.5963124001344747,0.0564722597700027,0.5110825392488303,0.3190360995615674,0.5174474213214333,0.7044832590653924,0.38675943974684757,0.5541225045124067,0.4816038246701023,0.4292755049753544,0.50049531135271,0.5592139117535653,0.4681668937602229,0.2867761346230969,0.5152279791349653,0.3241566385179431,0.26431470139694346,0.6402290610973647,0.3737504153930642,0.392862986905423,0.6565259784160722,0.3119887922241491,0.29177813932483354,0.22792444290903346,0.5288132103920866,0.5079873245563586,0.26307807240577297,0.3087897552861848,0.354641830204769,0.29008700040829005,0.4394633826092267,0.5841604505090207,0.3229458182936831,0.585604542852276,0.43465908628993977,0.26834091076832656,0.35588036028238357
"Ór lǽknisbók The fragment is unnamed, but Konráð Gíslason named his edition of the text
                    Úr læknisbók, which is published in Fire og fyrretyve for en stor deel forhen
                    utrykte prøver af oldnordisk sprog og literatur (1860)-AM 655 XXX 4to",0.4386384974043035,0.4316869384545994,0.5136867370394524,0.6128119702515329,0.4266432243473006,0.5628817456548418,0.4696826660498804,0.4858642209705777,0.44106816800253335,0.4386495597603385,0.543365687378111,0.5109333700662394,0.4629297189067013,0.6551360087740998,0.5307994146601575,0.4488184460179282,0.6688550846977583,0.6755948364039515,0.5475784164465927,0.4854746863221837,0.5857998722912038,0.5016365935875351,0.45752626381276096,0.46210205874849053,0.545654989939836,0.473849426458106,5.551115123125783e-16,0.6424621208618664,0.5174758748158137,0.5515505802644394,0.6632346760428585,0.4714203387690479,0.5957789305526789,0.4473633189852987,0.5771645764146582,0.7931677832869164,0.5574143202840962,0.6680786607486517,0.6146298796591442,0.4659809817448778,0.5524406668101092,0.6966347206675458,0.5793394736934705,0.42829980659010025,0.6297413490573773,0.4822847609728734,0.4577248007443553,0.6974803652530037,0.535065961973699,0.4814570759187301,0.6234396492494625,0.45406623024489057,0.45188250670683927,0.427715191335055,0.6801824103663279,0.6310893911859008,0.42849975838530563,0.4494577809248561,0.5205222224678616,0.4812062717861232,0.5654980559411029,0.6947198458559474,0.44507612393136176,0.7102426229728995,0.5061276942609971,0.43515152852939554,0.521652168357118
A fragment of Hákonar saga Hákonarsonar-NRA norr fragm 55 B,0.4672796071783857,0.44610589194788464,0.5087327054233179,0.6217001884156025,0.5054593445806913,0.5626113778120292,0.5939314079917917,0.6094964292629339,0.47434335888574075,0.5063743890319569,0.5092747317277193,0.5788481454215655,0.45906080786089987,0.6437470418604934,0.5732522930662743,0.509695073681758,0.6235680072760847,0.6682177710152537,0.5669963131402883,0.45453535728178607,0.6115220366963796,0.5113521623730919,0.4624284406653939,0.42274939903317854,0.6078968476698441,0.5452631714488807,0.6424621208618664,4.440892098500626e-16,0.5342951336354337,0.5680676400549203,0.6888358223887734,0.5400197361834402,0.619429436035739,0.44237457715560324,0.6574382108609824,0.8210727981369587,0.511644093456962,0.6894807558549247,0.6663036950001399,0.6086645465006996,0.5908163877479051,0.6536137024613113,0.625927717542099,0.45276878917816676,0.720258153027043,0.46521755344377413,0.56134043926953,0.7394097198046565,0.5750607773184552,0.5447092883253131,0.7395505864224382,0.47960791593958685,0.4300085625640807,0.45833533539930693,0.7104632045686796,0.6994799738084537,0.43757708928149064,0.5317523448088037,0.513162355715042,0.5613408646086769,0.5823986578582492,0.7182861235302841,0.43764546636440527,0.6718444667436354,0.6171265867540624,0.45698462250661775,0.5299122490816939
A fragment of Jóns saga helga-NRA norr fragm 57,0.2703038129628068,0.24382244132475728,0.34835106698927043,0.442822485334207,0.3535789743608313,0.4225991631709288,0.4230321593865777,0.40755999090075745,0.2885548845530901,0.3097416218010145,0.3835754125230637,0.42532079312793847,0.2704259344674683,0.5317869840908365,0.41365180065132734,0.32962488285658065,0.5548581736370388,0.5484615996478339,0.39645585258425764,0.32946643924754637,0.48700367435125314,0.32046392579324334,0.2734488735586038,0.2645520066374828,0.453304380863531,0.3930096349194966,0.5174758748158137,0.5342951336354337,0.0,0.42041558781702104,0.6168360768066583,0.3797650118614715,0.5030016965505099,0.28047261104074284,0.5279895446680959,0.7033509901611735,0.36790189630964754,0.5856786072272804,0.482175918805711,0.48052492087934906,0.452751619452322,0.5234820430321356,0.472910598798442,0.23961228470744023,0.6075969609894614,0.3109686435037956,0.3682308814427534,0.6204594495567805,0.3983193536209084,0.3727403827861321,0.636394348029051,0.29073134837994485,0.2694599922319959,0.24848936838490654,0.5560000294698626,0.5756811247086435,0.22867207727580208,0.4072109884146935,0.3198131199132591,0.40850629599835175,0.4456782646236822,0.5919014195136287,0.2915255984848919,0.5410454186629858,0.47680286556682105,0.2481564019827932,0.3701171398902201
A fragment of Páls saga postula-NRA norr fragm 80,0.3504825643271883,0.33364054405621935,0.38535817862322397,0.4829983262030415,0.3340964287915126,0.4247209780587696,0.3145627980298151,0.4219098362363509,0.3604514093932185,0.31557312467197063,0.42788699001618946,0.3648754795825777,0.3278304730610657,0.625801358054837,0.4499046101128853,0.38645826261046556,0.6112434890285735,0.6280986783627133,0.4356946063051955,0.38050021743638207,0.507470637792502,0.42389343272438496,0.3459796083503369,0.34956637607473995,0.4300644690093457,0.36267612172090424,0.5515505802644394,0.5680676400549203,0.42041558781702104,0.0,0.6729913549797906,0.32853767208490314,0.5505602391358033,0.3681997348513685,0.5831678200814401,0.6838064858145069,0.4120382901683556,0.5444640815827062,0.5633591069541276,0.4976186636195594,0.5326456497155135,0.5677866760375028,0.5462517528889406,0.3284602669460267,0.5173028534688981,0.3508807411660694,0.3015929719429309,0.6879423264644375,0.4667707162610164,0.4745927826584291,0.6948344532053495,0.3791242764920336,0.3394519480725766,0.23609371614738062,0.5010068325732231,0.5857038503244518,0.29908827358548074,0.34929389301770775,0.3494114768352602,0.3357506301288007,0.5173492521695724,0.6343361015541071,0.367842651823139,0.5601375558921013,0.5104894308022314,0.30839944631277805,0.3677935437572587
Völuspá in Codex Regius-GKS 2365 4to,0.5479938930160215,0.5401865242686965,0.620166664430064,0.6502080242042005,0.5726472447661075,0.6459189807740019,0.6794477105699732,0.592728870939939,0.5373157272871723,0.5795049965710988,0.641092352279433,0.6390217455530127,0.566421271471234,0.7299698672071142,0.5971783114198959,0.6046460285461613,0.7412828194878196,0.7193301484848047,0.6537768670414421,0.5633864943808762,0.6591330087956566,0.597468150853919,0.5536246608703939,0.5674665085390425,0.6640039557408184,0.5963124001344747,0.6632346760428585,0.6888358223887734,0.6168360768066583,0.6729913549797906,0.0,0.5976939017766487,0.6722667909679353,0.5311994329385605,0.6642185296259845,0.8215931604104219,0.6269118050601812,0.7624877233894833,0.6977225952469486,0.6308067658270394,0.6366257932329673,0.7661086589203674,0.675205743705583,0.5564782654991453,0.7348147165380532,0.5544746870310991,0.6002942013993773,0.747960545909606,0.632431813833757,0.597784400418418,0.7578651860066599,0.5641984686337819,0.5599083071176905,0.5849908868433638,0.7612171031617256,0.7488872821192868,0.5295173359991847,0.5862747503894092,0.610511921175509,0.5986140226189183,0.6051214749513438,0.7694056420387372,0.5073029048864477,0.7418659893883139,0.6518319715307044,0.552015545211257,0.6392695633144689
Landslǫg Magnúss Hákonarsonar | Magnus Lagabøtes landslov-Holm perg 34 4to,0.3079832657339543,0.2670279026342952,0.3352987990614409,0.44975515738407934,0.2932100149297,0.40868970159037354,0.25383065732961185,0.3933560488626924,0.31046723775090135,0.28897276275596584,0.376326978743757,0.08408726403760147,0.282361003666485,0.5752723741144101,0.3952576774029011,0.3324647871169303,0.5976554344945066,0.5808543751782778,0.38364359846407003,0.3394130538841197,0.43565368121176107,0.3709916225662905,0.30076611778027373,0.2933281782159046,0.3684082941308171,0.0564722597700027,0.4714203387690479,0.5400197361834402,0.3797650118614715,0.32853767208490314,0.5976939017766487,0.0,0.5042991688399914,0.3178646750259426,0.521023434747695,0.679421389490374,0.38265943085217324,0.5338607508679438,0.4890350554039463,0.41745757863567534,0.49384297363097474,0.5433882430897577,0.4660102179798389,0.2772350093129313,0.4860760666864542,0.31613904698794193,0.2300094855919439,0.6445223184148363,0.3733210830867072,0.3890859657662835,0.6474192583511313,0.3052313767286886,0.2865518377953894,0.19201595731037024,0.5028799785240876,0.4853168821888889,0.24591229636039003,0.2861317817023581,0.3273536695727791,0.25460917311947184,0.44735207473045036,0.5849294905048847,0.32261123982384865,0.5619446787837172,0.42270980669083946,0.25958148650254986,0.33867339854707157
Eiríks saga víðförla-AM 557 4to,0.3881205032736601,0.39739063603144353,0.43677561717460167,0.5499255344029153,0.43484064682972057,0.5336169894039344,0.552657657680981,0.509990007282598,0.43295698960961293,0.4552101013657195,0.49903093925690734,0.54358476577265,0.41047808275863984,0.625372816088445,0.5167238646958114,0.438416890739903,0.638040523574448,0.6389192611996088,0.5317079697072609,0.4607186620324414,0.5459030787129135,0.4606463715136119,0.40902052846990344,0.4136273701855909,0.5537488694430067,0.5110825392488303,0.5957789305526789,0.619429436035739,0.5030016965505099,0.5505602391358033,0.6722667909679353,0.5042991688399914,0.0,0.42476805729859657,0.575622200813273,0.7554126320178463,0.5276354278357321,0.6695629638151742,0.6208808441625782,0.5268411943998843,0.5860586837950035,0.6270408800789171,0.5413536558092868,0.4189370520553848,0.6429322685532519,0.4383294029279924,0.46880494401410144,0.672344226520892,0.4962703167915591,0.4402145314944257,0.6768671654629536,0.4241130006284535,0.403644820511604,0.4150738268566041,0.6597622363006976,0.664880832971134,0.4044927046110922,0.4995689019679508,0.459886980909159,0.5149667200916839,0.5357214982892067,0.6893203377384625,0.4161780463446997,0.5669163506753495,0.5581996231999078,0.4263607739987392,0.5054058592881141
Droplaugasona saga according to AM 132 fol (Möðruvallabók)-AM 132 fol (141va.3–147vb.4),0.14862747133898224,0.13262904061390368,0.2461441739513407,0.3639913163984396,0.26222656467532657,0.32706028594231695,0.3962452064261792,0.33967958606214643,0.13054665538637422,0.19497607909404568,0.31362588201801167,0.3772461300867077,0.1486612833556885,0.4617524077561964,0.30959936557701284,0.23196987614618014,0.465215001307425,0.5049613492368057,0.3343455769696342,0.18194846824185196,0.37052225024779184,0.22234447232635468,0.12661436906302526,0.1578175339704413,0.3815960803860806,0.3190360995615674,0.4473633189852987,0.44237457715560324,0.28047261104074284,0.3681997348513685,0.5311994329385605,0.3178646750259426,0.42476805729859657,1.432187701766452e-14,0.4506641399488125,0.6837465885176102,0.23376306898522703,0.5500902747134885,0.42489916419749474,0.41535037333119895,0.3426378612037412,0.46994901864337346,0.3906723343540732,0.10317850232534864,0.5829580631230828,0.1540045045498265,0.32107302102597846,0.5604567235956202,0.31850742269594157,0.28499603449923616,0.5930253167704516,0.1722764435826759,0.1362457345089939,0.1793075760643511,0.5146975660723148,0.5585340692907292,0.1308673924231195,0.33412907907660117,0.26410853110101506,0.34674308542585897,0.2936103071286724,0.5327308842180987,0.12275302272665944,0.49731182076087177,0.4241029733510695,0.11319771717819116,0.2641813852450666
A fragment of Barlaams saga ok Jósafats-NRA norr fragm 64,0.4363431526818873,0.4090954123690699,0.504930487028527,0.5992102572947176,0.464406662682848,0.5609509854319112,0.5750985657197645,0.4757297231139914,0.45498962751278904,0.4581515583111927,0.5664957402710336,0.5637319940549927,0.4683354527944025,0.632582298799312,0.5392938529972104,0.4986739101449179,0.681081402245453,0.6562593371484875,0.5603099858605027,0.493991628877954,0.570920887696865,0.5143414801403667,0.45540792359567417,0.4807732482720517,0.5712030557562204,0.5174474213214333,0.5771645764146582,0.6574382108609824,0.5279895446680959,0.5831678200814401,0.6642185296259845,0.521023434747695,0.575622200813273,0.4506641399488125,1.1102230246251565e-16,0.7644811754100372,0.56741993578673,0.7003917757495434,0.5888175449278594,0.5037860270120458,0.5757034454455573,0.6744535969401289,0.5499235351254204,0.4386073654099206,0.6846741836061068,0.47291808646096967,0.49302125395003527,0.6821326457238593,0.4951308092637844,0.4634091302833757,0.6682505395573664,0.43448466446201695,0.4542139243662625,0.46427093556504273,0.6455097374309822,0.6598658796172026,0.4256392798987382,0.5110671772125327,0.5350929985101749,0.5137102704261272,0.5222671440905713,0.6871307164297088,0.4444132331335666,0.6859157593011002,0.5333611621144232,0.43892955493932917,0.5393974117743583
A fragment of Agǫtu saga-NRA norr fragm 70,0.645789091073766,0.6604301448739373,0.6631995253254852,0.6995104922644766,0.6742570912734988,0.6960680533518049,0.6891108043011056,0.6437367953480709,0.66619670692371,0.6421385554920754,0.733525716310942,0.7028161006745163,0.647334678609198,0.7965075635109092,0.709829639755861,0.6978012839888066,0.8213570257865426,0.8207598301603001,0.7289293106513042,0.718966499663312,0.7416451958313334,0.7037656179830318,0.6566025646974929,0.6921371998440256,0.7307224347607088,0.7044832590653924,0.7931677832869164,0.8210727981369587,0.7033509901611735,0.6838064858145069,0.8215931604104219,0.679421389490374,0.7554126320178463,0.6837465885176102,0.7644811754100372,0.0,0.7319348285417131,0.7934354860992454,0.7573479438016049,0.7558493739565306,0.750724780506232,0.766975562900932,0.7460331930178561,0.650582050374884,0.7825691079558433,0.6808751732593699,0.6503751841345902,0.8262251490374926,0.708364283749837,0.7059161064429456,0.8344119098483661,0.6803434726438226,0.6781821186953846,0.6324365389690765,0.7139229404054652,0.7936686492917135,0.6540821188466663,0.6838801744343336,0.6681769187378361,0.6654552532561467,0.7490725459819965,0.8141498895545938,0.6847539018232748,0.7312147607860103,0.7535918783317659,0.6538527235891691,0.6674939824207529
Zeta-fragment of Egils saga-AM 162 A ζ fol.,0.27604579626861336,0.2484382183463728,0.34994955425945573,0.4532011724501199,0.36506148464793975,0.2683022878278498,0.4294218482472646,0.477064848599589,0.27175470091897247,0.27352584879732633,0.3524534292602558,0.42570095065649594,0.24972146985222166,0.547761322271225,0.41787703265928866,0.3244044512314912,0.5101174778565236,0.5719884251837792,0.4110395599231107,0.2876100775162458,0.4387005281311972,0.3234909901365419,0.25161699399263415,0.22911542019035946,0.4435388554843983,0.38675943974684757,0.5574143202840962,0.511644093456962,0.36790189630964754,0.4120382901683556,0.6269118050601812,0.38265943085217324,0.5276354278357321,0.23376306898522703,0.56741993578673,0.7319348285417131,7.993605777301127e-15,0.5760834887857444,0.505499706502516,0.5277207590134113,0.4493975723446113,0.5313303715207709,0.48962793945681826,0.2236546482479369,0.6261197505743241,0.26641921128528734,0.40381686576710485,0.6310456000547229,0.4158944504436074,0.4085371398743406,0.6864408951275986,0.2922749732514206,0.12181657760842224,0.26146505471148573,0.5783779336550283,0.6200017394214877,0.23330952282138173,0.41433494394713266,0.3274641165761998,0.4280288693005688,0.40787117178772647,0.5814813904288294,0.24666564917367528,0.5634959386870124,0.5268446590496696,0.23021497088933085,0.3383504352564545
"A fragment of Gregors saga páfa and 
                            Díalógar-NRA norr fragm 71",0.5469925396095845,0.5249771230316674,0.572232184148507,0.6473362087437835,0.5243380727145426,0.5925530153674428,0.501781395608518,0.5902833181894478,0.5467323498991364,0.5304226395175429,0.5878923231172757,0.5568982710207109,0.5308158631985676,0.7436341416690015,0.6190023215956886,0.5516082384917791,0.7216146115539106,0.7262998764375266,0.5927453183223585,0.5532541261129906,0.6282735668355823,0.5915608958404116,0.5440570339385918,0.5306144213672417,0.5767684733262678,0.5541225045124067,0.6680786607486517,0.6894807558549247,0.5856786072272804,0.5444640815827062,0.7624877233894833,0.5338607508679438,0.6695629638151742,0.5500902747134885,0.7003917757495434,0.7934354860992454,0.5760834887857444,0.0,0.6893575618073582,0.6249409894610664,0.6803675248549979,0.7220995087384839,0.6783858588945251,0.5222629651451236,0.6469553616138317,0.5439420523169407,0.5064478538682825,0.7775178585755981,0.6088875408991654,0.6218435537634011,0.8039174157982946,0.5460621354805739,0.5228684005808224,0.46032020568689036,0.6591690725958008,0.7093195005854471,0.502925955939713,0.5264560246373797,0.5424108466240906,0.535280249651573,0.6604374059864189,0.7190674296247292,0.5453588731679682,0.6981060877751544,0.6605801389051675,0.5142588237846752,0.5492003998589333
A fragment of Flóress saga ok Blankiflúr-NRA norr fragm 65,0.42015866577234473,0.39640001281872084,0.48377429201643507,0.5361362251348125,0.5049664546869569,0.5206537930317703,0.5624381372594183,0.5058579112206852,0.43728519329821325,0.45032017121708123,0.5282412493313653,0.5343258389611351,0.4043727287516923,0.6308754798054588,0.5586094945918589,0.4810604974576628,0.6641730434273078,0.6543714779942083,0.5151768146952194,0.4980194926696514,0.5470192915403469,0.43839064855651466,0.406506471560528,0.4352015643252436,0.5428533968257362,0.4816038246701023,0.6146298796591442,0.6663036950001399,0.482175918805711,0.5633591069541276,0.6977225952469486,0.4890350554039463,0.6208808441625782,0.42489916419749474,0.5888175449278594,0.7573479438016049,0.505499706502516,0.6893575618073582,1.7763568394002505e-15,0.5885500225157351,0.5516827475749997,0.6239538943827583,0.5411251404891775,0.3879314895281004,0.7356212640540386,0.47393384374070524,0.48695444655682774,0.6808671765154743,0.48044559770709805,0.48863255945406237,0.7360704092941714,0.4360839769395226,0.41922380827438577,0.4315078615276834,0.5738453833230124,0.6884882965403967,0.3951771414396429,0.5370930811751051,0.48346354888757315,0.5146081292294625,0.5193288696793228,0.6289415806718635,0.45976418431996224,0.6307529971988546,0.5859947635759009,0.38407852139310394,0.48193122984316294
A fragment of Rimbegla-NRA norr fragm 59,0.4054184070644554,0.354091204671529,0.4672839165916559,0.5922374944509439,0.35631381860466216,0.5332308807664443,0.45957204992002854,0.4590757175782142,0.41557693590698475,0.42003760512019506,0.5118806988649756,0.4639230395194288,0.43626928685144006,0.6274767468859175,0.48806520990631796,0.4275821341602585,0.6678623268112679,0.6214702943376924,0.48149683882765415,0.4374916371124232,0.534879098923528,0.47872388463099746,0.4299011341438974,0.4117504119849962,0.4960530280139436,0.4292755049753544,0.4659809817448778,0.6086645465006996,0.48052492087934906,0.4976186636195594,0.6308067658270394,0.41745757863567534,0.5268411943998843,0.41535037333119895,0.5037860270120458,0.7558493739565306,0.5277207590134113,0.6249409894610664,0.5885500225157351,0.0,0.5595034967981785,0.6551033151909154,0.5422752908550064,0.3962473830320288,0.5683619696345091,0.42930315663369667,0.4014779461450577,0.6640006080457095,0.4607678553393746,0.41657668077179455,0.6063101033657624,0.3892197346440496,0.4065332258993378,0.37253979263198156,0.6366241163617969,0.5897028518912233,0.348390623204053,0.40792221175248,0.4862854351171837,0.42706397386365047,0.5203547013907974,0.668442025021118,0.39148206660753426,0.6890975669771906,0.4600389347971907,0.4008868139184698,0.5061440110988863
A fragment of Njáls saga-AM 162 B α fol,0.3554668688861604,0.34389608596779864,0.4321800799977835,0.5110599509307376,0.45098163629204513,0.4900834722804579,0.5519620889978125,0.464193740183934,0.354974842957102,0.387576622715205,0.49009348059757685,0.5401159326619731,0.3633128525747711,0.5800801687038405,0.47249540323297257,0.42503705700580197,0.5966017846802516,0.6215890112402861,0.501144982183646,0.41040306581958874,0.563371023731192,0.40908735217251535,0.3554943066731199,0.37606490987105445,0.5460879533215433,0.50049531135271,0.5524406668101092,0.5908163877479051,0.452751619452322,0.5326456497155135,0.6366257932329673,0.49384297363097474,0.5860586837950035,0.3426378612037412,0.5757034454455573,0.750724780506232,0.4493975723446113,0.6803675248549979,0.5516827475749997,0.5595034967981785,1.1102230246251565e-16,0.5882935200255228,0.5480921049673199,0.3236270776880744,0.7002455015854632,0.3721308085697588,0.47249032898597554,0.6756173213627508,0.4861817308036913,0.4579048443841208,0.6807968613484194,0.3844600965699475,0.3648879435643856,0.38107365862316755,0.6282732261086363,0.6555299911039965,0.3377583168646303,0.5042183673220175,0.43170052527059877,0.4985451925937545,0.47853367464740726,0.6611402705134997,0.34917486859407043,0.6244587899063355,0.5648468303687705,0.3384192355621598,0.4500526370781982
A fragment of Stjórn-NRA norr fragm 60 C,0.46306493106085644,0.4363444955611677,0.4838227659998826,0.561326283334239,0.544120144214898,0.5479013810456055,0.5785719528227704,0.5822301354870136,0.4706417112668795,0.46986172939808424,0.5173221450032752,0.5779493042854608,0.43450366816763897,0.6290725104013359,0.5486722742746721,0.5023497861148569,0.6552574459759186,0.6918831728019696,0.5624452628931076,0.5219273365110677,0.6251977090042015,0.48884464295644503,0.4443788914076917,0.4475238363901457,0.5931997634909358,0.5592139117535653,0.6966347206675458,0.6536137024613113,0.5234820430321356,0.5677866760375028,0.7661086589203674,0.5433882430897577,0.6270408800789171,0.46994901864337346,0.6744535969401289,0.766975562900932,0.5313303715207709,0.7220995087384839,0.6239538943827583,0.6551033151909154,0.5882935200255228,1.5543122344752192e-15,0.5991814969374794,0.41701325174697834,0.7403675896010795,0.47298120313124725,0.5497492068981131,0.7271090130828028,0.5605485398839272,0.5473370648045943,0.7523146398837623,0.4809643876042484,0.4488356631024185,0.4204441217443329,0.6292915699637522,0.7198288340912495,0.4308377328459394,0.5690059712575427,0.48067393071689923,0.5572437647913282,0.5976281037426261,0.6854826006001941,0.48118500510499895,0.6157391621550186,0.6367263657912676,0.43355899739046755,0.5072724560425438
A fragment of Karlamagnúss saga-NRA norr fragm 61,0.3744230315201046,0.3677437729230544,0.4212466897262874,0.5154980000813434,0.4580111617577999,0.49577393992006524,0.5467564632522478,0.45714300135187147,0.38497987976855663,0.39633756741182513,0.4725401650092447,0.5003754168195558,0.37655398962984243,0.6013595952628619,0.4975560707588482,0.43010250189822097,0.6264915617096304,0.645755195561489,0.5060234513343196,0.4636626134449636,0.5384407927459186,0.42703730964890074,0.3544628485603467,0.4075129028958946,0.5408215038403175,0.4681668937602229,0.5793394736934705,0.625927717542099,0.472910598798442,0.5462517528889406,0.675205743705583,0.4660102179798389,0.5413536558092868,0.3906723343540732,0.5499235351254204,0.7460331930178561,0.48962793945681826,0.6783858588945251,0.5411251404891775,0.5422752908550064,0.5480921049673199,0.5991814969374794,0.0,0.3669751214234245,0.6755161604257891,0.4211881840547892,0.48302098090047074,0.6522032682636227,0.45365199147065993,0.42000758338094824,0.6846031878464913,0.38840629872679,0.37705554645792383,0.39312410510133233,0.6003822013788945,0.6746976421581008,0.38829099978348824,0.5084823716701128,0.45066082596053725,0.5041994274870762,0.47478265874643466,0.6484333231855859,0.4112439849678384,0.5815579195005921,0.5645878438282119,0.35674356659875617,0.46174684736435556
Finnboga saga according to AM 132 fol (Möðruvallabók)-AM 132 fol (100ra.1–114ra.41),0.11747516740855801,0.09399144966343731,0.20685546453542847,0.3130659668435861,0.24174609847096828,0.30013768267606233,0.33246187589732845,0.30226660266112626,0.11124387176872563,0.13881252927822285,0.28470450392857716,0.33396894429979684,0.10620563884983669,0.44193770525203246,0.28485826050814056,0.19060119788041052,0.46498995918909236,0.4907130688834903,0.2907855856848752,0.19537414906410744,0.3792110973866003,0.1733428643742151,0.09380072373255033,0.14219252040813934,0.35037077954818996,0.2867761346230969,0.42829980659010025,0.45276878917816676,0.23961228470744023,0.3284602669460267,0.5564782654991453,0.2772350093129313,0.4189370520553848,0.10317850232534864,0.4386073654099206,0.650582050374884,0.2236546482479369,0.5222629651451236,0.3879314895281004,0.3962473830320288,0.3236270776880744,0.41701325174697834,0.3669751214234245,0.0,0.5674222211912735,0.1363779283158152,0.26507357575108914,0.5456078166629823,0.2801793166068294,0.2658873849449638,0.569495102729767,0.14833846098167935,0.12133548219623835,0.11108806818446038,0.4692881591214477,0.516886684566104,0.09271424020022934,0.29623691925490425,0.20941148373787577,0.2995659752376142,0.2999619930534755,0.5075127400726054,0.12239554738742164,0.45813735217189755,0.3941817261263644,0.06958975615621488,0.22686658923751324
De xii abusivis saeculi-AM 677 4to,0.5574845510801434,0.5378855490416885,0.5818600494019533,0.6802303831065284,0.46172153104179514,0.6343687960888578,0.4584500962263054,0.559576258336727,0.5686820644237494,0.5348375766994611,0.6146126069018676,0.5034268622760052,0.5738464522275287,0.7535599847887458,0.6081222801276196,0.5465341201640377,0.763008821991441,0.7207732703859411,0.5848741570311332,0.5743277899228507,0.6333310833820134,0.622601150310325,0.5737614096483385,0.5642856561359073,0.5640912712254615,0.5152279791349653,0.6297413490573773,0.720258153027043,0.6075969609894614,0.5173028534688981,0.7348147165380532,0.4860760666864542,0.6429322685532519,0.5829580631230828,0.6846741836061068,0.7825691079558433,0.6261197505743241,0.6469553616138317,0.7356212640540386,0.5683619696345091,0.7002455015854632,0.7403675896010795,0.6755161604257891,0.5674222211912735,0.0,0.5732193345411032,0.421074112608242,0.7581132498815226,0.6249524242130622,0.60640762121116,0.7104347515226757,0.5483096812077719,0.5611787737730519,0.46720642457283246,0.6678850462426219,0.669426307927937,0.5159576035254387,0.5086374964777928,0.5601709576110088,0.48779080794885454,0.6528628760853628,0.7655574871706489,0.5758707315203144,0.7322278048938213,0.6165981287086473,0.5576209251998852,0.5840868822195489
Fóstbræðra saga according to AM 132 fol (Möðruvallabók)-AM 132 fol (198rb.8–201vb.41),0.19061376899631433,0.16146025941725328,0.25478389760913134,0.3769953428217767,0.25438822175991727,0.34988913239851815,0.36904743827287123,0.350229621902554,0.17218982568003371,0.2005507330509343,0.321191245569742,0.3689220033808033,0.17521409523327713,0.4909473936940667,0.3309762855828695,0.2589402339434377,0.4904154798869479,0.5311227909359277,0.3474600257628264,0.21525764437993122,0.3936326896445166,0.2638089303166189,0.1626160039762029,0.19814013748637027,0.3745618249389573,0.3241566385179431,0.4822847609728734,0.46521755344377413,0.3109686435037956,0.3508807411660694,0.5544746870310991,0.31613904698794193,0.4383294029279924,0.1540045045498265,0.47291808646096967,0.6808751732593699,0.26641921128528734,0.5439420523169407,0.47393384374070524,0.42930315663369667,0.3721308085697588,0.47298120313124725,0.4211881840547892,0.1363779283158152,0.5732193345411032,0.0,0.30209866877168945,0.5829444152231071,0.3396842388782295,0.32356195326148385,0.610142512831958,0.21107195347565155,0.1727677702379521,0.17524051474652846,0.5038309206345704,0.5640802536017209,0.15459949441640963,0.3234576430313757,0.2657588304178262,0.3304619293541312,0.3369029056103209,0.5536157277379403,0.15510764887288875,0.49600187319417344,0.4381964951691436,0.14269102512666632,0.27363359509067253
De virtutibus et vitiis-AM 619 4to,0.28605994998604634,0.2603031215818802,0.3327041325463169,0.4451614978200493,0.21967595580321964,0.4049549684482988,0.20324300156977926,0.3092998836030775,0.30320090396356925,0.24793913278608393,0.3986877298504393,0.2672998323062791,0.2808799425144094,0.5720562063523442,0.39261373648335607,0.32440276106633714,0.6262791748633779,0.5632822930974972,0.38890707656549306,0.3463398653615617,0.4529647857214055,0.36336123507748264,0.2947205286552347,0.3155187904233572,0.32464347653236536,0.26431470139694346,0.4577248007443553,0.56134043926953,0.3682308814427534,0.3015929719429309,0.6002942013993773,0.2300094855919439,0.46880494401410144,0.32107302102597846,0.49302125395003527,0.6503751841345902,0.40381686576710485,0.5064478538682825,0.48695444655682774,0.4014779461450577,0.47249032898597554,0.5497492068981131,0.48302098090047074,0.26507357575108914,0.421074112608242,0.30209866877168945,9.547918011776346e-15,0.6318816585927343,0.39878734976564534,0.3992525998075659,0.6143056346801627,0.3028639040704064,0.3024402642472628,0.15845239385273557,0.44003586466316846,0.49092081537786314,0.2178048601516681,0.28444065980247013,0.3019709747350394,0.2323680930487133,0.4655127814399559,0.5879938395243844,0.32413025021852715,0.5374714859141936,0.43600519923879844,0.2505641787414563,0.322938706586534
A fragment of Stjórn-NRA norr fragm 60 B,0.5444212764536966,0.5470804381654557,0.5982788500545639,0.6609701794861648,0.6062515733305041,0.6560865778065516,0.697160613722239,0.6450906808541325,0.5705040045477799,0.587494796518188,0.6508025672478346,0.6795300413242378,0.5583483261807929,0.7136216394873665,0.6395146243582365,0.5914183901960882,0.7343214805410039,0.7261324550368844,0.6513088434061105,0.60385577653442,0.654873805808049,0.5906762484413635,0.5514090233032762,0.5712022854116061,0.6758702723853067,0.6402290610973647,0.6974803652530037,0.7394097198046565,0.6204594495567805,0.6879423264644375,0.747960545909606,0.6445223184148363,0.672344226520892,0.5604567235956202,0.6821326457238593,0.8262251490374926,0.6310456000547229,0.7775178585755981,0.6808671765154743,0.6640006080457095,0.6756173213627508,0.7271090130828028,0.6522032682636227,0.5456078166629823,0.7581132498815226,0.5829444152231071,0.6318816585927343,0.0,0.6217645012281829,0.5970086294745571,0.757083220830316,0.5665719388581663,0.559520211935017,0.58533409843627,0.7462524625528115,0.7607262443677651,0.5465920671293187,0.6583261467331255,0.6155846914023173,0.6622401414563366,0.6261861520783639,0.7529951999352001,0.566917991305824,0.7278833535100739,0.6852330913908673,0.5522597767222943,0.6311313242411873
A fragment of Karlamagnúss saga-NRA norr fragm 62,0.30749171495063987,0.27063184607199664,0.3670778208289096,0.4719074453499108,0.3733283882403303,0.45485982982650486,0.4690003155892398,0.41783972244598633,0.31593292680613805,0.33627390917061484,0.42370169745157626,0.4239932321353008,0.3106308179880076,0.5683911379649711,0.4374028241523419,0.3541239188714974,0.5944970285126621,0.5815040033286809,0.43679530876163974,0.3727713700266023,0.46604619644726164,0.3565426968737252,0.29899392479616704,0.31253115663813746,0.45799960163462594,0.3737504153930642,0.535065961973699,0.5750607773184552,0.3983193536209084,0.4667707162610164,0.632431813833757,0.3733210830867072,0.4962703167915591,0.31850742269594157,0.4951308092637844,0.708364283749837,0.4158944504436074,0.6088875408991654,0.48044559770709805,0.4607678553393746,0.4861817308036913,0.5605485398839272,0.45365199147065993,0.2801793166068294,0.6249524242130622,0.3396842388782295,0.39878734976564534,0.6217645012281829,4.9960036108132044e-15,0.31231370205777065,0.6482911540806223,0.3113379467475196,0.30405736603078337,0.305178352561725,0.5641103866032264,0.6036971161647232,0.26769936336807254,0.4311292933292684,0.37482188388357496,0.4404376351585345,0.4344046994944899,0.5969257086154149,0.3184918532881912,0.5685012742029958,0.48834205346054216,0.28007953515161843,0.4098371740706662
A fragment of Karlamagnúss saga-NRA norr fragm 63,0.274527113273506,0.23956409215254004,0.3420970846169019,0.4740804362218197,0.3361283899215751,0.43735096513776517,0.48382025529634287,0.4034027902599471,0.29481257007624095,0.3314218406225574,0.38929902874409605,0.44106283259683077,0.2946977307981119,0.5247546367986733,0.4016684996764046,0.3202913263341176,0.5528527267557242,0.5484727533743036,0.4207202919383821,0.33967800511639235,0.4538692462707946,0.33327758813883357,0.2761017956223739,0.27110566576223616,0.4670481463266899,0.392862986905423,0.4814570759187301,0.5447092883253131,0.3727403827861321,0.4745927826584291,0.597784400418418,0.3890859657662835,0.4402145314944257,0.28499603449923616,0.4634091302833757,0.7059161064429456,0.4085371398743406,0.6218435537634011,0.48863255945406237,0.41657668077179455,0.4579048443841208,0.5473370648045943,0.42000758338094824,0.2658873849449638,0.60640762121116,0.32356195326148385,0.3992525998075659,0.5970086294745571,0.31231370205777065,2.6645352591003757e-15,0.5728886438061511,0.277528408680333,0.2723138154590141,0.2889152832448294,0.5903752081674789,0.5868427538095591,0.2472206182331852,0.41342876779801463,0.3676262480659652,0.4356462230623218,0.4108369246619984,0.604505031836287,0.2762317406056345,0.5529408665648663,0.45566916391417633,0.2759604727463584,0.41978782716002117
A fragment of Stjórn-NRA norr fragm 60 A,0.5796905660810505,0.5493216277025827,0.6397040596690158,0.7275595495865641,0.5846776208550021,0.6933553784046569,0.6925170226204851,0.6447504910906048,0.6072955934719998,0.6093901288716157,0.6735927743628016,0.6838123877943054,0.6191287589421666,0.7153350496497654,0.6487291914947668,0.6012827191710501,0.7710437276952786,0.7212767465693108,0.65464124856605,0.6131094776749255,0.7084300865459601,0.6239828345161746,0.6037838979987726,0.5977988998719017,0.69174405642744,0.6565259784160722,0.6234396492494625,0.7395505864224382,0.636394348029051,0.6948344532053495,0.7578651860066599,0.6474192583511313,0.6768671654629536,0.5930253167704516,0.6682505395573664,0.8344119098483661,0.6864408951275986,0.8039174157982946,0.7360704092941714,0.6063101033657624,0.6807968613484194,0.7523146398837623,0.6846031878464913,0.569495102729767,0.7104347515226757,0.610142512831958,0.6143056346801627,0.757083220830316,0.6482911540806223,0.5728886438061511,0.0,0.5854494624386151,0.602749508087399,0.5852383997897186,0.7613184569671128,0.7151379086690915,0.5493559636089901,0.630037738227454,0.6520330990458866,0.6448207875266991,0.6579010105133034,0.7890934100147778,0.5693265236327336,0.806855682513019,0.6306943311566454,0.5976206271021075,0.6976664051468822
Trójumanna saga-AM 573 4to,0.18382494575275588,0.1300007425732186,0.26975044947062377,0.40003673770602954,0.25771809760508313,0.3548794903037178,0.37641607685542955,0.32038876524801874,0.19089983748231976,0.22617368079351086,0.3222372420658456,0.35634900594413255,0.18816615439059858,0.48461254355474015,0.309834951715798,0.2259642777073223,0.48977196891861674,0.502871097275439,0.3382109872011735,0.22716478642080817,0.39395985084978924,0.254714544786953,0.17955226273029623,0.18407278175533393,0.39161624816872975,0.3119887922241491,0.45406623024489057,0.47960791593958685,0.29073134837994485,0.3791242764920336,0.5641984686337819,0.3052313767286886,0.4241130006284535,0.1722764435826759,0.43448466446201695,0.6803434726438226,0.2922749732514206,0.5460621354805739,0.4360839769395226,0.3892197346440496,0.3844600965699475,0.4809643876042484,0.38840629872679,0.14833846098167935,0.5483096812077719,0.21107195347565155,0.3028639040704064,0.5665719388581663,0.3113379467475196,0.277528408680333,0.5854494624386151,0.0,0.1699232660311073,0.16799566762406914,0.5061314429191439,0.5425550585380982,0.14347965199172985,0.3321403737081887,0.2717223008812292,0.3411371272496281,0.32923563796016964,0.5477386555342709,0.17646826084147493,0.5172876381044214,0.3987295737102575,0.163413968101069,0.30799189250099057
Egils saga Skalla-Grímssonar in Wolfenbüttelbók-WolfAug 9 10 4to,0.15179291559132557,0.12198985884141333,0.2283390698491763,0.36453416110907244,0.2454176684706747,0.18993243987036057,0.3533368793398727,0.3506654101123917,0.16444449213262513,0.17679033020360946,0.24181410282744142,0.34182363514287406,0.13500148963582148,0.45986764775992417,0.32029638256907744,0.21372420588931063,0.4417215345970914,0.49608436562543023,0.3185507747974793,0.19221221140090305,0.3572342183506453,0.21743834506404147,0.13971492194491553,0.11346072918326211,0.36249080074297513,0.29177813932483354,0.45188250670683927,0.4300085625640807,0.2694599922319959,0.3394519480725766,0.5599083071176905,0.2865518377953894,0.403644820511604,0.1362457345089939,0.4542139243662625,0.6781821186953846,0.12181657760842224,0.5228684005808224,0.41922380827438577,0.4065332258993378,0.3648879435643856,0.4488356631024185,0.37705554645792383,0.12133548219623835,0.5611787737730519,0.1727677702379521,0.3024402642472628,0.559520211935017,0.30405736603078337,0.2723138154590141,0.602749508087399,0.1699232660311073,4.8960835385969403e-14,0.15080807849953226,0.5014284597479652,0.5510558725645606,0.12489810347999353,0.30739962304405444,0.226314986060409,0.3273669647068259,0.32315013015438787,0.522885990625044,0.1420002056455104,0.457409007173894,0.41674734867948304,0.13086204695994352,0.2515786957512268
Alexanders saga-AM 519 a 4to,0.16691782873988448,0.11721551106516914,0.2105532137755468,0.34417739401578595,0.1895179792803352,0.28734981326316344,0.19179297080391644,0.2753369003535344,0.1706522203342754,0.14067076102860399,0.25824661954874695,0.23920181108219984,0.1413171875883974,0.4773302720447603,0.2675443053305401,0.1922535007377575,0.4945320874647402,0.5071207715046737,0.29094364238115455,0.23050210313601005,0.3965818621758872,0.22694200773128348,0.15460398168548894,0.1526266866132011,0.3038498948483713,0.22792444290903346,0.427715191335055,0.45833533539930693,0.24848936838490654,0.23609371614738062,0.5849908868433638,0.19201595731037024,0.4150738268566041,0.1793075760643511,0.46427093556504273,0.6324365389690765,0.26146505471148573,0.46032020568689036,0.4315078615276834,0.37253979263198156,0.38107365862316755,0.4204441217443329,0.39312410510133233,0.11108806818446038,0.46720642457283246,0.17524051474652846,0.15845239385273557,0.58533409843627,0.305178352561725,0.2889152832448294,0.5852383997897186,0.16799566762406914,0.15080807849953226,0.0,0.4097845045468932,0.46916817543283695,0.09389817705565062,0.22339939488464033,0.17889907327185273,0.2047391636128194,0.37817290863898656,0.5266704843039169,0.1806570051801636,0.4432399035588098,0.3772470789667117,0.11495346561317177,0.22806832993994064
A fragment of Konungs skuggsjá-NRA norr fragm 58 B,0.48102026746012705,0.47553337763059655,0.4977433928727608,0.558051791424941,0.4985725086851719,0.5288124052184613,0.48964537785324036,0.46343298530505994,0.4959808286551026,0.4465306819599326,0.5670419742270809,0.5290525445606561,0.4557570824212551,0.7040456123117579,0.559853864631964,0.539496355608942,0.7212171312601958,0.7346511562254756,0.5815653915494438,0.5678576070270016,0.6149701793838905,0.5439730188579608,0.4723287193044948,0.5219117483761933,0.5429626663095855,0.5288132103920866,0.6801824103663279,0.7104632045686796,0.5560000294698626,0.5010068325732231,0.7612171031617256,0.5028799785240876,0.6597622363006976,0.5146975660723148,0.6455097374309822,0.7139229404054652,0.5783779336550283,0.6591690725958008,0.5738453833230124,0.6366241163617969,0.6282732261086363,0.6292915699637522,0.6003822013788945,0.4692881591214477,0.6678850462426219,0.5038309206345704,0.44003586466316846,0.7462524625528115,0.5641103866032264,0.5903752081674789,0.7613184569671128,0.5061314429191439,0.5014284597479652,0.4097845045468932,0.0,0.7118757526402861,0.4612594626979939,0.5001715480521782,0.48743041945253807,0.4719481460629138,0.6141765623144366,0.6838637894500335,0.5327498246818347,0.5946418077742869,0.6446036463805422,0.448092850549485,0.4744013170407625
A fragment of Konungs skuggsjá-AM 1056 IX 4to,0.5360091658782291,0.5105016356031031,0.5780104042815308,0.6574813762437164,0.5207589533232145,0.6276287312036328,0.522408028334133,0.5727163649310534,0.5574826809610198,0.5324859105229391,0.6191643824645019,0.5220676878602832,0.5501551767147392,0.715406641495823,0.5990612742635706,0.5599213409725992,0.7509508451867992,0.7110194102299696,0.5967413587844715,0.5784693813375053,0.6749683121808319,0.5930121110208483,0.5557151571252342,0.5452242057726813,0.6202299027293501,0.5079873245563586,0.6310893911859008,0.6994799738084537,0.5756811247086435,0.5857038503244518,0.7488872821192868,0.4853168821888889,0.664880832971134,0.5585340692907292,0.6598658796172026,0.7936686492917135,0.6200017394214877,0.7093195005854471,0.6884882965403967,0.5897028518912233,0.6555299911039965,0.7198288340912495,0.6746976421581008,0.516886684566104,0.669426307927937,0.5640802536017209,0.49092081537786314,0.7607262443677651,0.6036971161647232,0.5868427538095591,0.7151379086690915,0.5425550585380982,0.5510558725645606,0.46916817543283695,0.7118757526402861,0.0,0.4937426558007303,0.5344662381099636,0.5693615114093218,0.5203941846280017,0.6525617347733373,0.7559748235846022,0.5498581719604829,0.7373869590475584,0.5925181450735231,0.5275743535176272,0.6021503618555101
Reynistaðarbók-AM 764 4to,0.1444575278004201,0.07618260670445465,0.23736128212294216,0.35887238781292674,0.2043360545041628,0.312621932933868,0.2996816624513672,0.3174320022479492,0.15868678335650577,0.1893206812311946,0.278688765665388,0.30790228839035516,0.142194619118158,0.43651752231126817,0.28723224207026843,0.20304663009913426,0.46273433318960155,0.45091464352819466,0.27392768033227977,0.17811425189141095,0.3751045673531105,0.20137065534512533,0.14707953279239183,0.09931419847160528,0.3192380283173789,0.26307807240577297,0.42849975838530563,0.43757708928149064,0.22867207727580208,0.29908827358548074,0.5295173359991847,0.24591229636039003,0.4044927046110922,0.1308673924231195,0.4256392798987382,0.6540821188466663,0.23330952282138173,0.502925955939713,0.3951771414396429,0.348390623204053,0.3377583168646303,0.4308377328459394,0.38829099978348824,0.09271424020022934,0.5159576035254387,0.15459949441640963,0.2178048601516681,0.5465920671293187,0.26769936336807254,0.2472206182331852,0.5493559636089901,0.14347965199172985,0.12489810347999353,0.09389817705565062,0.4612594626979939,0.4937426558007303,0.0,0.2835003542298363,0.19054345095306224,0.28614063718008176,0.3298311351785821,0.5051927962430423,0.126461612320942,0.5009239863873981,0.3724737555083176,0.11203142082041906,0.26445696189585677
A fragment of Konungs skuggsjá-NRA norr fragm 58 C,0.32053769773259877,0.29204535897999884,0.3394575587094619,0.47190981409479604,0.2767999495280715,0.3935630131209603,0.2868089188273103,0.3614420431934291,0.3257346254759592,0.27997590878546474,0.3940553253170368,0.33205448700155926,0.3074078973079891,0.6074612005746445,0.389697170857378,0.34679844228905543,0.6085806209654276,0.6165206257591822,0.4329200427061899,0.3666261735428543,0.4675931047332931,0.3980674426482228,0.32709485007008643,0.3305952484680953,0.4101373399816177,0.3087897552861848,0.4494577809248561,0.5317523448088037,0.4072109884146935,0.34929389301770775,0.5862747503894092,0.2861317817023581,0.4995689019679508,0.33412907907660117,0.5110671772125327,0.6838801744343336,0.41433494394713266,0.5264560246373797,0.5370930811751051,0.40792221175248,0.5042183673220175,0.5690059712575427,0.5084823716701128,0.29623691925490425,0.5086374964777928,0.3234576430313757,0.28444065980247013,0.6583261467331255,0.4311292933292684,0.41342876779801463,0.630037738227454,0.3321403737081887,0.30739962304405444,0.22339939488464033,0.5001715480521782,0.5344662381099636,0.2835003542298363,0.0,0.35219028548769815,0.23604822392144598,0.49471539980481416,0.6222899770890857,0.30583991747004347,0.5430263439683377,0.4314489484638153,0.28921724804894877,0.34862541242260536
Dámusta saga-AM 557 4to,0.22444651741369392,0.21947009685678065,0.2859360688442536,0.37533822030280617,0.32219194956180575,0.3583731706094989,0.34956945018599694,0.37163972746298446,0.2653355567112934,0.25875891217665237,0.32457097115399025,0.3696481166392549,0.21322821195665642,0.5262929262940946,0.36794754409629904,0.28864421602252666,0.5185309220772878,0.5422317667719174,0.37922733793660934,0.31414854573552053,0.46623958947059263,0.28448376786981344,0.22943205722181736,0.2153601729839354,0.4054713661083521,0.354641830204769,0.5205222224678616,0.513162355715042,0.3198131199132591,0.3494114768352602,0.610511921175509,0.3273536695727791,0.459886980909159,0.26410853110101506,0.5350929985101749,0.6681769187378361,0.3274641165761998,0.5424108466240906,0.48346354888757315,0.4862854351171837,0.43170052527059877,0.48067393071689923,0.45066082596053725,0.20941148373787577,0.5601709576110088,0.2657588304178262,0.3019709747350394,0.6155846914023173,0.37482188388357496,0.3676262480659652,0.6520330990458866,0.2717223008812292,0.226314986060409,0.17889907327185273,0.48743041945253807,0.5693615114093218,0.19054345095306224,0.35219028548769815,0.0,0.3370467283364328,0.44236393275757546,0.5761336720894112,0.266798267787853,0.4252564849845144,0.4806669751402206,0.21579779922769438,0.31340754084030575
A fragment of Konungs skuggsjá-NRA norr fragm 58 A,0.32358645401495567,0.3005421433533074,0.3431566707236309,0.45240550913956323,0.2806455714461932,0.38754992452760517,0.2519453925767533,0.319608028632947,0.329448470676437,0.25714149906584094,0.4020088689977498,0.2991153241750676,0.3064435110219862,0.6126905822707361,0.38738589046787764,0.36996736041305345,0.6337124182880669,0.6384685246330055,0.429055247382624,0.39389869182120907,0.476513961309849,0.4117215142654769,0.32878068353223977,0.35344938899025446,0.39868484341827215,0.29008700040829005,0.4812062717861232,0.5613408646086769,0.40850629599835175,0.3357506301288007,0.5986140226189183,0.25460917311947184,0.5149667200916839,0.34674308542585897,0.5137102704261272,0.6654552532561467,0.4280288693005688,0.535280249651573,0.5146081292294625,0.42706397386365047,0.4985451925937545,0.5572437647913282,0.5041994274870762,0.2995659752376142,0.48779080794885454,0.3304619293541312,0.2323680930487133,0.6622401414563366,0.4404376351585345,0.4356462230623218,0.6448207875266991,0.3411371272496281,0.3273669647068259,0.2047391636128194,0.4719481460629138,0.5203941846280017,0.28614063718008176,0.23604822392144598,0.3370467283364328,0.0,0.5028748658488149,0.6198923449673754,0.3388904890908666,0.5323488856851843,0.4346499461309181,0.27806260538597904,0.32606015257084564
Two fragments of Njáls saga-AM 162 B θ fol,0.3328332868466619,0.31074267615956364,0.4059287623534318,0.495031086575618,0.4166315119623687,0.48245502715669075,0.5773823622509597,0.4476012695336792,0.30819879241557335,0.3527800642303033,0.4686316695522966,0.5010834086435416,0.3344948418518171,0.5686987088314123,0.4757618098004224,0.3807388673051506,0.5865397518632733,0.5956251084613572,0.47919483445913547,0.36171078142411606,0.4752347040151935,0.3851952456647253,0.2933071424863256,0.3575656103056569,0.5216769797178341,0.4394633826092267,0.5654980559411029,0.5823986578582492,0.4456782646236822,0.5173492521695724,0.6051214749513438,0.44735207473045036,0.5357214982892067,0.2936103071286724,0.5222671440905713,0.7490725459819965,0.40787117178772647,0.6604374059864189,0.5193288696793228,0.5203547013907974,0.47853367464740726,0.5976281037426261,0.47478265874643466,0.2999619930534755,0.6528628760853628,0.3369029056103209,0.4655127814399559,0.6261861520783639,0.4344046994944899,0.4108369246619984,0.6579010105133034,0.32923563796016964,0.32315013015438787,0.37817290863898656,0.6141765623144366,0.6525617347733373,0.3298311351785821,0.49471539980481416,0.44236393275757546,0.5028748658488149,1.887379141862766e-15,0.6337952596746435,0.3200421837008509,0.6264925497733329,0.5439277344145295,0.30177690493721265,0.43234950040836273
"De xii abusivis saeculi, Prosper’s Epigrams, Gregory’s Homilies on the Gospels, Gregory’s Dialogues-AM 677 4to",0.5455027741368281,0.5116153948980207,0.5881996209502185,0.6417857297061803,0.5802014902142043,0.6198979595691058,0.5412133253242972,0.6455385205799917,0.5488974923038934,0.5664725803174785,0.608415046227882,0.6155496195711204,0.5232603585256739,0.7043464533359941,0.6402566320262152,0.5782716842417327,0.7227580287374751,0.7346110007640863,0.6112823984607398,0.5744480073744482,0.6281772443548899,0.5636782969095518,0.5312850558017693,0.5293516757580369,0.1286747603003694,0.5841604505090207,0.6947198458559474,0.7182861235302841,0.5919014195136287,0.6343361015541071,0.7694056420387372,0.5849294905048847,0.6893203377384625,0.5327308842180987,0.6871307164297088,0.8141498895545938,0.5814813904288294,0.7190674296247292,0.6289415806718635,0.668442025021118,0.6611402705134997,0.6854826006001941,0.6484333231855859,0.5075127400726054,0.7655574871706489,0.5536157277379403,0.5879938395243844,0.7529951999352001,0.5969257086154149,0.604505031836287,0.7890934100147778,0.5477386555342709,0.522885990625044,0.5266704843039169,0.6838637894500335,0.7559748235846022,0.5051927962430423,0.6222899770890857,0.5761336720894112,0.6198923449673754,0.6337952596746435,0.0,0.5501848410839943,0.7203797159137343,0.6785573403615335,0.5061267740245177,0.5805037078175257
Eiríks saga rauða-AM 557 4to,0.16256820095058444,0.12939078781266133,0.2507116751999845,0.3835395396849641,0.24433136521916,0.33471876925335775,0.39570366190549955,0.3444669388947357,0.15207243713463559,0.22196439105563381,0.30968090713881025,0.38183143135415076,0.16484396334907692,0.47185177391001354,0.3099536576495282,0.23955810228694863,0.4648999358095056,0.504104946886151,0.33987923159156896,0.18438952063920633,0.3795820205999533,0.23624817260609787,0.15774180708415098,0.15801228161492198,0.38499606678237097,0.3229458182936831,0.44507612393136176,0.43764546636440527,0.2915255984848919,0.367842651823139,0.5073029048864477,0.32261123982384865,0.4161780463446997,0.12275302272665944,0.4444132331335666,0.6847539018232748,0.24666564917367528,0.5453588731679682,0.45976418431996224,0.39148206660753426,0.34917486859407043,0.48118500510499895,0.4112439849678384,0.12239554738742164,0.5758707315203144,0.15510764887288875,0.32413025021852715,0.566917991305824,0.3184918532881912,0.2762317406056345,0.5693265236327336,0.17646826084147493,0.1420002056455104,0.1806570051801636,0.5327498246818347,0.5498581719604829,0.126461612320942,0.30583991747004347,0.266798267787853,0.3388904890908666,0.3200421837008509,0.5501848410839943,0.0,0.5158591518854805,0.4106869027420288,0.14229544912024883,0.29038719534104795
Stúfs þáttr Kattarsonar-AM 557 4to,0.42267334753203967,0.48993391640655637,0.4067591056240062,0.4881513090577121,0.5491078675561261,0.5196741757565271,0.5789281184238468,0.5034878708978514,0.46807460548764035,0.44046730768577613,0.4915541926101976,0.5861540126031441,0.4036010080114859,0.6776590128520092,0.5416609986280415,0.5013386191011253,0.6551571821471147,0.7367763770975071,0.6214991850252022,0.5680659818420846,0.6207963036070467,0.48060681383940496,0.40813824655618813,0.4773003120291307,0.61476239645459,0.585604542852276,0.7102426229728995,0.6718444667436354,0.5410454186629858,0.5601375558921013,0.7418659893883139,0.5619446787837172,0.5669163506753495,0.49731182076087177,0.6859157593011002,0.7312147607860103,0.5634959386870124,0.6981060877751544,0.6307529971988546,0.6890975669771906,0.6244587899063355,0.6157391621550186,0.5815579195005921,0.45813735217189755,0.7322278048938213,0.49600187319417344,0.5374714859141936,0.7278833535100739,0.5685012742029958,0.5529408665648663,0.806855682513019,0.5172876381044214,0.457409007173894,0.4432399035588098,0.5946418077742869,0.7373869590475584,0.5009239863873981,0.5430263439683377,0.4252564849845144,0.5323488856851843,0.6264925497733329,0.7203797159137343,0.5158591518854805,1.4432899320127035e-15,0.6803775171883342,0.4426234498186411,0.47571386361348744
A fragment of Konungs skuggsjá-NKS 235 g 4to,0.41252791498704633,0.369533350142495,0.4736284789392772,0.5804863058411677,0.406506229518689,0.5343057389043421,0.4787430470459725,0.46054277957340883,0.4288010446356859,0.42612771960348794,0.5200655223295242,0.4726970386882965,0.4319979234140937,0.6286897733668094,0.49666891914422784,0.44387290106469035,0.6617601703966272,0.6356617022106847,0.5016523413684028,0.45003404701657035,0.553230075295546,0.48342138954825276,0.4305871172245517,0.4244529314331634,0.531957267612809,0.43465908628993977,0.5061276942609971,0.6171265867540624,0.47680286556682105,0.5104894308022314,0.6518319715307044,0.42270980669083946,0.5581996231999078,0.4241029733510695,0.5333611621144232,0.7535918783317659,0.5268446590496696,0.6605801389051675,0.5859947635759009,0.4600389347971907,0.5648468303687705,0.6367263657912676,0.5645878438282119,0.3941817261263644,0.6165981287086473,0.4381964951691436,0.43600519923879844,0.6852330913908673,0.48834205346054216,0.45566916391417633,0.6306943311566454,0.3987295737102575,0.41674734867948304,0.3772470789667117,0.6446036463805422,0.5925181450735231,0.3724737555083176,0.4314489484638153,0.4806669751402206,0.4346499461309181,0.5439277344145295,0.6785573403615335,0.4106869027420288,0.6803775171883342,0.0,0.4091559102099782,0.5053600266744585
Víga-Glúms saga according to AM 132 fol (Möðruvallabók)-AM 132 fol (129rb.8–141va.32),0.1293635210835704,0.1125659724829704,0.1994163688116959,0.3120581398134916,0.2355350579505323,0.2909586257126101,0.3075055448237184,0.2770712912510176,0.11226438148044615,0.11233946590988564,0.28092433454595966,0.31281762597664664,0.11247589519681467,0.4660303738095234,0.28872988446864756,0.20910835637640202,0.47414639539370795,0.5109535063899759,0.30594705065563,0.2087998571945211,0.3766260828577561,0.1942777595535956,0.09435786011461134,0.1637988506039565,0.33443094369694915,0.26834091076832656,0.43515152852939554,0.45698462250661775,0.2481564019827932,0.30839944631277805,0.552015545211257,0.25958148650254986,0.4263607739987392,0.11319771717819116,0.43892955493932917,0.6538527235891691,0.23021497088933085,0.5142588237846752,0.38407852139310394,0.4008868139184698,0.3384192355621598,0.43355899739046755,0.35674356659875617,0.06958975615621488,0.5576209251998852,0.14269102512666632,0.2505641787414563,0.5522597767222943,0.28007953515161843,0.2759604727463584,0.5976206271021075,0.163413968101069,0.13086204695994352,0.11495346561317177,0.448092850549485,0.5275743535176272,0.11203142082041906,0.28921724804894877,0.21579779922769438,0.27806260538597904,0.30177690493721265,0.5061267740245177,0.14229544912024883,0.4426234498186411,0.4091559102099782,0.0,0.21195367817033495
Ölkofra þáttur according to AM 132 fol (Möðruvallabók)-AM 132 fol (147vb.5–149va.31),0.2612743890125958,0.2675437928754929,0.29405337473728543,0.40664210885230656,0.32620625601304365,0.3534991153779421,0.34299045646156623,0.3697620658934464,0.25613744578602726,0.23593427916541998,0.36956881472522973,0.3797446135639674,0.22804906106526146,0.5704246444985666,0.4006389827675805,0.34290449346666263,0.5496460140956965,0.6198427959733456,0.4128642539855196,0.33597979716769677,0.43495175973800704,0.3487119553808792,0.2343121168062623,0.29472167741778543,0.41164839731824887,0.35588036028238357,0.521652168357118,0.5299122490816939,0.3701171398902201,0.3677935437572587,0.6392695633144689,0.33867339854707157,0.5054058592881141,0.2641813852450666,0.5393974117743583,0.6674939824207529,0.3383504352564545,0.5492003998589333,0.48193122984316294,0.5061440110988863,0.4500526370781982,0.5072724560425438,0.46174684736435556,0.22686658923751324,0.5840868822195489,0.27363359509067253,0.322938706586534,0.6311313242411873,0.4098371740706662,0.41978782716002117,0.6976664051468822,0.30799189250099057,0.2515786957512268,0.22806832993994064,0.4744013170407625,0.6021503618555101,0.26445696189585677,0.34862541242260536,0.31340754084030575,0.32606015257084564,0.43234950040836273,0.5805037078175257,0.29038719534104795,0.47571386361348744,0.5053600266744585,0.21195367817033495,0.0
