,Gunnlaugs saga Ormstungu-AM 557 4to,Breta sǫgur-AM 573 4to,Karls þáttr vesæla-AM 557 4to,Hróa þáttr heimska-AM 557 4to,Old Norwegian Homily Book-AM 619 4to,Theta-fragment of Egils saga-AM 162 A θ fol.,Prosper’s Epigrams-AM 677 4to,Pamphilus saga-DG 4-7,Kormáks saga according to AM 132 fol (Möðruvallabók)-AM 132 fol (120vb.21–129rb.7),Bandamanna saga according to AM 132 fol (Möðruvallabók)-AM 132 fol (114ra.41–120vb.21),Þiðriks saga af Bern (medieval text)-Holm perg 4 fol,The Kringla fragment of Óláfs saga helga-Lbs fragm. 82,Hallfreðr saga vandraskald-AM 557 4to,Sveinka þáttr Steinarssonar-AM 557 4to,Valdimars saga-AM 557 4to,A fragment of Óláfs saga helga hin elzta-NRA norr fragm 52,Barlaams ok Josaphats saga-Holm perg 6 fol,A fragment of Haralds saga harðráða in Heimskringla-NRA norr fragm 53,Strengleikar-DG 4–7,A fragment of Fagrskinna-NRA norr fragm 51,A fragment of Maríu saga-NRA norr fragm 78,Hrafns saga Sveinbjarnarsonar-AM 557 4to,A fragment of Brendanuss saga-NRA norr fragm 68,Rögnvalldr ok Rauð-AM 557 4to,Hallfreðar saga according to AM 132 fol (Möðruvallabók)-AM 132 fol (149va.32–156rb.10),Codex Frisianus-AM 45 fol.,Gregory’s Homilies on the Gospels-AM 677 4to,Bǿjarlǫg ok Farmannalǫg Magnúss Hákonarsonar | Magnus Lagabøtes bylov og farmannslov-Holm perg 34 4to,"Ór lǽknisbók The fragment is unnamed, but Konráð Gíslason named his edition of the text
                    Úr læknisbók, which is published in Fire og fyrretyve for en stor deel forhen
                    utrykte prøver af oldnordisk sprog og literatur (1860)-AM 655 XXX 4to",A fragment of Hákonar saga Hákonarsonar-NRA norr fragm 55 B,A fragment of Jóns saga helga-NRA norr fragm 57,A fragment of Páls saga postula-NRA norr fragm 80,Völuspá in Codex Regius-GKS 2365 4to,Landslǫg Magnúss Hákonarsonar | Magnus Lagabøtes landslov-Holm perg 34 4to,Eiríks saga víðförla-AM 557 4to,Thómass saga erkibiskups-Holm perg 17 4to,Droplaugasona saga according to AM 132 fol (Möðruvallabók)-AM 132 fol (141va.3–147vb.4),A fragment of Barlaams saga ok Jósafats-NRA norr fragm 64,A fragment of Agǫtu saga-NRA norr fragm 70,Zeta-fragment of Egils saga-AM 162 A ζ fol.,"A fragment of Gregors saga páfa and 
                            Díalógar-NRA norr fragm 71",A fragment of Flóress saga ok Blankiflúr-NRA norr fragm 65,A fragment of Stjórn-NRA norr fragm 60 C,A fragment of Karlamagnúss saga-NRA norr fragm 61,Finnboga saga according to AM 132 fol (Möðruvallabók)-AM 132 fol (100ra.1–114ra.41),De xii abusivis saeculi-AM 677 4to,Fóstbræðra saga according to AM 132 fol (Möðruvallabók)-AM 132 fol (198rb.8–201vb.41),De virtutibus et vitiis-AM 619 4to,A fragment of Stjórn-NRA norr fragm 60 B,A fragment of Karlamagnúss saga-NRA norr fragm 62,A fragment of Karlamagnúss saga-NRA norr fragm 63,A fragment of Stjórn-NRA norr fragm 60 A,Konungs skuggsjá-AM 243 bα fol,Trójumanna saga-AM 573 4to,Egils saga Skalla-Grímssonar in Wolfenbüttelbók-WolfAug 9 10 4to,Alexanders saga-AM 519 a 4to,A fragment of Konungs skuggsjá-NRA norr fragm 58 B,A fragment of Konungs skuggsjá-AM 1056 IX 4to,Reynistaðarbók-AM 764 4to,A fragment of Konungs skuggsjá-NRA norr fragm 58 C,Dámusta saga-AM 557 4to,Óláfs saga ins helga (legendary version)-DG 8 II,"De xii abusivis saeculi, Prosper’s Epigrams, Gregory’s Homilies on the Gospels, Gregory’s Dialogues-AM 677 4to",Eiríks saga rauða-AM 557 4to,Stúfs þáttr Kattarsonar-AM 557 4to,A fragment of Konungs skuggsjá-NKS 235 g 4to,Víga-Glúms saga according to AM 132 fol (Möðruvallabók)-AM 132 fol (129rb.8–141va.32),Ölkofra þáttur according to AM 132 fol (Möðruvallabók)-AM 132 fol (147vb.5–149va.31)
Gunnlaugs saga Ormstungu-AM 557 4to,1.3766765505351941e-14,0.18367685863036753,0.24647070561653373,0.3350956014357558,0.33983195616054684,0.3269285036895755,0.40715633270074936,0.3276117331316626,0.48115692172794533,0.18649120517392825,0.255881385101993,0.4078350671703139,0.30448108807818786,0.536347409620217,0.3547031302156346,0.26706029828806266,0.19599574097374173,0.46669917734846156,0.25402667495417586,0.5458283679639633,0.7553586546353703,0.25755051159212805,0.4242760699086041,0.24943090569966642,0.2963927399109262,0.20379098102858229,0.30922715941890844,0.33752627602031926,0.4775706644649702,0.5041396821283504,0.36725740652660577,0.36136716077573217,0.6414308227234327,0.29396205287744237,0.39056652596351016,0.3843257593733067,0.19138302423555054,0.4986477934600987,0.6264414585532075,0.2843454236641104,0.5843435438956348,0.4588768569006215,0.5215406848925921,0.39389029248037766,0.3146815617955817,0.6207050375999035,0.22640435294901007,0.3215514337640102,0.6309658860810468,0.33743435536465594,0.3224019336185182,0.739449327683259,0.5570897496323304,0.23484997312248956,0.186962493512711,0.2264440228173643,0.5234533956143875,0.588571814853529,0.2531384804759822,0.3415042550466494,0.253809393822348,0.2622685278075928,0.24576000926706676,0.19017543676349968,0.4325923685642109,0.47294321306557596,0.22100548040552082,0.2911779840968235
Breta sǫgur-AM 573 4to,0.18367685863036753,1.9317880628477724e-14,0.25388991843199027,0.37378856292100526,0.2779369686561589,0.32583171541189015,0.35057630148130603,0.3618945073892632,0.4829247403084289,0.21279409467644805,0.21216530295193692,0.38172564652715135,0.3374303126962026,0.5061844958668382,0.33540437988105254,0.23765826344013619,0.1302394857517417,0.46808231018784396,0.2008649312057017,0.5277684044838065,0.7345037893342827,0.22624357791006733,0.38950049508727125,0.24177230956443008,0.3392743838418364,0.14363779347981942,0.24290149221665291,0.2883840007663585,0.4242665189708654,0.47593792275529756,0.3306643834423493,0.3462735013741778,0.6241867123973677,0.24169306093364273,0.3838959984545881,0.31560689958714694,0.1846614248958237,0.46539023861758755,0.6458191437483505,0.2675570686314598,0.549466692391235,0.4400068702080523,0.4887258454430199,0.40243275689290725,0.30400922578535317,0.6085013734199329,0.20647045338441106,0.27295956501336505,0.6325424799837362,0.31038074809848915,0.2697032662395481,0.7126912892249133,0.5255142134101811,0.1694188650470544,0.15681363065959264,0.14354648550123295,0.5111794205647817,0.5548161546072794,0.1890202415306027,0.2966174998645288,0.24402575586321618,0.21992193310698416,0.18689760045847437,0.16404050553413552,0.4990748813833479,0.4091976471158617,0.22494958745976623,0.30182658636174664
Karls þáttr vesæla-AM 557 4to,0.24647070561653373,0.25388991843199027,7.771561172376096e-16,0.3770498359014992,0.3619896405742755,0.3649349157239674,0.4226796894210393,0.36724474520106276,0.5440615420824472,0.24611065873008786,0.32054952361320965,0.43243122506939224,0.3826288766287089,0.5594515817726126,0.3919520410561832,0.31426182296616867,0.26771420615515706,0.4975341329270784,0.35536729218248986,0.6174668962337625,0.7577194399404094,0.32410274733611844,0.44298999390303473,0.3262758895191624,0.3826187734951201,0.2725607908919855,0.3401328891699331,0.37672439272581704,0.528749603008343,0.5220123289026175,0.42762114543420593,0.3851903324346395,0.6771905679822952,0.32359064432834006,0.42147796793538506,0.4241525692313023,0.28361289366011666,0.5442046663034337,0.6421861349521298,0.3609563049119717,0.6027527284689276,0.5314700739649876,0.5389681410760381,0.44624246410231216,0.3899517078048016,0.6418931850907705,0.28892760895611147,0.35621975829418995,0.6664766349223434,0.4003869712013234,0.37727520668866155,0.777974992146803,0.5770494146713503,0.30983602939306953,0.24700686217273926,0.2649670953564849,0.5424349556809217,0.62518770756671,0.3328783466719498,0.3502464653063826,0.3006809137961839,0.31202648610881534,0.3143388514000459,0.2603806193693161,0.41687795467462974,0.5053728031956153,0.29819954788365766,0.3314422212975544
Hróa þáttr heimska-AM 557 4to,0.3350956014357558,0.37378856292100526,0.3770498359014992,0.0,0.4905183477103594,0.45558434766181677,0.5321416964051329,0.4292866453593779,0.6042040274701583,0.3418096119593339,0.42649445091013916,0.5461947253970664,0.458721047098159,0.6475649152292012,0.47940124343771906,0.44137788004942224,0.38237681679726665,0.596749299995883,0.41434248646964356,0.6825265584177003,0.8056012579265055,0.44312192110922244,0.5546646869608187,0.4043981018664642,0.4606992796695182,0.3991794968060216,0.4441722399717767,0.47582503673452414,0.6399066308493171,0.6321798976385095,0.5151990373920099,0.47854996623858614,0.7108403848775842,0.432448598800524,0.531669909824716,0.509604064819924,0.38534776801854775,0.6262875058939,0.6745793136047549,0.4495836098442869,0.6639308259367662,0.5661577749928943,0.6031068796548302,0.5293249795481476,0.46837243000186746,0.7088074165926248,0.3991324593410195,0.4592511696824859,0.7070732761197267,0.47696324562078696,0.48804640863571247,0.8211589491528126,0.6485144679952315,0.41642736048966333,0.37631432855597857,0.3863164216718342,0.5907904439480626,0.6922197815975174,0.4264191467119588,0.47956789867978433,0.38993752655588565,0.4290130082544542,0.4039054843580425,0.3819635339164231,0.4965204617141815,0.6100319757354742,0.3795686747455459,0.42014474821694725
Old Norwegian Homily Book-AM 619 4to,0.33983195616054684,0.2779369686561589,0.3619896405742755,0.4905183477103594,3.774758283725532e-15,0.4298051783558341,0.31490141704939767,0.4416040184239097,0.5763682000268646,0.3457612746351575,0.39180034735922986,0.5402887702618204,0.45776298464037257,0.6217835722610994,0.45828023772630955,0.37969202988155115,0.23550266932806396,0.5724368329421231,0.38371292552533076,0.6167329766389216,0.6905864241586297,0.31996003340052304,0.39793287461569904,0.417097982049097,0.46545028224638274,0.32457980679763543,0.21132313354975085,0.36648645427527116,0.4658761435704294,0.5600940824493712,0.4507961257256248,0.36179316690848684,0.6659472384786178,0.31652678407579893,0.43041198343216913,0.4264763812482516,0.33073723234686747,0.5131519687790826,0.6712758091697206,0.39688176094792493,0.5564915654207081,0.5867337312165141,0.6072254108406626,0.531439005536211,0.4419614747192321,0.5722763513095439,0.3147102474487973,0.22998942978150327,0.709760635084022,0.4357073408808495,0.3834875235121339,0.7245915225319814,0.571158514861365,0.3342514437083258,0.3120562144912056,0.2719065991059161,0.5188298379262495,0.5991477451297451,0.32180641821473976,0.32539167143824754,0.39171222025833796,0.36488606159987524,0.2686461483136158,0.2917481966186153,0.5721515768480572,0.4599852206345709,0.3710722208677494,0.39082482553366205
Theta-fragment of Egils saga-AM 162 A θ fol.,0.3269285036895755,0.32583171541189015,0.3649349157239674,0.45558434766181677,0.4298051783558341,0.0,0.45408763070110747,0.42625017652990427,0.5911461535315028,0.27077145990775864,0.4072118745823865,0.5101804203870921,0.446844529365243,0.6272031928371582,0.45883015011761263,0.4044657208051976,0.3324735243169268,0.5626491504143859,0.40578759629763594,0.6527531488067058,0.7795775114056026,0.3905528659641708,0.4962389084657488,0.4057023901525356,0.45350232263784007,0.3338600477599254,0.3911334461099185,0.43120809097441226,0.5690776359502068,0.5883168130716776,0.48719886475853613,0.4279730330002076,0.6983214087264153,0.3811409291221114,0.5052538245240132,0.4731460801000208,0.34304835487294894,0.5938933146954859,0.6731925264998462,0.2762434696299201,0.6200478003651806,0.5545422037527764,0.5973719923534417,0.520204578120997,0.4491325553136343,0.6856195264797988,0.3541093679952788,0.4075353071113117,0.7174592121484877,0.47363989031137643,0.45064580564065393,0.8021986280294463,0.6033385755019249,0.3709289857700512,0.20553174238893124,0.31467919852881077,0.5608663030601015,0.6639123938784809,0.3907484602658221,0.3949299218187937,0.38646333603198124,0.3906176556650076,0.35046886808286815,0.33212988527703236,0.530960131573406,0.5527025459405164,0.36094985809049596,0.3685320586340267
Prosper’s Epigrams-AM 677 4to,0.40715633270074936,0.35057630148130603,0.4226796894210393,0.5321416964051329,0.31490141704939767,0.45408763070110747,1.3433698597964394e-14,0.5092276148956201,0.613234125091084,0.36094802677848414,0.46136238804219765,0.5761604322045197,0.48610889075107533,0.6704153600496281,0.5133533664573933,0.4318134592886691,0.32265456467124987,0.5854856758329239,0.4381975959856863,0.6556898101351678,0.7122196256211696,0.37136356121118763,0.4572078061508634,0.47205984025182446,0.4997847305684556,0.3560016568180774,0.21478202461099483,0.3697260571676817,0.5084595149846143,0.5921340958096744,0.5039852601742434,0.35634845885628263,0.6838028486815415,0.30554538725935165,0.5106957058338566,0.4362900287627318,0.3844589733296029,0.6044823105971912,0.7009522412373679,0.40223210008442967,0.5349435541730342,0.615654144046469,0.6439934745876319,0.5991746330131356,0.4668221112599792,0.57888753340304,0.3484211837667691,0.26185916982423685,0.7647263866163296,0.5060079724957557,0.488321471344077,0.7908581416929521,0.5668222155550451,0.40342360031011115,0.35538730776586336,0.264934865351917,0.5405632556458557,0.6107814375070996,0.37954613475241905,0.3306687632950893,0.4181619527407322,0.40176681305149453,0.2451906087809118,0.3540967992496561,0.6062804308057641,0.5075866147052466,0.39453033543890004,0.3883678792873114
Pamphilus saga-DG 4-7,0.3276117331316626,0.3618945073892632,0.36724474520106276,0.4292866453593779,0.4416040184239097,0.42625017652990427,0.5092276148956201,0.0,0.6033887850232912,0.3000767494139015,0.40507452990631065,0.5707238384103381,0.4715882492811122,0.6680548076487753,0.44496552017614677,0.4662697504894977,0.31279009881780895,0.6282309051955242,0.388022669468303,0.7025388056989696,0.8161263241102541,0.45648463239328796,0.545027669001912,0.44674787937060867,0.45673184804194233,0.4488902256534787,0.41816857013176467,0.5073091171016185,0.58676308066072,0.6570822069950613,0.5025258932193891,0.46912088953255515,0.6772764577398978,0.4660300029049035,0.5128082261496711,0.5343920149199837,0.3807794429104133,0.549794656076098,0.5988675775834753,0.4872993055610336,0.6437236014483898,0.5527815804266056,0.6361591077031866,0.5103868673303442,0.4752251352205402,0.6739377036879289,0.3970809083899114,0.39473836546146923,0.707085426648411,0.4772415386419885,0.46069650808853013,0.7862612818238826,0.6240363626927491,0.3810881086316883,0.3879616390929199,0.3711364356516079,0.5184914103503918,0.6710247840342913,0.4342727334010622,0.4408756164855374,0.41587518252150835,0.4509841487929309,0.4072973789636497,0.3638560563584613,0.4996377865750087,0.5647980776373848,0.37845086906393455,0.3971907324655989
Kormáks saga according to AM 132 fol (Möðruvallabók)-AM 132 fol (120vb.21–129rb.7),0.48115692172794533,0.4829247403084289,0.5440615420824472,0.6042040274701583,0.5763682000268646,0.5911461535315028,0.613234125091084,0.6033887850232912,0.0,0.4872849336349113,0.5425123442218752,0.6514163593582163,0.5814127993353215,0.7102705681860697,0.5946035323870078,0.5436880957485177,0.506167796073729,0.6819277468969143,0.5255024297572672,0.725492836968302,0.8426591521551771,0.518597690987949,0.6156813556518771,0.5291811853712206,0.5624496904874259,0.5005475928505654,0.5390177816355264,0.5728752597063167,0.6442866701754146,0.6874285003622177,0.6082031933488905,0.6012788373350528,0.7583915815826439,0.5473246886698815,0.6176768398104922,0.6144661044078379,0.45785936705831354,0.6885776759058739,0.7850274168909077,0.539431515178515,0.7312449137876611,0.6614973056096967,0.7057022172113891,0.6456513135785418,0.5546657081356757,0.7610001321041718,0.48726307808724434,0.5741377098897888,0.7804711377413006,0.6009961823150544,0.5767492817699467,0.8401036187976825,0.7224415210751897,0.5141686808768726,0.48358950646455123,0.498681747726082,0.7194763576455214,0.7424314668397853,0.5291991117100789,0.5770139745773979,0.5542942239428776,0.5341359451115173,0.509551038583858,0.4681154328048337,0.684175041236903,0.6542619801624872,0.4965907903814286,0.5498410825610416
Bandamanna saga according to AM 132 fol (Möðruvallabók)-AM 132 fol (114ra.41–120vb.21),0.18649120517392825,0.21279409467644805,0.24611065873008786,0.3418096119593339,0.3457612746351575,0.27077145990775864,0.36094802677848414,0.3000767494139015,0.4872849336349113,7.438494264988549e-15,0.2891786656462195,0.4428094351652899,0.33917618093828483,0.5563159330577975,0.36251986483648024,0.30655424125177566,0.22439198936621196,0.50154758052507,0.304356190788581,0.6016551036743939,0.7476846550716008,0.2846928557051729,0.4376516808134109,0.2906914980789006,0.32497594816899456,0.253753332394584,0.285838258675278,0.35276490954235884,0.49163289238879593,0.525173237594047,0.39070238108742883,0.3304081888403393,0.643688153065499,0.2998956600245216,0.40841811679215156,0.39494462068602987,0.19915412225917306,0.513886680879299,0.628728633822945,0.26054668117534907,0.5703323076449304,0.4804056782615109,0.5367498652903646,0.4453005014249425,0.3113482979436297,0.6128851638568134,0.19425942757587233,0.3036695620890344,0.6630603035511756,0.38161743860800024,0.3703437729144593,0.7560396933119102,0.545559523116643,0.2630756892070881,0.17686617854306352,0.20734561812315344,0.515642773670806,0.5960460023138046,0.29174218602688673,0.3134322202474735,0.27819246738970016,0.28610979840753614,0.24265768595503345,0.2096218334330272,0.44499383318208174,0.47702253768217273,0.19786905369764396,0.24049995540562152
Þiðriks saga af Bern (medieval text)-Holm perg 4 fol,0.255881385101993,0.21216530295193692,0.32054952361320965,0.42649445091013916,0.39180034735922986,0.4072118745823865,0.46136238804219765,0.40507452990631065,0.5425123442218752,0.2891786656462195,0.0,0.4233140465959476,0.4066829201913139,0.5433582911401443,0.39110421009810714,0.3031475007044979,0.18887488941861308,0.5122773497296007,0.17298058668853034,0.5748602607751843,0.78295215576071,0.34658602363160973,0.478912104215483,0.3162997417811022,0.3943161035473026,0.2443976667877087,0.3638572488420544,0.3750553534210165,0.5112535512048122,0.5284462820605512,0.40543149465344896,0.4447130283520552,0.615480711525438,0.3352396950207367,0.4504904955645218,0.29272310571265003,0.28542861218949034,0.5222514808633492,0.6795401041583174,0.3682573704095905,0.6315327859528548,0.4923257290027184,0.5414927225431412,0.43010363988831557,0.38542523455512956,0.6650958073524041,0.3095880718517343,0.38431213332271696,0.6601790584776305,0.3783352720230705,0.33975452042604937,0.744868119530177,0.5311924379267291,0.26371935304011074,0.24994370636557572,0.2490158210928306,0.570922112082931,0.6085729144610701,0.3020348053580577,0.41293511641387937,0.3230777113729668,0.18929645337652135,0.3024290156552527,0.2790070038708772,0.5079595835459692,0.49693977193719674,0.30718156549103637,0.3936891217106807
The Kringla fragment of Óláfs saga helga-Lbs fragm. 82,0.4078350671703139,0.38172564652715135,0.43243122506939224,0.5461947253970664,0.5402887702618204,0.5101804203870921,0.5761604322045197,0.5707238384103381,0.6514163593582163,0.4428094351652899,0.4233140465959476,0.0,0.5205185996888054,0.6277408837404377,0.5439047250721689,0.4284682520373093,0.42683485432465973,0.543895611778157,0.47848863180510626,0.6541857597648089,0.8260962640350926,0.476570275370402,0.6146482606268275,0.4530374891037148,0.516528077036819,0.349149069093026,0.4961856909702945,0.4944982802952025,0.6595600774057824,0.5783269550829101,0.5280307816705532,0.5651646724620389,0.7488983136894374,0.45895330730212225,0.5696263591859743,0.5301047214703911,0.4528352888711995,0.6474754137985392,0.762395658372794,0.49462890986739005,0.7107236559210137,0.6163274015951086,0.6180146896519254,0.516175319038482,0.5284516283752705,0.7278362820897519,0.460755547475018,0.5271121602333378,0.7326805815477941,0.5186361355407298,0.4841138394731148,0.8170470430577702,0.6816137333990948,0.44286300806968304,0.3693308549872324,0.394906445264557,0.6778253338581476,0.7058669981257952,0.4540879573913129,0.5386873006144071,0.42486185894412176,0.41659704682963283,0.43465492763188207,0.4439225640042178,0.5578867684617799,0.6337332985405479,0.4595691024785876,0.5099164315837156
Hallfreðr saga vandraskald-AM 557 4to,0.30448108807818786,0.3374303126962026,0.3826288766287089,0.458721047098159,0.45776298464037257,0.446844529365243,0.48610889075107533,0.4715882492811122,0.5814127993353215,0.33917618093828483,0.4066829201913139,0.5205185996888054,0.0,0.6263861221468459,0.48486933754196915,0.40743125892887644,0.3556827072201122,0.566684242297721,0.40394142587159154,0.6422207476913733,0.7945199879041263,0.39824288813157604,0.5207546549356228,0.3900343796355623,0.07568340550365094,0.34993865739523455,0.41336616955221317,0.444498029509959,0.573363946723454,0.5907068060930665,0.49171329268919295,0.459079191544122,0.7102638556089607,0.4056244447967201,0.5124424128732303,0.4767426890774079,0.3476346526696329,0.6119423046113881,0.7021137077224366,0.4081641083384736,0.6444653260336675,0.5544354443718895,0.5985305681257473,0.5209098297801131,0.43975473173960933,0.6995391238104919,0.36352566157147814,0.43408079961222235,0.7147187960412311,0.4729351679995293,0.46366698998479505,0.8067456871180562,0.6268188364007697,0.38401487780055266,0.33135437797950984,0.3473012841617743,0.5981377137561643,0.6687992510192156,0.39595342284257395,0.4466526590515517,0.3910074927766721,0.3958366480139325,0.3663800523742997,0.3467324209353826,0.5364410267000772,0.5709517474344512,0.36197078018883544,0.4070811777607909
Sveinka þáttr Steinarssonar-AM 557 4to,0.536347409620217,0.5061844958668382,0.5594515817726126,0.6475649152292012,0.6217835722610994,0.6272031928371582,0.6704153600496281,0.6680548076487753,0.7102705681860697,0.5563159330577975,0.5433582911401443,0.6277408837404377,0.6263861221468459,8.881784197001252e-16,0.6480463613717763,0.5614318539551697,0.5243457132620948,0.6752515856133312,0.5764604188890107,0.7288616891188086,0.8652351131454461,0.5732695709960731,0.6896852772137214,0.5526940440634159,0.6205904245917413,0.512886917112096,0.6129623746282826,0.6092486603561807,0.7010072901707363,0.6754024098891163,0.6166397387179595,0.6600307002262761,0.8089953974274495,0.5762400310675688,0.6489293100956974,0.6241990340486738,0.5522253047189609,0.6860054719446811,0.8158288017777435,0.6055993751004825,0.780228198171244,0.6932284404272546,0.6997363306807859,0.6493074380753736,0.6113200832832374,0.7843992333895433,0.5616695359155179,0.6115151820548739,0.7875980913024498,0.6216700258840262,0.587246175183304,0.8349910827285155,0.7536688866485386,0.56217159757271,0.524192198102057,0.5439908597610721,0.7672737101757201,0.742904760776048,0.5552858428774321,0.6394538437780832,0.5683567197174618,0.554931894045382,0.5737815961727056,0.5430270621855234,0.6913358121366496,0.6952872579986604,0.5710284943458113,0.6260800030570934
Valdimars saga-AM 557 4to,0.3547031302156346,0.33540437988105254,0.3919520410561832,0.47940124343771906,0.45828023772630955,0.45883015011761263,0.5133533664573933,0.44496552017614677,0.5946035323870078,0.36251986483648024,0.39110421009810714,0.5439047250721689,0.48486933754196915,0.6480463613717763,0.0,0.41351856173378465,0.3543665069917008,0.5832631061327631,0.38763724940087363,0.6738866097292657,0.8078324482084985,0.4245895225679355,0.5260792302343008,0.43325362548485136,0.48215937046893376,0.37427078491519394,0.4458397001501897,0.47428055734626906,0.5790636910002726,0.6067413404097424,0.5174987256519266,0.497854959247383,0.6822119773978653,0.42985918720368377,0.51430545862059,0.5076406328890227,0.3640628069036883,0.6044462579656662,0.6951381590409144,0.448544486528358,0.6744555731923263,0.614667085796212,0.6023376457813906,0.5382590357147226,0.4730623828723063,0.7019556006503469,0.38471060509312194,0.4655520594895961,0.7018394314559917,0.4762867415830192,0.44872352649043445,0.7943079960187865,0.639746660653012,0.37717696380229804,0.36575759989380063,0.3661480986028103,0.6116885837493429,0.6778506733869334,0.39346429022644536,0.4417793442359219,0.40509766707905925,0.41562370503545687,0.42223398556473335,0.3401584043026443,0.5586288967057562,0.5648241076094149,0.4060017815497676,0.44885905545747995
A fragment of Óláfs saga helga hin elzta-NRA norr fragm 52,0.26706029828806266,0.23765826344013619,0.31426182296616867,0.44137788004942224,0.37969202988155115,0.4044657208051976,0.4318134592886691,0.4662697504894977,0.5436880957485177,0.30655424125177566,0.3031475007044979,0.4284682520373093,0.40743125892887644,0.5614318539551697,0.41351856173378465,0.0,0.2598898562454701,0.5035509211880187,0.3416673793420625,0.5790802287621157,0.76759419591988,0.3135188420866034,0.46196356196025046,0.30947894759392314,0.40679581944988286,0.23067012329367076,0.3537699061381142,0.3642939167132273,0.49614822633427935,0.5187984839529209,0.41888962325163626,0.4183933509019271,0.6921188882035142,0.32078654853413213,0.42853759494854615,0.404577658842074,0.29241391573425846,0.5526131545780844,0.6937642699970399,0.3457152308431115,0.5951444517542592,0.5258454187080368,0.5539967620158346,0.45836023577860385,0.39893734578086204,0.6421661377742056,0.3075499836075517,0.3813085368853607,0.6725954369918963,0.39999469088302797,0.36317802749101735,0.7609169127717783,0.5941972974615388,0.2880507876657735,0.23883137986971315,0.258393633955717,0.5915487869911107,0.614756422695003,0.31191721811432593,0.3850287596177452,0.3182056065211627,0.28744208875387267,0.29401896494073776,0.2734241888113771,0.5095007119168957,0.5020996419573092,0.3266548024344137,0.39471596325992997
Barlaams ok Josaphats saga-Holm perg 6 fol,0.19599574097374173,0.1302394857517417,0.26771420615515706,0.38237681679726665,0.23550266932806396,0.3324735243169268,0.32265456467124987,0.31279009881780895,0.506167796073729,0.22439198936621196,0.18887488941861308,0.42683485432465973,0.3556827072201122,0.5243457132620948,0.3543665069917008,0.2598898562454701,9.880984919163893e-14,0.49275240332909376,0.1663310277664527,0.5400969855881897,0.7170753462003597,0.24437696847827106,0.3830524757845599,0.272171778210862,0.35505761630558075,0.1916944994207227,0.23554286344287811,0.29768594603671683,0.42574297217268486,0.5060148857650202,0.32891031088515865,0.3299183759438855,0.6224957873283783,0.24785841191145486,0.3737259252820264,0.25970435869485664,0.22189280697915836,0.42724324582931117,0.6107639052657752,0.3073619938066784,0.5356591823276622,0.43628628825210625,0.5050380806383228,0.4044671203475857,0.32675785055056816,0.5983984133209079,0.23294022932804836,0.2204618467104994,0.6336668936236168,0.31505018951699104,0.27181097188930736,0.6919828680986637,0.48194594175760397,0.18611881094929128,0.18813791401135316,0.1662596134488502,0.4607058656721349,0.5398396007691758,0.2015260112700834,0.2934041280857139,0.27959895954317937,0.19569594532261847,0.19746351691333208,0.19327792494994434,0.508637386876452,0.39966911165677843,0.24991936712816432,0.3083041096649233
A fragment of Haralds saga harðráða in Heimskringla-NRA norr fragm 53,0.46669917734846156,0.46808231018784396,0.4975341329270784,0.596749299995883,0.5724368329421231,0.5626491504143859,0.5854856758329239,0.6282309051955242,0.6819277468969143,0.50154758052507,0.5122773497296007,0.543895611778157,0.566684242297721,0.6752515856133312,0.5832631061327631,0.5035509211880187,0.49275240332909376,1.1102230246251565e-16,0.538882230405226,0.6672413964304602,0.8329099540556419,0.5069617665238549,0.6292922057262393,0.5144367779789327,0.5696026074312022,0.39861294511132295,0.5521809247812764,0.5557435555913826,0.6532474504624517,0.6325990224256108,0.5909963771078723,0.5698783364182526,0.7806071490972679,0.5081609956514708,0.5953562431234896,0.5738903249611569,0.49039189347969714,0.6999187616808327,0.7842021298873295,0.5313993802182128,0.7150712728206083,0.6861018434338528,0.6780385774867966,0.6023137849574755,0.5661232154845987,0.7601648499952839,0.4950095134844129,0.5611986221130453,0.7702110498790691,0.5889440322355207,0.5646933078617744,0.8441762320078813,0.7055331830247946,0.5147465091192309,0.446049091164364,0.4735179246586184,0.7214467545678501,0.7324766658348822,0.5113776544321526,0.5556947780820523,0.4917538948372765,0.49069211253872214,0.5110346650172353,0.4783809425860811,0.6339969567017194,0.6487300050786374,0.5170973179240044,0.5523475479433997
Strengleikar-DG 4–7,0.25402667495417586,0.2008649312057017,0.35536729218248986,0.41434248646964356,0.38371292552533076,0.40578759629763594,0.4381975959856863,0.388022669468303,0.5255024297572672,0.304356190788581,0.17298058668853034,0.47848863180510626,0.40394142587159154,0.5764604188890107,0.38763724940087363,0.3416673793420625,0.1663310277664527,0.538882230405226,1.1102230246251565e-15,0.573333978629226,0.7755363491658421,0.3360691962252781,0.4634151531305807,0.30910134616782603,0.3970276119763131,0.24295679075820764,0.3315597977850415,0.3842089733134023,0.5154357045702811,0.5693173098543596,0.3984409531703166,0.4296568364943699,0.5828196340246434,0.33959031640775184,0.4672292128882254,0.26251179549483616,0.2630280956040678,0.5261231835649346,0.6411837342537599,0.34232779250586676,0.605112730183967,0.47446710429701955,0.5443563538255967,0.4615849808133027,0.36553942353337854,0.6673347870724431,0.2913903684377298,0.3620410509139764,0.668252820964179,0.36811067277153886,0.34526432934646367,0.7464499098515198,0.5130095670068512,0.2660891271407372,0.2671365377845123,0.24914891153709684,0.5488914489946428,0.6074080136488754,0.2586451288456306,0.3985435735956555,0.3056270084089664,0.19640967719985325,0.2662643635423628,0.2307124699062012,0.5541177088581242,0.4917400153845679,0.301174726700428,0.3839425272239815
A fragment of Fagrskinna-NRA norr fragm 51,0.5458283679639633,0.5277684044838065,0.6174668962337625,0.6825265584177003,0.6167329766389216,0.6527531488067058,0.6556898101351678,0.7025388056989696,0.725492836968302,0.6016551036743939,0.5748602607751843,0.6541857597648089,0.6422207476913733,0.7288616891188086,0.6738866097292657,0.5790802287621157,0.5400969855881897,0.6672413964304602,0.573333978629226,0.0,0.8580600275181829,0.5621021572197954,0.676093547689946,0.5937154176156733,0.6432904002969437,0.5157715903364213,0.599912738435706,0.6124285583712406,0.6809328847613041,0.7066526100814748,0.6410743521484927,0.6489980080279685,0.8036182851117806,0.5809182067848331,0.6571229627927522,0.6360835882876116,0.5539606281634701,0.7222053597873308,0.8316128241334201,0.6026495114576438,0.7499433202292196,0.715047398232261,0.7358744485569624,0.6696642100490365,0.6278913204121104,0.7837246171941546,0.5693911569133532,0.6188700559298681,0.8008125980147611,0.6256900259243006,0.6042664919073752,0.8380394051250146,0.7544051409474954,0.5639533393146754,0.5416570046258891,0.5563496590938193,0.7672140302625234,0.7578967745121243,0.5624532895224674,0.6272602793243205,0.6016505454603429,0.5783599534339183,0.5666014964961077,0.5477295401793774,0.7552318568358143,0.682903550097337,0.5944156406836361,0.6420198141060829
A fragment of Maríu saga-NRA norr fragm 78,0.7553586546353703,0.7345037893342827,0.7577194399404094,0.8056012579265055,0.6905864241586297,0.7795775114056026,0.7122196256211696,0.8161263241102541,0.8426591521551771,0.7476846550716008,0.78295215576071,0.8260962640350926,0.7945199879041263,0.8652351131454461,0.8078324482084985,0.76759419591988,0.7170753462003597,0.8329099540556419,0.7755363491658421,0.8580600275181829,0.0,0.7411243990859331,0.7749946752020798,0.7881006364008573,0.7978094936772577,0.7408609042893888,0.6858888833135214,0.7613301477330063,0.8137777025406463,0.8257473084015399,0.7951308617994989,0.7320152548124346,0.8865385428609882,0.7347154003936652,0.7829159006971242,0.7728310895385679,0.7488231919441936,0.8408398057219589,0.8877496485476247,0.7591813948192869,0.8131194005533419,0.8625103055029368,0.856281596596423,0.8328770135526,0.7866273505589209,0.8216826238755737,0.7257817452012365,0.6982644506773021,0.9047783343781352,0.7949671290541089,0.7869206623554664,0.9101102051987329,0.8280622650531777,0.7639880104758638,0.7389345727679428,0.7154094027185888,0.8173320100013813,0.8438868848714511,0.7431100579060831,0.7353866407015396,0.7664901773539775,0.7494433218370281,0.7183541544214922,0.7384811322391144,0.8430018857500801,0.8008927108859342,0.7582278281381685,0.7491903142438547
Hrafns saga Sveinbjarnarsonar-AM 557 4to,0.25755051159212805,0.22624357791006733,0.32410274733611844,0.44312192110922244,0.31996003340052304,0.3905528659641708,0.37136356121118763,0.45648463239328796,0.518597690987949,0.2846928557051729,0.34658602363160973,0.476570275370402,0.39824288813157604,0.5732695709960731,0.4245895225679355,0.3135188420866034,0.24437696847827106,0.5069617665238549,0.3360691962252781,0.5621021572197954,0.7411243990859331,3.219646771412954e-15,0.4080848550766454,0.3287662082832987,0.3985174807422561,0.23029028330733425,0.29760092726200704,0.3245525390926659,0.43803081990320636,0.5017085092676372,0.40260666833183545,0.3618999738274208,0.6484853764081249,0.2772091216538112,0.42836212832966436,0.416137830545634,0.2316043824113767,0.53489413367163,0.6931877782515212,0.3101243013773455,0.5593481550237589,0.5421148652162371,0.5686969662933363,0.49655912405373404,0.37334858784964997,0.6085003748507989,0.24920292806034394,0.3237332148255406,0.6901648423260232,0.40178035773677445,0.36791222445376204,0.7584912182927026,0.5734999398934357,0.2770923371617464,0.2312109368887414,0.25361672703347504,0.5741779315816025,0.5856747502864463,0.2848944495598531,0.3215143051895546,0.3313755082841383,0.3139362250578829,0.2516572896264134,0.21313179663986515,0.5664253024570264,0.45866204053212534,0.29953388837750883,0.3505942639222097
A fragment of Brendanuss saga-NRA norr fragm 68,0.4242760699086041,0.38950049508727125,0.44298999390303473,0.5546646869608187,0.39793287461569904,0.4962389084657488,0.4572078061508634,0.545027669001912,0.6156813556518771,0.4376516808134109,0.478912104215483,0.6146482606268275,0.5207546549356228,0.6896852772137214,0.5260792302343008,0.46196356196025046,0.3830524757845599,0.6292922057262393,0.4634151531305807,0.676093547689946,0.7749946752020798,0.4080848550766454,0.0,0.48962383755417616,0.5244163808558935,0.41164689890998185,0.36754090922312366,0.43659124654471015,0.5231660083713492,0.637622946693993,0.5435055045609498,0.46947623917190007,0.7078984959396257,0.4040535467705372,0.5225916869594,0.5223717256948222,0.39388683699435767,0.597187829721789,0.719824611095065,0.4491593223385312,0.6158794000556531,0.6100432839482381,0.6628226564309657,0.5875056524155362,0.5083179482229334,0.6746368946154978,0.4013443366555294,0.4378884991891667,0.7405567292928285,0.5047056936811873,0.47670075595959926,0.8097473457221116,0.6383386125029589,0.4231216051514912,0.38105975143840864,0.39317194832664915,0.6117209324282171,0.6871743792825169,0.442095606726324,0.41803567557787513,0.4866607816661491,0.45011012125149397,0.36486000723404377,0.3792242910734728,0.6284054307678538,0.5525381384557876,0.4506068235646946,0.45468498825565484
Rögnvalldr ok Rauð-AM 557 4to,0.24943090569966642,0.24177230956443008,0.3262758895191624,0.4043981018664642,0.417097982049097,0.4057023901525356,0.47205984025182446,0.44674787937060867,0.5291811853712206,0.2906914980789006,0.3162997417811022,0.4530374891037148,0.3900343796355623,0.5526940440634159,0.43325362548485136,0.30947894759392314,0.272171778210862,0.5144367779789327,0.30910134616782603,0.5937154176156733,0.7881006364008573,0.3287662082832987,0.48962383755417616,0.0,0.3854381597900698,0.2447172143134243,0.3728868384602969,0.39673012500539806,0.5282168723179317,0.5408734316987276,0.4174958177736344,0.4391928548976034,0.6867166272374422,0.3570604422761071,0.4507416914492398,0.40954266310876,0.2763760084429854,0.5646209227335868,0.6889475404048439,0.3212139647067558,0.618204926414097,0.48580559794479317,0.5453448762560931,0.45352026492573694,0.37320760570543043,0.6827837320987489,0.3084293635006443,0.38873711037997016,0.6623521526792167,0.39512861554996614,0.3768159375587602,0.7701330680426615,0.6052852974803477,0.30023448811027587,0.2275868977053539,0.2791476578848735,0.5861025805056065,0.6366847429426932,0.30680185401299986,0.4223204897037375,0.3159696561089832,0.30458192866260114,0.2997577159416993,0.2668577102806091,0.4945496666929209,0.5340171693351398,0.2973960783647591,0.3857459527159194
Hallfreðar saga according to AM 132 fol (Möðruvallabók)-AM 132 fol (149va.32–156rb.10),0.2963927399109262,0.3392743838418364,0.3826187734951201,0.4606992796695182,0.46545028224638274,0.45350232263784007,0.4997847305684556,0.45673184804194233,0.5624496904874259,0.32497594816899456,0.3943161035473026,0.516528077036819,0.07568340550365094,0.6205904245917413,0.48215937046893376,0.40679581944988286,0.35505761630558075,0.5696026074312022,0.3970276119763131,0.6432904002969437,0.7978094936772577,0.3985174807422561,0.5244163808558935,0.3854381597900698,2.808864252301646e-14,0.35244408994528453,0.41770816893903506,0.4541455441953869,0.5694876303340609,0.5913068442275033,0.4891340703519771,0.471199017775511,0.7055763890887625,0.41720534284175614,0.5050600870716166,0.48863581085579355,0.330685190969807,0.6073974935151245,0.6969900166210734,0.41137823137140306,0.6500481969768019,0.5451792347151782,0.606024171687809,0.5115982619148614,0.43021413775867334,0.6949457873037814,0.3496035845188207,0.4441952143227085,0.7110013434883597,0.4752309089772324,0.45524758067539917,0.799962970414509,0.6332988455354192,0.37957238687260386,0.32783777446561324,0.3491805634764972,0.6040049767004712,0.6702194170060911,0.3999151826503823,0.4611936042084571,0.3987433625875979,0.36683122921934386,0.3678084019649427,0.3419446611065693,0.5322114153321533,0.5751531775654966,0.35284066343867815,0.4037330549925102
Codex Frisianus-AM 45 fol.,0.20379098102858229,0.14363779347981942,0.2725607908919855,0.3991794968060216,0.32457980679763543,0.3338600477599254,0.3560016568180774,0.4488902256534787,0.5005475928505654,0.253753332394584,0.2443976667877087,0.349149069093026,0.34993865739523455,0.512886917112096,0.37427078491519394,0.23067012329367076,0.1916944994207227,0.39861294511132295,0.24295679075820764,0.5157715903364213,0.7408609042893888,0.23029028330733425,0.41164689890998185,0.2447172143134243,0.35244408994528453,0.0,0.2682950884974935,0.28813407503020305,0.44976431929084926,0.4425064324845329,0.35142866629015657,0.35159776458754755,0.6436955395282871,0.23098694679102194,0.3850673757666575,0.3285637702652122,0.19461214537687865,0.5256017840774305,0.6791843337162051,0.24804958413464484,0.5492564551645585,0.47311573447237054,0.4973392657404997,0.41894040833523394,0.33051406966201946,0.6125396927385268,0.22547603863437438,0.3132598691968411,0.6451855876439403,0.3362658709022113,0.30278233241498476,0.7369428401175437,0.5428227139852196,0.21801838399466233,0.14222364907421792,0.1681818010998969,0.5555282899973897,0.5647822795657917,0.19652160509077932,0.3174594347040606,0.23446170698818525,0.21502156842472187,0.19404172009677478,0.18655567290446662,0.4957486211050046,0.44276492352994945,0.25438559447799525,0.3267096529161174
Gregory’s Homilies on the Gospels-AM 677 4to,0.30922715941890844,0.24290149221665291,0.3401328891699331,0.4441722399717767,0.21132313354975085,0.3911334461099185,0.21478202461099483,0.41816857013176467,0.5390177816355264,0.285838258675278,0.3638572488420544,0.4961856909702945,0.41336616955221317,0.6129623746282826,0.4458397001501897,0.3537699061381142,0.23554286344287811,0.5521809247812764,0.3315597977850415,0.599912738435706,0.6858888833135214,0.29760092726200704,0.36754090922312355,0.3728868384602969,0.41770816893903506,0.2682950884974935,0.0,0.3121283729040587,0.44741337923454083,0.5519898168853783,0.4175627080722324,0.3150309067977023,0.6325491487735709,0.25668454386043105,0.43356733678385273,0.3654025005508059,0.27686020778579745,0.5197027876061149,0.6538388333574607,0.3310821130032211,0.49117316212644335,0.5147165728714157,0.5771816103896379,0.5054701414272609,0.39192466091747535,0.5285670514116549,0.2631328995893839,0.17796460471506947,0.6981831719516367,0.40653655357715024,0.37401971974007064,0.7530834999030894,0.5442943992038943,0.299111101337562,0.2638901083072295,0.17442665503237254,0.4837800060091966,0.5968561405561633,0.2770279659260335,0.30016311360088843,0.33687070390280127,0.3206484393082455,0.10779674111707582,0.2636178932805415,0.5364427181541971,0.45890490348786894,0.3017688450083398,0.3230132720113291
Bǿjarlǫg ok Farmannalǫg Magnúss Hákonarsonar | Magnus Lagabøtes bylov og farmannslov-Holm perg 34 4to,0.33752627602031926,0.2883840007663585,0.37672439272581704,0.47582503673452414,0.36648645427527116,0.43120809097441226,0.3697260571676817,0.5073091171016185,0.5728752597063167,0.35276490954235884,0.3750553534210165,0.4944982802952025,0.444498029509959,0.6092486603561807,0.47428055734626906,0.3642939167132273,0.29768594603671683,0.5557435555913826,0.3842089733134023,0.6124285583712406,0.7613301477330063,0.3245525390926659,0.43659124654471015,0.39673012500539806,0.4541455441953869,0.28813407503020305,0.3121283729040587,0.0,0.4756630568413197,0.5466929927704158,0.46094873446486817,0.3984042505604598,0.6789295252601861,0.08131522722522466,0.49144697159267603,0.42184147620685764,0.3209668656982936,0.5583482551876054,0.7198424150706669,0.3691725963911616,0.5990730803369027,0.5229961119351065,0.6000900132598747,0.5214244453792399,0.43329831888178927,0.6487822275073634,0.3253875127914416,0.34639198782632297,0.7124026229645141,0.4279056031393378,0.4120311500263112,0.7809868035765567,0.5751522830544384,0.3488372758599855,0.28820167374028594,0.2838347263314922,0.5655103386143265,0.5764068285596633,0.34885103395983597,0.353612699569979,0.3792868735694618,0.3508116349611011,0.2836520846361593,0.3123166761982811,0.591143653802028,0.478139562735199,0.35353579008041314,0.38440093638981754
"Ór lǽknisbók The fragment is unnamed, but Konráð Gíslason named his edition of the text
                    Úr læknisbók, which is published in Fire og fyrretyve for en stor deel forhen
                    utrykte prøver af oldnordisk sprog og literatur (1860)-AM 655 XXX 4to",0.4775706644649702,0.4242665189708654,0.528749603008343,0.6399066308493171,0.4658761435704294,0.5690776359502068,0.5084595149846143,0.58676308066072,0.6442866701754146,0.49163289238879593,0.5112535512048122,0.6595600774057824,0.573363946723454,0.7010072901707363,0.5790636910002726,0.49614822633427935,0.42574297217268486,0.6532474504624517,0.5154357045702811,0.6809328847613041,0.8137777025406463,0.43803081990320636,0.5231660083713492,0.5282168723179317,0.5694876303340609,0.44976431929084926,0.44741337923454083,0.4756630568413197,0.0,0.6276911298321031,0.5646643853346632,0.5477022459308292,0.7143044552701316,0.45108457643418765,0.5624204464215504,0.5732849494722194,0.4384150446673275,0.6111505246423488,0.7866170367863394,0.5156050118918047,0.6630298699655304,0.6439400939138555,0.7272862028375754,0.6226478874387373,0.5474760203151239,0.721680014617482,0.444079158541149,0.48419193685058337,0.7685441712734307,0.5639293093085649,0.5054887487513791,0.8023966344736663,0.6795803629363042,0.445222802118873,0.44215688675473175,0.4378223809766366,0.691689442438253,0.6877492065712675,0.48111457352916676,0.47057829486705594,0.5581593279094302,0.5156311670609401,0.43551763859217174,0.4153351730374887,0.7275461597614227,0.5444959225706014,0.5015851287822659,0.5316828745191859
A fragment of Hákonar saga Hákonarsonar-NRA norr fragm 55 B,0.5041396821283504,0.47593792275529756,0.5220123289026175,0.6321798976385095,0.5600940824493712,0.5883168130716776,0.5921340958096744,0.6570822069950613,0.6874285003622177,0.525173237594047,0.5284462820605512,0.5783269550829101,0.5907068060930665,0.6754024098891163,0.6067413404097424,0.5187984839529209,0.5060148857650202,0.6325990224256108,0.5693173098543596,0.7066526100814748,0.8257473084015399,0.5017085092676372,0.637622946693993,0.5408734316987276,0.5913068442275033,0.4425064324845329,0.5519898168853783,0.5466929927704158,0.6276911298321031,0.0,0.6054831202445532,0.5827949928726162,0.767020425800477,0.5113423969733982,0.5965947507400435,0.5868953734569572,0.5024455752032728,0.6954936856834397,0.815249451127927,0.5500266243979758,0.7310578693379346,0.7074174089024783,0.6966821668118843,0.6372204905630601,0.5884152525258186,0.7536536598001486,0.5067239126690763,0.5623896450116176,0.7935081722704083,0.5970741087098385,0.568506979929203,0.8410880392792821,0.7124817617114763,0.5217765791513157,0.4660341906390245,0.4787873067660865,0.7372015596219248,0.7146987453317573,0.5227487894235547,0.549344495837437,0.5197693759094641,0.5043044003431563,0.5256989979466693,0.48934770261293636,0.6704980534723126,0.6451611937361093,0.539677899963724,0.5730118919647162
A fragment of Jóns saga helga-NRA norr fragm 57,0.36725740652660577,0.3306643834423493,0.42762114543420593,0.5151990373920099,0.4507961257256248,0.48719886475853613,0.5039852601742434,0.5025258932193891,0.6082031933488905,0.39070238108742883,0.40543149465344896,0.5280307816705532,0.49171329268919295,0.6166397387179595,0.5174987256519266,0.41888962325163626,0.32891031088515865,0.5909963771078723,0.3984409531703166,0.6410743521484927,0.7951308617994989,0.40260666833183545,0.5435055045609498,0.4174958177736344,0.4891340703519771,0.35142866629015657,0.4175627080722324,0.46094873446486817,0.5646643853346632,0.6054831202445532,4.440892098500626e-15,0.4929622902962505,0.7122061517371572,0.425161296038556,0.5281412538135788,0.4786366739349417,0.3783385546242968,0.5825446092346527,0.7231595343458717,0.43748364715064614,0.6359699598047064,0.5622153331607117,0.6211241469272952,0.5450378789047896,0.4677791446344842,0.691246275828572,0.40325996585424817,0.44008859730820016,0.7136494946810097,0.4802259887425736,0.4435094190332973,0.7823487862287978,0.5844275607074134,0.3772028052640497,0.3570432625713559,0.35860256782395916,0.6371142309611446,0.647788685267475,0.3865406934383234,0.47245823975442347,0.4205607427241276,0.4021649515059532,0.3585836405106083,0.37431205944264867,0.5976344931726735,0.5650227453916256,0.3997076383395044,0.4627985874840206
A fragment of Páls saga postula-NRA norr fragm 80,0.36136716077573217,0.3462735013741778,0.3851903324346395,0.47854996623858614,0.36179316690848684,0.4279730330002076,0.35634845885628263,0.46912088953255515,0.6012788373350528,0.3304081888403393,0.4447130283520552,0.5651646724620389,0.4590791915441219,0.6600307002262761,0.497854959247383,0.4183933509019271,0.3299183759438855,0.5698783364182526,0.4296568364943699,0.6489980080279685,0.7320152548124346,0.3618999738274208,0.46947623917190007,0.4391928548976034,0.471199017775511,0.35159776458754755,0.3150309067977023,0.3984042505604598,0.5477022459308292,0.5827949928726162,0.4929622902962505,5.10702591327572e-15,0.7110287857932778,0.3347751585217742,0.4929620936480045,0.44564797928176125,0.3613088588052783,0.6033993331805572,0.6730148989624698,0.3919444685056649,0.5651064017949834,0.6062048053515783,0.6217633527247621,0.5779702770503847,0.45182077361611883,0.6173663238206284,0.33069922834456955,0.33564669193486907,0.7567847910828759,0.48247725667836827,0.47756784037989786,0.7913419393096549,0.5840073109095966,0.3983492238695029,0.3390704075803074,0.29586120931641613,0.5449343667368227,0.6301377556178441,0.3752423557751523,0.3428751304862818,0.385574248576941,0.40023654092440064,0.3077015147615485,0.33285544017529667,0.5731874700479614,0.5229073601713136,0.3717624325497082,0.38268128500913134
Völuspá in Codex Regius-GKS 2365 4to,0.6414308227234327,0.6241867123973677,0.6771905679822952,0.7108403848775842,0.6659472384786178,0.6983214087264153,0.6838028486815415,0.6772764577398978,0.7583915815826439,0.643688153065499,0.615480711525438,0.7488983136894374,0.7102638556089607,0.8089953974274495,0.6822119773978653,0.6921188882035142,0.6224957873283783,0.7806071490972679,0.5828196340246434,0.8036182851117806,0.8865385428609882,0.6484853764081249,0.7078984959396257,0.6867166272374422,0.7055763890887625,0.6436955395282871,0.6325491487735709,0.6789295252601861,0.7143044552701316,0.767020425800477,0.7122061517371572,0.7110287857932778,0.0,0.6638471928234487,0.7219383209296445,0.6745754887427957,0.6158584298916507,0.7525865917944289,0.8343831678166501,0.6811429570140113,0.7942366649933638,0.7809575170561092,0.7989253197691343,0.7496508649896834,0.7003244167205344,0.8007913572838826,0.6325323165389658,0.673153201012328,0.8365334128258652,0.7104913528010811,0.6779540336002695,0.8778949971971737,0.7594594694419023,0.6527956976994274,0.6393054742293265,0.639183602167436,0.7923987713375702,0.8048118913432218,0.6457447259526699,0.6499310741495907,0.6752856361660579,0.6319668255484856,0.6361696045777372,0.6023114928046052,0.767133181529763,0.7218498508426425,0.6596183109964294,0.6894381480609149
Landslǫg Magnúss Hákonarsonar | Magnus Lagabøtes landslov-Holm perg 34 4to,0.29396205287744237,0.24169306093364273,0.32359064432834006,0.432448598800524,0.31652678407579893,0.3811409291221114,0.30554538725935165,0.4660300029049035,0.5473246886698815,0.2998956600245216,0.3352396950207367,0.45895330730212225,0.4056244447967201,0.5762400310675688,0.42985918720368377,0.32078654853413213,0.24785841191145486,0.5081609956514708,0.33959031640775184,0.5809182067848331,0.7347154003936652,0.2772091216538112,0.4040535467705372,0.3570604422761071,0.41720534284175614,0.23098694679102194,0.25668454386043105,0.08131522722522466,0.45108457643418765,0.5113423969733982,0.425161296038556,0.3347751585217742,0.6638471928234487,1.9761969838327786e-14,0.4472031702575676,0.37276290654806477,0.2792188651750007,0.5389330696206347,0.6836818199923074,0.32900359274699276,0.5549957917301416,0.5172817535617487,0.561585963082301,0.49854857001811603,0.3927572615904511,0.6108989961462261,0.27280362110849987,0.2859166305668782,0.7048710701502199,0.39185204232530113,0.38073938950105213,0.7614363089370493,0.5398306560402867,0.30493510653838696,0.24272361006105936,0.21783596878793288,0.5227745243426167,0.5484707826902271,0.2959915517764472,0.29489935022487257,0.3232794296665894,0.30541290556272205,0.2355812078081453,0.2604215533625813,0.546734815638962,0.4425172982187163,0.31068391286266717,0.33458486859515746
Eiríks saga víðförla-AM 557 4to,0.39056652596351016,0.3838959984545881,0.42147796793538506,0.531669909824716,0.43041198343216913,0.5052538245240132,0.5106957058338566,0.5128082261496711,0.6176768398104922,0.40841811679215156,0.4504904955645218,0.5696263591859743,0.5124424128732303,0.6489293100956974,0.51430545862059,0.42853759494854615,0.3737259252820264,0.5953562431234896,0.4672292128882254,0.6571229627927522,0.7829159006971242,0.42836212832966436,0.5225916869594,0.4507416914492398,0.5050600870716166,0.3850673757666575,0.43356733678385273,0.49144697159267603,0.5624204464215504,0.5965947507400435,0.5281412538135788,0.4929620936480045,0.7219383209296445,0.4472031702575676,0.0,0.5256088248931217,0.40635351789721386,0.5936068262041473,0.7346361651341622,0.4794653534624379,0.6582571937213777,0.6324849691224497,0.6490120884849322,0.5472759304494674,0.5045322086068866,0.6868477587017768,0.40191852473387835,0.4464670453813705,0.7200968185879771,0.49813188133817443,0.45519567787890414,0.7659412974958318,0.6532793190741768,0.42065084680804776,0.38104775030784344,0.4046653880143949,0.6482570134325656,0.6849787797746916,0.4322789528915223,0.44910573697284284,0.4409929916090136,0.43234251301491355,0.42173603058064335,0.38482232191657606,0.5790798004404194,0.55323476769119,0.44466470660772994,0.482773892701156
Thómass saga erkibiskups-Holm perg 17 4to,0.3843257593733067,0.31560689958714694,0.4241525692313023,0.509604064819924,0.4264763812482516,0.4731460801000208,0.4362900287627318,0.5343920149199837,0.6144661044078379,0.39494462068602987,0.29272310571265003,0.5301047214703911,0.4767426890774079,0.6241990340486738,0.5076406328890227,0.404577658842074,0.25970435869485664,0.5738903249611569,0.26251179549483616,0.6360835882876116,0.7728310895385679,0.416137830545634,0.5223717256948222,0.40954266310876,0.48863581085579355,0.3285637702652122,0.3654025005508059,0.42184147620685764,0.5732849494722194,0.5868953734569572,0.4786366739349417,0.44564797928176125,0.6745754887427957,0.37276290654806477,0.5256088248931217,1.886268918838141e-13,0.3920830607792336,0.6036657271006112,0.7166915451553926,0.421012378963053,0.6113530884607128,0.5613280059484205,0.5811707085780269,0.5386694622787185,0.4557616885037793,0.6985107414378176,0.384488934020753,0.391103252410554,0.7349753496168143,0.47027565700024365,0.4528451229519973,0.7816296518389902,0.5361100816859405,0.3784565815445039,0.34582266616044444,0.28785023605542404,0.5838915961039532,0.6381236449227756,0.34993070399142945,0.4436657391362223,0.3987286635933882,0.2734727339768044,0.329194644047651,0.3754352361851131,0.5977997074542856,0.5432319624509445,0.40191187354042557,0.4499003547641178
Droplaugasona saga according to AM 132 fol (Möðruvallabók)-AM 132 fol (141va.3–147vb.4),0.19138302423555054,0.1846614248958237,0.28361289366011666,0.38534776801854775,0.33073723234686747,0.34304835487294894,0.3844589733296029,0.3807794429104133,0.45785936705831354,0.19915412225917306,0.28542861218949034,0.4528352888711995,0.3476346526696329,0.5522253047189609,0.3640628069036883,0.29241391573425846,0.22189280697915836,0.49039189347969714,0.2630280956040678,0.5539606281634701,0.7488231919441936,0.2316043824113767,0.39388683699435767,0.2763760084429854,0.330685190969807,0.19461214537687865,0.27686020778579745,0.3209668656982936,0.4384150446673275,0.5024455752032728,0.3783385546242968,0.3613088588052783,0.6158584298916507,0.2792188651750007,0.40635351789721386,0.3920830607792336,0.0,0.5145663978361127,0.6633010344418322,0.2602925080093018,0.5707992686871786,0.47449519537698726,0.5191378423994742,0.4471944568668801,0.3095625610593853,0.6259456073216412,0.18232837101990507,0.32251565166152163,0.6532249429919632,0.3794843808718449,0.3379262960954771,0.7516326481104225,0.5581176802523643,0.23491204563882095,0.18282940807874193,0.21942443894558628,0.5485017563329586,0.5949766282835309,0.24656345993919648,0.32597740602558856,0.3005544453794885,0.27519862801853545,0.22194129430293097,0.16238259325148308,0.5138863436375234,0.45992548524967947,0.20649745213149961,0.2823235183333196
A fragment of Barlaams saga ok Jósafats-NRA norr fragm 64,0.4986477934600987,0.46539023861758755,0.5442046663034337,0.6262875058939,0.5131519687790826,0.5938933146954859,0.6044823105971912,0.549794656076098,0.6885776759058739,0.513886680879299,0.5222514808633492,0.6474754137985392,0.6119423046113881,0.6860054719446811,0.6044462579656662,0.5526131545780844,0.42724324582931117,0.6999187616808327,0.5261231835649346,0.7222053597873308,0.8408398057219589,0.53489413367163,0.597187829721789,0.5646209227335868,0.6073974935151245,0.5256017840774305,0.5197027876061149,0.5583482551876054,0.6111505246423488,0.6954936856834397,0.5825446092346527,0.6033993331805572,0.7525865917944289,0.5389330696206347,0.5936068262041473,0.6036657271006112,0.5145663978361127,0.0,0.7633559412273607,0.5967893156789139,0.7161974439073435,0.6497575732964647,0.7233793054783324,0.6236034743087289,0.5946605562743031,0.7438714882907329,0.5247537077546938,0.5170319529494323,0.753959548079665,0.5737376602916477,0.5306145933901651,0.7876870704726423,0.7074802523202784,0.4968886817993058,0.5075849156214073,0.5110201115881539,0.6852574627006999,0.7175954635084129,0.5258455426328148,0.5490544750206297,0.578710874961152,0.5434923234999272,0.5114227881287443,0.49330896609984054,0.6971008425525398,0.6090996385209793,0.5417677857285903,0.5796064837701913
A fragment of Agǫtu saga-NRA norr fragm 70,0.6264414585532075,0.6458191437483505,0.6421861349521298,0.6745793136047549,0.6712758091697206,0.6731925264998462,0.7009522412373679,0.5988675775834753,0.7850274168909077,0.628728633822945,0.6795401041583174,0.762395658372794,0.7021137077224366,0.8158288017777435,0.6951381590409144,0.6937642699970399,0.6107639052657752,0.7842021298873295,0.6411837342537599,0.8316128241334201,0.8877496485476247,0.6931877782515212,0.719824611095065,0.6889475404048439,0.6969900166210734,0.6791843337162051,0.6538388333574607,0.7198424150706669,0.7866170367863394,0.815249451127927,0.7231595343458717,0.6730148989624698,0.8343831678166501,0.6836818199923074,0.7346361651341622,0.7166915451553926,0.6633010344418322,0.7633559412273607,0.0,0.7028239002326782,0.78914129510619,0.7472090793170396,0.7788440076252465,0.7340992553780923,0.7046893489363033,0.812691655397932,0.665089116412193,0.647777052165701,0.8285588562572388,0.706205503291216,0.7067849308488968,0.8913787614376261,0.7831065518150999,0.663911681133498,0.6585975060211653,0.6344314576814067,0.6981380201473288,0.8167412690850652,0.6712315837644556,0.6845955741802792,0.6566186670728758,0.6913927620731453,0.6472774040023408,0.6464770687115794,0.7003364712898289,0.7733546522352406,0.6623139378633038,0.648511682894263
Zeta-fragment of Egils saga-AM 162 A ζ fol.,0.2843454236641104,0.2675570686314598,0.3609563049119717,0.4495836098442869,0.39688176094792493,0.2762434696299201,0.40223210008442967,0.4872993055610336,0.539431515178515,0.26054668117534907,0.3682573704095905,0.49462890986739005,0.4081641083384736,0.6055993751004825,0.448544486528358,0.3457152308431115,0.3073619938066784,0.5313993802182128,0.34232779250586676,0.6026495114576438,0.7591813948192869,0.3101243013773455,0.4491593223385312,0.3212139647067558,0.41137823137140306,0.24804958413464484,0.3310821130032211,0.3691725963911616,0.5156050118918047,0.5500266243979758,0.43748364715064614,0.3919444685056649,0.6811429570140113,0.32900359274699276,0.4794653534624379,0.421012378963053,0.2602925080093018,0.5967893156789139,0.7028239002326782,2.6645352591003757e-15,0.5825808315784549,0.5253232051555903,0.5821606425827595,0.5116513075279692,0.3845971826256558,0.6517004687206462,0.28581546593995477,0.38092476758775484,0.7057854389994178,0.4364786828578303,0.42105999548973705,0.7919253647905956,0.5895032069793054,0.32162296576496985,0.12862394826747425,0.2752059969075298,0.5914132713219713,0.6269527461901239,0.31814383178928873,0.3757099401031714,0.34156537396089437,0.3290479489393441,0.26562365388246856,0.26120276270454923,0.5662133873592166,0.524431810254113,0.3068207479911499,0.3605201286896369
"A fragment of Gregors saga páfa and 
                            Díalógar-NRA norr fragm 71",0.5843435438956348,0.549466692391235,0.6027527284689276,0.6639308259367662,0.5564915654207081,0.6200478003651806,0.5349435541730342,0.6437236014483898,0.7312449137876611,0.5703323076449304,0.6315327859528548,0.7107236559210137,0.6444653260336675,0.780228198171244,0.6744555731923263,0.5951444517542592,0.5356591823276622,0.7150712728206083,0.605112730183967,0.7499433202292196,0.8131194005533419,0.5593481550237589,0.6158794000556531,0.618204926414097,0.6500481969768019,0.5492564551645585,0.49117316212644335,0.5990730803369027,0.6630298699655304,0.7310578693379346,0.6359699598047064,0.5651064017949834,0.7942366649933638,0.5549957917301416,0.6582571937213777,0.6113530884607128,0.5707992686871786,0.7161974439073435,0.78914129510619,0.5825808315784549,0.0,0.7142237515792665,0.7620439639475612,0.7192069655176231,0.6284497405119895,0.7386608007061868,0.5508241883329861,0.5386124206492551,0.8356051121008021,0.6449207927590664,0.6378806162301491,0.8784769635642058,0.7169549274788432,0.5746792452706946,0.5481518777574748,0.5002451138168851,0.696270857573251,0.7584656212908408,0.5633821864194446,0.5488021337390568,0.5987054851465687,0.5906090936140523,0.47144470643278735,0.5492419754724627,0.7296686084583989,0.6690537904975076,0.5854976508428045,0.5875143588650533
A fragment of Flóress saga ok Blankiflúr-NRA norr fragm 65,0.4588768569006215,0.4400068702080523,0.5314700739649876,0.5661577749928943,0.5867337312165141,0.5545422037527764,0.615654144046469,0.5527815804266056,0.6614973056096967,0.4804056782615109,0.4923257290027184,0.6163274015951086,0.5544354443718895,0.6932284404272546,0.614667085796212,0.5258454187080368,0.43628628825210625,0.6861018434338528,0.47446710429701955,0.715047398232261,0.8625103055029368,0.5421148652162371,0.6100432839482381,0.48580559794479317,0.5451792347151782,0.47311573447237054,0.5147165728714157,0.5229961119351065,0.6439400939138555,0.7074174089024783,0.5622153331607117,0.6062048053515783,0.7809575170561092,0.5172817535617487,0.6324849691224497,0.5613280059484205,0.47449519537698726,0.6497575732964647,0.7472090793170396,0.5253232051555903,0.7142237515792665,2.220446049250313e-16,0.6805813340011793,0.5769311083266933,0.5404771119236855,0.7946212202501923,0.5271379488548118,0.5223973231837855,0.7452435770118924,0.536421783376041,0.538759661405357,0.8446661248024415,0.6994159010551544,0.4751394717983233,0.4611468907600872,0.47187715055548796,0.6308702763391663,0.7388339821921186,0.49360661362050773,0.6002063893051697,0.5336319068393196,0.5040870292915536,0.43169853996247,0.5051348210316216,0.6609732945537529,0.6611847911994755,0.47239488997666945,0.512189294866649
A fragment of Stjórn-NRA norr fragm 60 C,0.5215406848925921,0.4887258454430199,0.5389681410760381,0.6031068796548302,0.6072254108406626,0.5973719923534417,0.6439934745876319,0.6361591077031866,0.7057022172113891,0.5367498652903646,0.5414927225431412,0.6180146896519254,0.5985305681257473,0.6997363306807859,0.6023376457813906,0.5539967620158346,0.5050380806383228,0.6780385774867966,0.5443563538255967,0.7358744485569624,0.856281596596423,0.5686969662933363,0.6628226564309657,0.5453448762560931,0.606024171687809,0.4973392657404997,0.5771816103896379,0.6000900132598747,0.7272862028375754,0.6966821668118843,0.6211241469272952,0.6217633527247621,0.7989253197691343,0.561585963082301,0.6490120884849322,0.5811707085780269,0.5191378423994742,0.7233793054783324,0.7788440076252465,0.5821606425827595,0.7620439639475612,0.6805813340011793,0.0,0.6336112422987444,0.5947003271185016,0.7924007223696395,0.5458919243552305,0.5950914856732448,0.7747920807885789,0.607350102550116,0.5897396513305421,0.8449888445885363,0.7246627284599594,0.5327373116278924,0.5089442602813758,0.4998322363820018,0.6910832005924084,0.7626321828387592,0.5215022418790796,0.616333462140958,0.5386339657255028,0.5444080030586624,0.545940251691317,0.5414739386005039,0.6526576465606377,0.69533142241949,0.5423474614424637,0.5807320954145745
A fragment of Karlamagnúss saga-NRA norr fragm 61,0.39389029248037766,0.40243275689290725,0.44624246410231216,0.5293249795481476,0.531439005536211,0.520204578120997,0.5991746330131356,0.5103868673303442,0.6456513135785418,0.4453005014249425,0.43010363988831557,0.516175319038482,0.5209098297801131,0.6493074380753736,0.5382590357147226,0.45836023577860385,0.4044671203475857,0.6023137849574755,0.4615849808133027,0.6696642100490365,0.8328770135526,0.49655912405373404,0.5875056524155362,0.45352026492573694,0.5115982619148614,0.41894040833523394,0.5054701414272609,0.5214244453792399,0.6226478874387373,0.6372204905630601,0.5450378789047896,0.5779702770503847,0.7496508649896834,0.49854857001811603,0.5472759304494674,0.5386694622787185,0.4471944568668801,0.6236034743087289,0.7340992553780923,0.5116513075279692,0.7192069655176231,0.5769311083266933,0.6336112422987444,0.0,0.5276516658999891,0.7473681405262675,0.47685090720456225,0.5217716624781099,0.7146060574190048,0.5027430277174536,0.4717352561524629,0.8162863200675838,0.6868996163517056,0.4301844690063359,0.4056267116023272,0.43959806718540817,0.6399273233357659,0.7271093531371546,0.4687600982206509,0.5620597143225843,0.46583804736967305,0.4514227027035217,0.45698630851856825,0.4538183897158129,0.5763711005975237,0.6337849577112159,0.45678225819711904,0.5088860103393016
Finnboga saga according to AM 132 fol (Möðruvallabók)-AM 132 fol (100ra.1–114ra.41),0.3146815617955817,0.30400922578535317,0.3899517078048016,0.46837243000186746,0.4419614747192321,0.4491325553136343,0.4668221112599792,0.4752251352205402,0.5546657081356757,0.3113482979436297,0.38542523455512956,0.5284516283752705,0.43975473173960933,0.6113200832832374,0.4730623828723063,0.39893734578086204,0.32675785055056816,0.5661232154845987,0.36553942353337854,0.6278913204121104,0.7866273505589209,0.37334858784964997,0.5083179482229334,0.37320760570543043,0.43021413775867334,0.33051406966201946,0.39192466091747535,0.43329831888178927,0.5474760203151239,0.5884152525258186,0.4677791446344842,0.45182077361611883,0.7003244167205344,0.3927572615904511,0.5045322086068866,0.4557616885037793,0.3095625610593853,0.5946605562743031,0.7046893489363033,0.3845971826256558,0.6284497405119895,0.5404771119236855,0.5947003271185016,0.5276516658999891,1.2545520178264269e-14,0.6898839811922406,0.32276258143772873,0.4198622902323146,0.7129260097668584,0.4624597461961457,0.44710037066686714,0.7859742130261393,0.6161452510435119,0.3562243715435588,0.3172049343080674,0.3193661504848826,0.6082712451940877,0.6468010005112201,0.365894831888951,0.43136449439121693,0.3903594719896917,0.3772870092772288,0.3402183886975303,0.3121774047111153,0.5757814861228541,0.5452397186427999,0.33527021547156044,0.39085825514544004
De xii abusivis saeculi-AM 677 4to,0.6207050375999035,0.6085013734199329,0.6418931850907705,0.7088074165926248,0.5722763513095439,0.6856195264797988,0.57888753340304,0.6739377036879289,0.7610001321041718,0.6128851638568134,0.6650958073524041,0.7278362820897519,0.6995391238104919,0.7843992333895433,0.7019556006503469,0.6421661377742056,0.5983984133209079,0.7601648499952839,0.6673347870724431,0.7837246171941546,0.8216826238755737,0.6085003748507989,0.6746368946154978,0.6827837320987489,0.6949457873037814,0.6125396927385268,0.5285670514116549,0.6487822275073634,0.721680014617482,0.7536536598001486,0.691246275828572,0.6173663238206284,0.8007913572838826,0.6108989961462261,0.6868477587017768,0.6985107414378176,0.6259456073216412,0.7438714882907329,0.812691655397932,0.6517004687206462,0.7386608007061868,0.7946212202501923,0.7924007223696395,0.7473681405262675,0.6898839811922406,0.0,0.6146761571494341,0.5684896550663301,0.8487425983463698,0.6910395429843421,0.6661773242193585,0.8425227845440448,0.7650938005967084,0.6326345086664814,0.6187082083830249,0.584075033073387,0.7470850555206867,0.7641584409238934,0.6235111420376283,0.6236419083490112,0.6402296519377109,0.6512882709050142,0.5556092144824398,0.6116918461895196,0.7454269052856509,0.7019434397202656,0.6428530621420077,0.650623991413165
Fóstbræðra saga according to AM 132 fol (Möðruvallabók)-AM 132 fol (198rb.8–201vb.41),0.22640435294901007,0.20647045338441106,0.28892760895611147,0.3991324593410195,0.3147102474487973,0.3541093679952788,0.3484211837667691,0.3970809083899114,0.48726307808724434,0.19425942757587233,0.3095880718517343,0.460755547475018,0.36352566157147814,0.5616695359155179,0.38471060509312194,0.3075499836075517,0.23294022932804836,0.4950095134844129,0.2913903684377298,0.5693911569133532,0.7257817452012365,0.24920292806034394,0.4013443366555294,0.3084293635006443,0.3496035845188207,0.22547603863437438,0.2631328995893839,0.3253875127914416,0.444079158541149,0.5067239126690763,0.40325996585424817,0.33069922834456955,0.6325323165389658,0.27280362110849987,0.40191852473387835,0.384488934020753,0.18232837101990507,0.5247537077546938,0.665089116412193,0.28581546593995477,0.5508241883329861,0.5271379488548118,0.5458919243552305,0.47685090720456225,0.32276258143772873,0.6146761571494341,0.0,0.30434355948601743,0.6814627527927808,0.3914132456742453,0.3640785735929014,0.7601354922723149,0.5490243868649608,0.2695484871747993,0.20186660976879334,0.20871689368799562,0.5489848756532991,0.5907806529280669,0.27181541692554934,0.29737096013670017,0.2996326289808743,0.2725658937544495,0.23647491455508374,0.1825091609934777,0.5200839003802944,0.45019156797752524,0.24135724988937168,0.2906612561863262
De virtutibus et vitiis-AM 619 4to,0.3215514337640102,0.27295956501336505,0.35621975829418995,0.4592511696824859,0.22998942978150327,0.4075353071113117,0.26185916982423685,0.39473836546146923,0.5741377098897888,0.3036695620890344,0.38431213332271696,0.5271121602333378,0.43408079961222235,0.6115151820548739,0.4655520594895961,0.3813085368853607,0.2204618467104994,0.5611986221130453,0.3620410509139764,0.6188700559298681,0.6982644506773021,0.3237332148255406,0.4378884991891667,0.38873711037997016,0.4441952143227085,0.3132598691968411,0.17796460471506947,0.34639198782632297,0.48419193685058337,0.5623896450116176,0.44008859730820016,0.33564669193486907,0.673153201012328,0.2859166305668782,0.4464670453813705,0.391103252410554,0.32251565166152163,0.5170319529494323,0.647777052165701,0.38092476758775484,0.5386124206492551,0.5223973231837855,0.5950914856732448,0.5217716624781099,0.4198622902323146,0.5684896550663301,0.30434355948601743,7.216449660063518e-15,0.7041577038788525,0.42451093576754084,0.40877765153175316,0.7397504658712302,0.553007350344555,0.3304913136433416,0.30525918719730105,0.2375947564663261,0.46228595906459213,0.5868698273336073,0.2976097780044529,0.33235569502138085,0.35987759702613575,0.35044856076289277,0.22142621418873176,0.29763600474421736,0.5462433513993882,0.47099022076775876,0.33784950581431383,0.35226812521179063
A fragment of Stjórn-NRA norr fragm 60 B,0.6309658860810468,0.6325424799837362,0.6664766349223434,0.7070732761197267,0.709760635084022,0.7174592121484877,0.7647263866163296,0.707085426648411,0.7804711377413006,0.6630603035511756,0.6601790584776305,0.7326805815477941,0.7147187960412311,0.7875980913024498,0.7018394314559917,0.6725954369918963,0.6336668936236168,0.7702110498790691,0.668252820964179,0.8008125980147611,0.9047783343781352,0.6901648423260232,0.7405567292928285,0.6623521526792167,0.7110013434883597,0.6451855876439403,0.6981831719516367,0.7124026229645141,0.7685441712734307,0.7935081722704083,0.7136494946810097,0.7567847910828759,0.8365334128258652,0.7048710701502199,0.7200968185879771,0.7349753496168143,0.6532249429919632,0.753959548079665,0.8285588562572388,0.7057854389994178,0.8356051121008021,0.7452435770118924,0.7747920807885789,0.7146060574190048,0.7129260097668584,0.8487425983463698,0.6814627527927808,0.7041577038788525,0.0,0.6915472647542622,0.6788295014455085,0.8740143408336345,0.81847655843826,0.6524898583066052,0.646740441707125,0.6737742959974506,0.7918835124357091,0.8313197595685812,0.66470676657236,0.7330142347870588,0.6765417613445981,0.6756517047438921,0.6695519832354386,0.6610708552864746,0.7469235836568859,0.7650771404888912,0.6699756660660778,0.704654452851951
A fragment of Karlamagnúss saga-NRA norr fragm 62,0.33743435536465594,0.31038074809848915,0.4003869712013234,0.47696324562078696,0.4357073408808495,0.47363989031137643,0.5060079724957557,0.4772415386419885,0.6009961823150544,0.38161743860800024,0.3783352720230705,0.5186361355407298,0.4729351679995293,0.6216700258840262,0.4762867415830192,0.39999469088302797,0.31505018951699104,0.5889440322355207,0.36811067277153886,0.6256900259243006,0.7949671290541089,0.40178035773677445,0.5047056936811873,0.39512861554996614,0.4752309089772324,0.3362658709022113,0.40653655357715024,0.4279056031393378,0.5639293093085649,0.5970741087098385,0.4802259887425736,0.48247725667836827,0.7104913528010811,0.39185204232530113,0.49813188133817443,0.47027565700024365,0.3794843808718449,0.5737376602916477,0.706205503291216,0.4364786828578303,0.6449207927590664,0.536421783376041,0.607350102550116,0.5027430277174536,0.4624597461961457,0.6910395429843421,0.3914132456742453,0.42451093576754084,0.6915472647542622,4.773959005888173e-15,0.35997219124527513,0.7814895347951498,0.6369493530098469,0.358886786687568,0.3484191882860843,0.35883398125637156,0.6030417866134756,0.6522891836268496,0.36661536503551484,0.4666756170795152,0.3976447404222716,0.3925281667119437,0.3590836156641618,0.36180374870531384,0.5714455177839979,0.5511869840344489,0.3910223119341262,0.45278630510139073
A fragment of Karlamagnúss saga-NRA norr fragm 63,0.3224019336185182,0.2697032662395481,0.37727520668866155,0.48804640863571247,0.3834875235121339,0.45064580564065393,0.488321471344077,0.46069650808853013,0.5767492817699467,0.3703437729144593,0.33975452042604937,0.4841138394731148,0.46366698998479505,0.587246175183304,0.44872352649043445,0.36317802749101735,0.27181097188930736,0.5646933078617744,0.34526432934646367,0.6042664919073752,0.7869206623554664,0.36791222445376204,0.47670075595959926,0.3768159375587602,0.45524758067539917,0.30278233241498476,0.37401971974007064,0.4120311500263112,0.5054887487513791,0.568506979929203,0.4435094190332973,0.47756784037989786,0.6779540336002695,0.38073938950105213,0.45519567787890414,0.4528451229519973,0.3379262960954771,0.5306145933901651,0.7067849308488968,0.42105999548973705,0.6378806162301491,0.538759661405357,0.5897396513305421,0.4717352561524629,0.44710037066686714,0.6661773242193585,0.3640785735929014,0.40877765153175316,0.6788295014455085,0.35997219124527513,3.3306690738754696e-16,0.7391974395250187,0.6206285148784016,0.31989978953575526,0.311397870592261,0.32025195069669543,0.6032744387136384,0.6271574264950107,0.339479708052149,0.4335689675619593,0.3920635464068799,0.36094910324831553,0.3373395245527381,0.31765896030358753,0.5722600531437393,0.5109250612930789,0.37935967473881604,0.44641401741594566
A fragment of Stjórn-NRA norr fragm 60 A,0.739449327683259,0.7126912892249133,0.777974992146803,0.8211589491528126,0.7245915225319814,0.8021986280294463,0.7908581416929521,0.7862612818238826,0.8401036187976825,0.7560396933119102,0.744868119530177,0.8170470430577702,0.8067456871180562,0.8349910827285155,0.7943079960187865,0.7609169127717783,0.6919828680986637,0.8441762320078813,0.7464499098515198,0.8380394051250146,0.9101102051987329,0.7584912182927026,0.8097473457221116,0.7701330680426615,0.799962970414509,0.7369428401175437,0.7530834999030894,0.7809868035765567,0.8023966344736663,0.8410880392792821,0.7823487862287978,0.7913419393096549,0.8778949971971737,0.7614363089370493,0.7659412974958318,0.7816296518389902,0.7516326481104225,0.7876870704726423,0.8913787614376261,0.7919253647905956,0.8784769635642058,0.8446661248024415,0.8449888445885363,0.8162863200675838,0.7859742130261393,0.8425227845440448,0.7601354922723149,0.7397504658712302,0.8740143408336345,0.7814895347951498,0.7391974395250187,0.0,0.8516243121780471,0.7322683620606545,0.7506726371572168,0.7493472987936123,0.8419613277479348,0.8337171274515149,0.7257529761971122,0.7649700166376363,0.7748114513005008,0.7591130301050655,0.7579709040402146,0.7367604208990534,0.8710738229230139,0.7831115603239087,0.7660885943084744,0.804523015332999
Konungs skuggsjá-AM 243 bα fol,0.5570897496323304,0.5255142134101811,0.5770494146713503,0.6485144679952315,0.571158514861365,0.6033385755019249,0.5668222155550451,0.6240363626927491,0.7224415210751897,0.545559523116643,0.5311924379267291,0.6816137333990948,0.6268188364007697,0.7536688866485386,0.639746660653012,0.5941972974615388,0.48194594175760397,0.7055331830247946,0.5130095670068512,0.7544051409474954,0.8280622650531777,0.5734999398934357,0.6383386125029589,0.6052852974803477,0.6332988455354192,0.5428227139852196,0.5442943992038943,0.5751522830544384,0.6795803629363042,0.7124817617114763,0.5844275607074134,0.5840073109095966,0.7594594694419023,0.5398306560402867,0.6532793190741768,0.5361100816859405,0.5581176802523643,0.7074802523202784,0.7831065518150999,0.5895032069793054,0.7169549274788432,0.6994159010551544,0.7246627284599594,0.6868996163517056,0.6161452510435119,0.7650938005967084,0.5490243868649608,0.553007350344555,0.81847655843826,0.6369493530098469,0.6206285148784016,0.8516243121780471,0.0,0.5621546479013177,0.5362096754612808,0.5049680456182777,0.6811277402567826,0.7256802500169084,0.5641747833420873,0.5497842600201917,0.5819677457899225,0.5153838614260464,0.5311170281537358,0.5389035473699917,0.7002339106904172,0.6490926423590573,0.5668881729667257,0.5778083633506103
Trójumanna saga-AM 573 4to,0.23484997312248956,0.1694188650470544,0.30983602939306953,0.41642736048966333,0.3342514437083258,0.3709289857700512,0.40342360031011115,0.3810881086316883,0.5141686808768726,0.2630756892070881,0.26371935304011074,0.44286300806968304,0.38401487780055266,0.56217159757271,0.37717696380229804,0.2880507876657735,0.18611881094929128,0.5147465091192309,0.2660891271407372,0.5639533393146754,0.7639880104758638,0.2770923371617464,0.4231216051514912,0.30023448811027587,0.37957238687260386,0.21801838399466233,0.299111101337562,0.3488372758599855,0.445222802118873,0.5217765791513157,0.3772028052640497,0.3983492238695029,0.6527956976994274,0.30493510653838696,0.42065084680804776,0.3784565815445039,0.23491204563882095,0.4968886817993058,0.663911681133498,0.32162296576496985,0.5746792452706946,0.4751394717983233,0.5327373116278924,0.4301844690063359,0.3562243715435588,0.6326345086664814,0.2695484871747993,0.3304913136433416,0.6524898583066052,0.358886786687568,0.31989978953575526,0.7322683620606545,0.5621546479013177,3.1086244689504383e-15,0.21583734481487515,0.2045065333941517,0.5370006493050665,0.5965344979704801,0.2571538882095281,0.3507286185019973,0.3159154508535905,0.28129812237912044,0.24126889504289217,0.2254141253872176,0.5347123181167581,0.45118849919824466,0.27980241850650234,0.34594560767888716
Egils saga Skalla-Grímssonar in Wolfenbüttelbók-WolfAug 9 10 4to,0.186962493512711,0.15681363065959264,0.24700686217273926,0.37631432855597857,0.3120562144912056,0.20553174238893124,0.35538730776586336,0.3879616390929199,0.48358950646455123,0.17686617854306352,0.24994370636557572,0.3693308549872324,0.33135437797950984,0.524192198102057,0.36575759989380063,0.23883137986971315,0.18813791401135316,0.446049091164364,0.2671365377845123,0.5416570046258891,0.7389345727679428,0.2312109368887414,0.38105975143840864,0.2275868977053539,0.32783777446561324,0.14222364907421792,0.2638901083072295,0.28820167374028594,0.44215688675473175,0.4660341906390245,0.3570432625713559,0.3390704075803074,0.6393054742293265,0.24272361006105936,0.38104775030784344,0.34582266616044444,0.18282940807874193,0.5075849156214073,0.6585975060211653,0.12862394826747425,0.5481518777574748,0.4611468907600872,0.5089442602813758,0.4056267116023272,0.3172049343080674,0.6187082083830249,0.20186660976879334,0.30525918719730105,0.646740441707125,0.3484191882860843,0.311397870592261,0.7506726371572168,0.5362096754612808,0.21583734481487515,0.0,0.17713286358271652,0.5333102496549087,0.5775569099918396,0.2392428841537142,0.299771815504173,0.2546111086952523,0.21436173774269174,0.19655980863403144,0.176840599620546,0.47126609368938377,0.4449957140616906,0.2297564667467128,0.2848806973864293
Alexanders saga-AM 519 a 4to,0.2264440228173643,0.14354648550123295,0.2649670953564849,0.3863164216718342,0.2719065991059161,0.31467919852881077,0.264934865351917,0.3711364356516079,0.498681747726082,0.20734561812315344,0.2490158210928306,0.394906445264557,0.3473012841617743,0.5439908597610721,0.3661480986028103,0.258393633955717,0.1662596134488502,0.4735179246586184,0.24914891153709684,0.5563496590938193,0.7154094027185888,0.25361672703347504,0.39317194832664915,0.2791476578848735,0.3491805634764972,0.1681818010998969,0.17442665503237254,0.2838347263314922,0.4378223809766366,0.4787873067660865,0.35860256782395916,0.29586120931641613,0.639183602167436,0.21783596878793288,0.4046653880143949,0.28785023605542404,0.21942443894558628,0.5110201115881539,0.6344314576814067,0.2752059969075298,0.5002451138168851,0.47187715055548796,0.4998322363820018,0.43959806718540817,0.3193661504848826,0.584075033073387,0.20871689368799562,0.2375947564663261,0.6737742959974506,0.35883398125637156,0.32025195069669543,0.7493472987936123,0.5049680456182777,0.2045065333941517,0.17713286358271652,0.0,0.4773612920247523,0.5551076216893326,0.21973343063785433,0.2727485455419053,0.2509149604829187,0.22780671860792046,0.14538547133737056,0.19829209178825125,0.4755098639389408,0.42262102007008484,0.23728140015383115,0.2741835484424162
A fragment of Konungs skuggsjá-NRA norr fragm 58 B,0.5234533956143875,0.5111794205647817,0.5424349556809217,0.5907904439480626,0.5188298379262495,0.5608663030601015,0.5405632556458557,0.5184914103503918,0.7194763576455214,0.515642773670806,0.570922112082931,0.6778253338581476,0.5981377137561643,0.7672737101757201,0.6116885837493429,0.5915487869911107,0.4607058656721349,0.7214467545678501,0.5488914489946428,0.7672140302625234,0.8173320100013813,0.5741779315816025,0.6117209324282171,0.5861025805056065,0.6040049767004712,0.5555282899973897,0.4837800060091966,0.5655103386143265,0.691689442438253,0.7372015596219248,0.6371142309611446,0.5449343667368227,0.7923987713375702,0.5227745243426167,0.6482570134325656,0.5838915961039532,0.5485017563329586,0.6852574627006999,0.6981380201473288,0.5914132713219713,0.696270857573251,0.6308702763391663,0.6910832005924084,0.6399273233357659,0.6082712451940877,0.7470850555206867,0.5489848756532991,0.46228595906459213,0.7918835124357091,0.6030417866134756,0.6032744387136384,0.8419613277479348,0.6811277402567826,0.5370006493050665,0.5333102496549087,0.4773612920247523,0.0,0.7483217721474075,0.538347735638027,0.5512973999465902,0.5597650419958304,0.5682867876066737,0.48757137089794866,0.5424361571399368,0.6380879324809177,0.6680333876796427,0.543501866559326,0.5290172353990809
A fragment of Konungs skuggsjá-AM 1056 IX 4to,0.588571814853529,0.5548161546072794,0.62518770756671,0.6922197815975174,0.5991477451297451,0.6639123938784809,0.6107814375070996,0.6710247840342913,0.7424314668397853,0.5960460023138046,0.6085729144610701,0.7058669981257952,0.6687992510192156,0.742904760776048,0.6778506733869334,0.614756422695003,0.5398396007691758,0.7324766658348822,0.6074080136488754,0.7578967745121243,0.8438868848714511,0.5856747502864463,0.6871743792825169,0.6366847429426932,0.6702194170060911,0.5647822795657917,0.5968561405561633,0.5764068285596633,0.6877492065712675,0.7146987453317573,0.647788685267475,0.6301377556178441,0.8048118913432218,0.5484707826902271,0.6849787797746916,0.6381236449227756,0.5949766282835309,0.7175954635084129,0.8167412690850652,0.6269527461901239,0.7584656212908408,0.7388339821921186,0.7626321828387592,0.7271093531371546,0.6468010005112201,0.7641584409238934,0.5907806529280669,0.5868698273336073,0.8313197595685812,0.6522891836268496,0.6271574264950107,0.8337171274515149,0.7256802500169084,0.5965344979704801,0.5775569099918396,0.5551076216893326,0.7483217721474075,0.0,0.5908027813190913,0.6090855662235231,0.6177906416738945,0.6009147227926344,0.5791047436402371,0.5716703433243999,0.7543115234950317,0.664326990638098,0.6073491619704234,0.6387302718404596
Reynistaðarbók-AM 764 4to,0.2531384804759822,0.1890202415306027,0.3328783466719498,0.4264191467119588,0.32180641821473976,0.3907484602658221,0.37954613475241905,0.4342727334010622,0.5291991117100789,0.29174218602688673,0.3020348053580577,0.4540879573913129,0.39595342284257395,0.5552858428774321,0.39346429022644536,0.31191721811432593,0.2015260112700834,0.5113776544321526,0.2586451288456306,0.5624532895224674,0.7431100579060831,0.2848944495598531,0.442095606726324,0.30680185401299986,0.3999151826503823,0.19652160509077932,0.2770279659260335,0.34885103395983597,0.48111457352916676,0.5227487894235547,0.3865406934383234,0.3752423557751523,0.6457447259526699,0.2959915517764472,0.4322789528915223,0.34993070399142945,0.24656345993919648,0.5258455426328148,0.6712315837644556,0.31814383178928873,0.5633821864194446,0.49360661362050773,0.5215022418790796,0.4687600982206509,0.365894831888951,0.6235111420376283,0.27181541692554934,0.2976097780044529,0.66470676657236,0.36661536503551484,0.339479708052149,0.7257529761971122,0.5641747833420873,0.2571538882095281,0.2392428841537142,0.21973343063785433,0.538347735638027,0.5908027813190913,0.0,0.35535793798717363,0.2921412420606724,0.2886045220846586,0.2307901255147855,0.234226782458134,0.55097214608405,0.4696644838296581,0.29519762464676247,0.3667744722979833
A fragment of Konungs skuggsjá-NRA norr fragm 58 C,0.3415042550466494,0.2966174998645288,0.3502464653063826,0.47956789867978433,0.32539167143824754,0.3949299218187937,0.3306687632950893,0.4408756164855374,0.5770139745773979,0.3134322202474735,0.41293511641387937,0.5386873006144071,0.4466526590515517,0.6394538437780832,0.4417793442359219,0.3850287596177452,0.2934041280857139,0.5556947780820523,0.3985435735956555,0.6272602793243205,0.7353866407015396,0.3215143051895546,0.41803567557787513,0.4223204897037375,0.4611936042084571,0.3174594347040606,0.30016311360088843,0.353612699569979,0.47057829486705594,0.549344495837437,0.47245823975442347,0.3428751304862818,0.6499310741495907,0.29489935022487257,0.44910573697284284,0.4436657391362223,0.32597740602558856,0.5490544750206297,0.6845955741802792,0.3757099401031714,0.5488021337390568,0.6002063893051697,0.616333462140958,0.5620597143225843,0.43136449439121693,0.6236419083490112,0.29737096013670017,0.33235569502138085,0.7330142347870588,0.4666756170795152,0.4335689675619593,0.7649700166376363,0.5497842600201917,0.3507286185019973,0.299771815504173,0.2727485455419053,0.5512973999465902,0.6090855662235231,0.35535793798717363,0.0,0.3755963865841785,0.37297077466794903,0.3055220867538183,0.25929236313182535,0.5649502496048936,0.44849981347269574,0.361607578010962,0.3685577072282281
Dámusta saga-AM 557 4to,0.253809393822348,0.24402575586321618,0.3006809137961839,0.38993752655588565,0.39171222025833796,0.38646333603198124,0.4181619527407322,0.41587518252150835,0.5542942239428776,0.27819246738970016,0.3230777113729668,0.42486185894412176,0.3910074927766721,0.5683567197174618,0.40509766707905925,0.3182056065211627,0.27959895954317937,0.4917538948372765,0.3056270084089664,0.6016505454603429,0.7664901773539775,0.3313755082841383,0.4866607816661491,0.3159696561089832,0.3987433625875979,0.23446170698818525,0.33687070390280127,0.3792868735694618,0.5581593279094302,0.5197693759094641,0.4205607427241276,0.385574248576941,0.6752856361660579,0.3232794296665894,0.4409929916090136,0.3987286635933882,0.3005544453794885,0.578710874961152,0.6566186670728758,0.34156537396089437,0.5987054851465687,0.5336319068393196,0.5386339657255028,0.46583804736967305,0.3903594719896917,0.6402296519377109,0.2996326289808743,0.35987759702613575,0.6765417613445981,0.3976447404222716,0.3920635464068799,0.7748114513005008,0.5819677457899225,0.3159154508535905,0.2546111086952523,0.2509149604829187,0.5597650419958304,0.6177906416738945,0.2921412420606724,0.3755963865841785,0.0,0.30172714577378057,0.2855455185139065,0.27031168629643165,0.45874898057461155,0.5267956138295562,0.307893343134353,0.36246279831041184
Óláfs saga ins helga (legendary version)-DG 8 II,0.2622685278075928,0.21992193310698416,0.31202648610881534,0.4290130082544542,0.36488606159987524,0.3906176556650076,0.40176681305149453,0.4509841487929309,0.5341359451115173,0.28610979840753614,0.18929645337652135,0.41659704682963283,0.3958366480139325,0.554931894045382,0.41562370503545687,0.28744208875387267,0.19569594532261847,0.49069211253872214,0.19640967719985325,0.5783599534339183,0.7494433218370281,0.3139362250578829,0.45011012125149397,0.30458192866260114,0.36683122921934386,0.21502156842472187,0.3206484393082455,0.3508116349611011,0.5156311670609401,0.5043044003431563,0.4021649515059532,0.40023654092440064,0.6319668255484856,0.30541290556272205,0.43234251301491355,0.2734727339768044,0.27519862801853545,0.5434923234999272,0.6913927620731453,0.3290479489393441,0.5906090936140523,0.5040870292915536,0.5444080030586624,0.4514227027035217,0.3772870092772288,0.6512882709050142,0.2725658937544495,0.35044856076289277,0.6756517047438921,0.3925281667119437,0.36094910324831553,0.7591130301050655,0.5153838614260464,0.28129812237912044,0.21436173774269174,0.22780671860792046,0.5682867876066737,0.6009147227926344,0.2886045220846586,0.37297077466794903,0.30172714577378057,0.0,0.26285974430523995,0.2583066596642629,0.50479891500297,0.4929704106406405,0.3008430941765534,0.37389462158866804
"De xii abusivis saeculi, Prosper’s Epigrams, Gregory’s Homilies on the Gospels, Gregory’s Dialogues-AM 677 4to",0.24576000926706676,0.18689760045847437,0.3143388514000459,0.4039054843580425,0.2686461483136158,0.35046886808286815,0.2451906087809118,0.4072973789636497,0.509551038583858,0.24265768595503345,0.3024290156552527,0.43465492763188207,0.3663800523742997,0.5737815961727056,0.42223398556473335,0.29401896494073776,0.19746351691333208,0.5110346650172353,0.2662643635423628,0.5666014964961077,0.7183541544214922,0.2516572896264134,0.36486000723404377,0.2997577159416993,0.3678084019649427,0.19404172009677478,0.10779674111707582,0.2836520846361593,0.43551763859217174,0.5256989979466693,0.3585836405106083,0.3077015147615485,0.6361696045777372,0.2355812078081453,0.42173603058064335,0.329194644047651,0.22194129430293097,0.5114227881287443,0.6472774040023408,0.26562365388246856,0.47144470643278735,0.43169853996247,0.545940251691317,0.45698630851856825,0.3402183886975303,0.5556092144824398,0.23647491455508374,0.22142621418873176,0.6695519832354386,0.3590836156641618,0.3373395245527381,0.7579709040402146,0.5311170281537358,0.24126889504289217,0.19655980863403144,0.14538547133737056,0.48757137089794866,0.5791047436402371,0.2307901255147855,0.3055220867538183,0.2855455185139065,0.26285974430523995,6.405986852087153e-14,0.22600917741487836,0.5196885429672617,0.45867648119771043,0.24505718213880123,0.28777833729657387
Eiríks saga rauða-AM 557 4to,0.19017543676349968,0.16404050553413552,0.2603806193693161,0.3819635339164231,0.2917481966186153,0.33212988527703236,0.3540967992496561,0.3638560563584613,0.4681154328048337,0.2096218334330272,0.2790070038708772,0.4439225640042178,0.3467324209353826,0.5430270621855234,0.3401584043026443,0.2734241888113771,0.19327792494994434,0.4783809425860811,0.2307124699062012,0.5477295401793774,0.7384811322391144,0.21313179663986515,0.3792242910734728,0.2668577102806091,0.3419446611065693,0.18655567290446662,0.2636178932805415,0.3123166761982811,0.4153351730374887,0.48934770261293636,0.37431205944264867,0.33285544017529667,0.6023114928046052,0.2604215533625813,0.38482232191657606,0.3754352361851131,0.16238259325148308,0.49330896609984054,0.6464770687115794,0.26120276270454923,0.5492419754724627,0.5051348210316216,0.5414739386005039,0.4538183897158129,0.3121774047111153,0.6116918461895196,0.1825091609934777,0.29763600474421736,0.6610708552864746,0.36180374870531384,0.31765896030358753,0.7367604208990534,0.5389035473699917,0.2254141253872176,0.176840599620546,0.19829209178825125,0.5424361571399368,0.5716703433243999,0.234226782458134,0.25929236313182535,0.27031168629643165,0.2583066596642629,0.22600917741487836,7.771561172376096e-16,0.5116730794662463,0.42151288679629106,0.23358431208221697,0.3077664343255301
Stúfs þáttr Kattarsonar-AM 557 4to,0.4325923685642109,0.4990748813833479,0.41687795467462974,0.4965204617141815,0.5721515768480572,0.530960131573406,0.6062804308057641,0.4996377865750087,0.684175041236903,0.44499383318208174,0.5079595835459692,0.5578867684617799,0.5364410267000772,0.6913358121366496,0.5586288967057562,0.5095007119168957,0.508637386876452,0.6339969567017194,0.5541177088581242,0.7552318568358143,0.8430018857500801,0.5664253024570264,0.6284054307678538,0.4945496666929209,0.5322114153321533,0.4957486211050046,0.5364427181541971,0.591143653802028,0.7275461597614227,0.6704980534723126,0.5976344931726735,0.5731874700479614,0.767133181529763,0.546734815638962,0.5790798004404194,0.5977997074542856,0.5138863436375234,0.6971008425525398,0.7003364712898289,0.5662133873592166,0.7296686084583989,0.6609732945537529,0.6526576465606377,0.5763711005975237,0.5757814861228541,0.7454269052856509,0.5200839003802944,0.5462433513993882,0.7469235836568859,0.5714455177839979,0.5722600531437393,0.8710738229230139,0.7002339106904172,0.5347123181167581,0.47126609368938377,0.4755098639389408,0.6380879324809177,0.7543115234950317,0.55097214608405,0.5649502496048936,0.45874898057461155,0.50479891500297,0.5196885429672617,0.5116730794662463,1.1102230246251565e-15,0.69803193718431,0.47824412191248067,0.5032135974891523
A fragment of Konungs skuggsjá-NKS 235 g 4to,0.47294321306557596,0.4091976471158617,0.5053728031956153,0.6100319757354742,0.4599852206345709,0.5527025459405164,0.5075866147052466,0.5647980776373848,0.6542619801624872,0.47702253768217273,0.49693977193719674,0.6337332985405479,0.5709517474344512,0.6952872579986604,0.5648241076094149,0.5020996419573092,0.39966911165677843,0.6487300050786374,0.4917400153845679,0.682903550097337,0.8008927108859342,0.45866204053212534,0.5525381384557876,0.5340171693351398,0.5751531775654966,0.44276492352994945,0.45890490348786894,0.478139562735199,0.5444959225706014,0.6451611937361093,0.5650227453916256,0.5229073601713136,0.7218498508426425,0.4425172982187163,0.55323476769119,0.5432319624509445,0.45992548524967947,0.6090996385209793,0.7733546522352406,0.524431810254113,0.6690537904975076,0.6611847911994755,0.69533142241949,0.6337849577112159,0.5452397186427999,0.7019434397202656,0.45019156797752524,0.47099022076775876,0.7650771404888912,0.5511869840344489,0.5109250612930789,0.7831115603239087,0.6490926423590573,0.45118849919824466,0.4449957140616906,0.42262102007008484,0.6680333876796427,0.664326990638098,0.4696644838296581,0.44849981347269574,0.5267956138295562,0.4929704106406405,0.45867648119771043,0.42151288679629106,0.69803193718431,0.0,0.5015930791658877,0.5294171444540171
Víga-Glúms saga according to AM 132 fol (Möðruvallabók)-AM 132 fol (129rb.8–141va.32),0.22100548040552082,0.22494958745976623,0.29819954788365766,0.3795686747455459,0.3710722208677494,0.36094985809049596,0.39453033543890004,0.37845086906393455,0.4965907903814286,0.19786905369764396,0.30718156549103637,0.4595691024785876,0.36197078018883544,0.5710284943458113,0.4060017815497676,0.3266548024344137,0.24991936712816432,0.5170973179240044,0.301174726700428,0.5944156406836361,0.7582278281381685,0.29953388837750883,0.4506068235646946,0.2973960783647591,0.35284066343867815,0.25438559447799525,0.3017688450083398,0.35353579008041314,0.5015851287822659,0.539677899963724,0.3997076383395044,0.3717624325497082,0.6596183109964294,0.31068391286266717,0.44466470660772994,0.40191187354042557,0.20649745213149961,0.5417677857285903,0.6623139378633038,0.3068207479911499,0.5854976508428045,0.47239488997666945,0.5423474614424637,0.45678225819711904,0.33527021547156044,0.6428530621420077,0.24135724988937168,0.33784950581431383,0.6699756660660778,0.3910223119341262,0.37935967473881604,0.7660885943084744,0.5668881729667257,0.27980241850650234,0.2297564667467128,0.23728140015383115,0.543501866559326,0.6073491619704234,0.29519762464676247,0.361607578010962,0.307893343134353,0.3008430941765534,0.24505718213880123,0.23358431208221697,0.47824412191248067,0.5015930791658877,0.0,0.2960595758657111
Ölkofra þáttur according to AM 132 fol (Möðruvallabók)-AM 132 fol (147vb.5–149va.31),0.2911779840968235,0.30182658636174664,0.3314422212975544,0.42014474821694725,0.39082482553366205,0.3685320586340267,0.3883678792873114,0.3971907324655989,0.5498410825610416,0.24049995540562152,0.3936891217106807,0.5099164315837156,0.4070811777607909,0.6260800030570934,0.44885905545747995,0.39471596325992997,0.3083041096649233,0.5523475479433997,0.3839425272239815,0.6420198141060829,0.7491903142438547,0.3505942639222097,0.45468498825565484,0.3857459527159194,0.4037330549925102,0.3267096529161174,0.3230132720113291,0.38440093638981754,0.5316828745191859,0.5730118919647162,0.4627985874840206,0.38268128500913134,0.6894381480609149,0.33458486859515746,0.482773892701156,0.4499003547641178,0.2823235183333196,0.5796064837701913,0.648511682894263,0.3605201286896369,0.5875143588650533,0.512189294866649,0.5807320954145745,0.5088860103393016,0.39085825514544004,0.650623991413165,0.2906612561863262,0.35226812521179063,0.704654452851951,0.45278630510139073,0.44641401741594566,0.804523015332999,0.5778083633506103,0.34594560767888716,0.2848806973864293,0.2741835484424162,0.5290172353990809,0.6387302718404596,0.3667744722979833,0.3685577072282281,0.36246279831041184,0.37389462158866804,0.28777833729657387,0.3077664343255301,0.5032135974891523,0.5294171444540171,0.2960595758657111,0.0
