,Gunnlaugs saga Ormstungu-AM 557 4to,Breta sǫgur-AM 573 4to,Karls þáttr vesæla-AM 557 4to,Hróa þáttr heimska-AM 557 4to,Theta-fragment of Egils saga-AM 162 A θ fol.,Pamphilus saga-DG 4-7,Kormáks saga according to AM 132 fol (Möðruvallabók)-AM 132 fol (120vb.21–129rb.7),Bandamanna saga according to AM 132 fol (Möðruvallabók)-AM 132 fol (114ra.41–120vb.21),Þiðriks saga af Bern (medieval text)-Holm perg 4 fol,Old Norwegian Homily Book-AM 619 4to,The Kringla fragment of Óláfs saga helga-Lbs fragm. 82,Hallfreðr saga vandraskald-AM 557 4to,Sveinka þáttr Steinarssonar-AM 557 4to,Valdimars saga-AM 557 4to,A fragment of Óláfs saga helga hin elzta-NRA norr fragm 52,Barlaams ok Josaphats saga-Holm perg 6 fol,A fragment of Haralds saga harðráða in Heimskringla-NRA norr fragm 53,Strengleikar-DG 4–7,A fragment of Fagrskinna-NRA norr fragm 51,A fragment of Maríu saga-NRA norr fragm 78,Hrafns saga Sveinbjarnarsonar-AM 557 4to,A fragment of Brendanuss saga-NRA norr fragm 68,Rögnvalldr ok Rauð-AM 557 4to,Hallfrear saga according to AM 132 fol (Möðruvallabók)-AM 132 fol (149va.32–156rb.10),Codex Frisianus-AM 45 fol.,Bǿjarlǫg ok Farmannalǫg Magnúss Hákonarsonar | Magnus Lagabøtes bylov og farmannslov-Holm perg 34 4to,"Ór lǽknisbók The fragment is unnamed, but Konráð Gíslason named his edition of the text
                    Úr læknisbók, which is published in Fire og fyrretyve for en stor deel forhen
                    utrykte prøver af oldnordisk sprog og literatur (1860)-AM 655 XXX 4to",A fragment of Hákonar saga Hákonarsonar-NRA norr fragm 55 B,A fragment of Jóns saga helga-NRA norr fragm 57,A fragment of Páls saga postula-NRA norr fragm 80,Völuspá in Codex Regius-GKS 2365 4to,Landslǫg Magnúss Hákonarsonar | Magnus Lagabøtes landslov-Holm perg 34 4to,Eiríks saga víðförla-AM 557 4to,Thómass saga erkibiskups-Holm perg 17 4to,Legenden om Barlaam och Josaphat-Holm A 49,Codex Runicus-AM 28 8vo,Droplaugasona saga according to AM 132 fol (Möðruvallabók)-AM 132 fol (141va.3–147vb.4),A fragment of Thómass saga erkibyskups-NRA norr fragm 66,A fragment of Barlaams saga ok Jósafats-NRA norr fragm 64,A fragment of Agǫtu saga-NRA norr fragm 70,Zeta-fragment of Egils saga-AM 162 A ζ fol.,"Various texts, including Eufemiavisorna-Holm D 4","A fragment of Gregors saga páfa and 
                            Díalógar-NRA norr fragm 71",A fragment of Flóress saga ok Blankiflúr-NRA norr fragm 65,A fragment of Rimbegla-NRA norr fragm 59,A fragment of Stjórn-NRA norr fragm 60 C,A fragment of Karlamagnúss saga-NRA norr fragm 61,Finnboga saga according to AM 132 fol (Möðruvallabók)-AM 132 fol (100ra.1–114ra.41),Fstbrra saga according to AM 132 fol (Möðruvallabók)-AM 132 fol (198rb.8–201vb.41),A fragment of Stjórn-NRA norr fragm 60 B,A fragment of Karlamagnúss saga-NRA norr fragm 62,A fragment of Karlamagnúss saga-NRA norr fragm 63,A fragment of Stjórn-NRA norr fragm 60 A,Konungs skuggsjá-AM 243 bα fol,Trójumanna saga-AM 573 4to,Egils saga Skalla-Grímssonar in Wolfenbüttelbók-WolfAug 9 10 4to,Alexanders saga-AM 519 a 4to,A fragment of Konungs skuggsjá-NRA norr fragm 58 B,A fragment of Konungs skuggsjá-AM 1056 IX 4to,Reynistaðarbók-AM 764 4to,A fragment of Konungs skuggsjá-NRA norr fragm 58 C,Dámusta saga-AM 557 4to,Virgin Mary’s complaint-SKB A 120,Óláfs saga ins helga (legendary version)-DG 8 II,Eiríks saga rauða-AM 557 4to,Stúfs þáttr Kattarsonar-AM 557 4to,A fragment of Konungs skuggsjá-NKS 235 g 4to,Vga-Glms saga according to AM 132 fol (Möðruvallabók)-AM 132 fol (129rb.8–141va.32),Ölkofra þáttur according to AM 132 fol (Möðruvallabók)-AM 132 fol (147vb.5–149va.31)
Gunnlaugs saga Ormstungu-AM 557 4to,0.0,0.918635220176376,0.9759937080442561,1.084219758625087,1.006201557203431,1.0289159460855097,1.2058903645178132,1.0807596418212535,0.9648805388510187,0.9918810723701056,1.2097476674165473,0.9762795412252802,1.203068388401854,1.0915375686989905,1.016956505099771,0.9246404625086504,1.190514284997984,0.9593696244963444,1.2402708835064544,1.3194461815244574,1.0198271874979692,1.1506170656587447,0.980455698632349,1.1258711817211864,0.9398159804748611,1.0239155965053688,1.180012204058349,1.185680241024296,1.1177742975064169,1.0716743757230482,1.2803795773501352,0.9749358457386251,1.1182728860545914,1.049040895130628,1.356156092163776,1.371207208614813,1.1579992236186196,1.0000000000000124,1.2036047960819154,1.2756646681476518,0.9878838950186027,1.3716759335099484,1.2346020729897178,1.152317860458834,1.4136890337103307,1.201901329552184,1.1494898032554801,1.1121699289643714,1.1285924331410977,1.2850364959667713,1.0980227681982968,1.083688494560952,1.320840566026465,1.137451300320804,0.9841655899918653,0.9008470816392898,0.9452212721924039,1.2120905657048195,1.2400356883386476,0.9698929462158816,1.0415395412761927,1.0105308938814748,1.3765770777676967,0.9858395134876469,0.9079198141636192,1.1171757102420448,1.1407075531912916,1.069013391086206,1.1751639974769836
Breta sǫgur-AM 573 4to,0.918635220176376,0.0,0.8688568284932182,1.0299871012054036,0.9495901746530486,0.955689580827774,1.1664768895938966,1.0348542735569661,0.7785623479102589,0.8173073059804643,1.1528261401085218,0.9068283097946639,1.1370070095181573,0.9945809246364108,0.8944735613696889,0.6985966696841343,1.1379959194561453,0.7647804904957922,1.1940245975365404,1.2861239485643388,0.9330830308046102,1.0584830409886377,0.861896544311076,1.087079829306628,0.7436811274026844,0.8750982531877154,1.0919350524904896,1.1136988053681847,1.021217247992751,0.9629654644399802,1.2414442500244072,0.7964296796470747,1.0493900882072151,0.8765131209708944,1.3370959784561716,1.3576575375408848,1.1081075804407399,1.000000000000013,1.1344090708158334,1.249022570897506,0.8599814608539625,1.3579897080936445,1.1694363738500977,1.0781054756928818,1.413610112145403,1.127916373441468,1.0900419515617594,1.049060015899285,1.0716914990592707,1.2528634534513274,0.9912590489755678,0.9571838567411758,1.287401434634843,1.0363408393727824,0.7854445271578501,0.7141904235901454,0.7100489219459803,1.1536793502805314,1.1782389872321666,0.7727832683051258,0.8987321086430731,0.8929616511001216,1.3642512991413844,0.8116404257008286,0.7657403464460317,1.1070103388777124,1.0210046332990816,1.0029447239917884,1.1469599158564059
Karls þáttr vesæla-AM 557 4to,0.9759937080442561,0.8688568284932182,0.0,1.0431608060517799,0.9931830287124704,0.978349528766239,1.210532950158342,1.0695775000088161,0.915780230200442,0.9211987441311462,1.1869194215334617,0.9553859765840286,1.1635543022635233,1.039524214137072,0.9609491995613219,0.8743120052273143,1.1529230276132458,0.9470540384444812,1.2422372385920084,1.3015993099114667,1.01630906068362,1.1117964971947856,0.9449084997475106,1.1227452806658018,0.8972493858877297,0.9699622670183208,1.1583522739554204,1.1514094969361859,1.0991220468233451,1.0174433770600904,1.2729812709016708,0.9028314852205388,1.0838257201345092,1.0000462320764865,1.358243557648742,1.3726961859239375,1.1646533519177762,1.0000000000000082,1.1828543703616978,1.2583056261970926,0.9535410860894306,1.3719358388601444,1.2102806912717103,1.1491950615615762,1.4132982608788383,1.1674689716840974,1.1304853321435948,1.119291059080575,1.1289849123830473,1.278473189701276,1.076257570650535,1.0537507382720435,1.3198041373499798,1.0963129494147807,0.9514100301871363,0.8437865941342121,0.8661773032585746,1.1814093249492414,1.225991100754186,0.9424134899356041,0.9665636739026477,0.9596263670394178,1.378210906369994,0.9247326919308142,0.8737977084619097,1.0591423192621416,1.1059690365778463,1.067629529218781,1.1690806960749258
Hróa þáttr heimska-AM 557 4to,1.084219758625087,1.0299871012054036,1.0431608060517799,0.0,1.1048422270689573,1.0755484168185052,1.2457616279604626,1.1315200447163727,1.0596354296437758,1.0696776631146947,1.252256352066644,1.0768369034345822,1.2465484889717788,1.146293107334352,1.1097086990141476,1.0339216295357259,1.2386529013755532,1.051575363684812,1.2879239993688856,1.3349204576244111,1.1368085543400834,1.2054726588282856,1.064258571334311,1.1741939297496387,1.0564147808258493,1.0978442487055686,1.2466629893942673,1.2372476000452697,1.182281335702458,1.126741982705022,1.302651766942309,1.0526898054982772,1.1805240472330065,1.1135262327647217,1.375511815383859,1.3851930170392657,1.1973460769355984,1.0000000000000013,1.247610883573409,1.2885211981476066,1.0824721676915896,1.3845652846618326,1.262095521681754,1.199204831466996,1.4137097096016178,1.2290790022976765,1.2028996795275977,1.1684801107970693,1.1837891125314208,1.3074374062028922,1.1566342927779814,1.1591592366240873,1.3470467383339908,1.1860054063781835,1.0809143184267989,1.0226169384451391,1.033333234195123,1.2350263060301634,1.2780537353560335,1.0682936173593955,1.1117374140130154,1.0728830456841707,1.3894060465085816,1.0758497528102005,1.042331388696307,1.1479875123863996,1.1985691575041297,1.1252772526341386,1.2076671158723422
Theta-fragment of Egils saga-AM 162 A θ fol.,1.006201557203431,0.9495901746530486,0.9931830287124704,1.1048422270689573,0.0,1.03239488769074,1.241430883467147,1.1032293283887296,1.0072460722957846,0.9869061365374149,1.2190528966813035,1.0243406775928152,1.2187227663886462,1.10573086003634,1.0464250070659988,0.9483123854967911,1.2010186839105397,1.0031599526553703,1.2631846993820428,1.3156970041650453,1.072276602771606,1.146450863790039,1.0317049892167407,1.1791929168890278,0.9630743354000535,1.0303325660933493,1.1903352226546844,1.1955652297023354,1.1424224480652392,1.0566820541731143,1.284649776375243,0.9684265667212537,1.1368588766858274,1.0542836457585867,1.3696222349823746,1.3802552445980558,1.2035356312275876,1.000000000000009,1.2158341033438431,1.2712492320353626,0.8994256038708239,1.380249475389891,1.2225784002616986,1.1685011072001676,1.4138341064894957,1.2066619575650703,1.1751588658780132,1.1687573876978647,1.1764006158404947,1.29972202927316,1.1274013207550675,1.1069042402021592,1.3325851159133497,1.1260221587077583,1.0120628543495847,0.8221960952501596,0.9287401875439204,1.1958729634289935,1.251863323913498,1.0033165052518995,1.0138083866746797,1.0385688041346288,1.3853035206985058,1.0103041085536322,0.9405776167436013,1.147030790886601,1.144779368514573,1.1255187744519957,1.204866314943265
Pamphilus saga-DG 4-7,1.0289159460855097,0.955689580827774,0.978349528766239,1.0755484168185052,1.03239488769074,0.0,1.2319913706270487,1.0925489905454426,0.982409433915785,0.9477072464652397,1.2427041751481958,1.0342358955836675,1.2337816907002452,1.0804176108065435,1.0839202703138686,0.9055741178254909,1.23026233704922,0.965091587303644,1.2814892488490006,1.3274164987347814,1.1039853207579369,1.1668753849981621,1.0455604479721323,1.1575068104294501,1.0413421415713997,1.0762187357017323,1.1937211734733228,1.2268937008102685,1.1407171751893102,1.0710111817502348,1.2733475956204934,1.0268381341641526,1.1401034910627097,1.0832989252316774,1.3604532642593568,1.3748302413372253,1.1941620856850161,0.9999999999999772,1.1819078462209565,1.2296104346023156,1.062313640446435,1.374974918641181,1.2276993812929844,1.1479465147676695,1.4139779757800575,1.214721512298128,1.157782096738762,1.1533723429102964,1.160203930866673,1.2919835762986278,1.1187959455079912,1.105249383965025,1.3248957086957451,1.1278072137645023,0.9981948123039204,0.9693061344311861,0.9504363517850521,1.1601121339120974,1.2490921846514,1.0174989619656962,1.0351534867793601,1.0407101932834721,1.3791942559323356,1.0365422275672234,0.9727369731897507,1.1134904259035132,1.1365460432759296,1.1002817719474716,1.1895806806044604
Kormáks saga according to AM 132 fol (Möðruvallabók)-AM 132 fol (120vb.21–129rb.7),1.2058903645178132,1.1664768895938966,1.210532950158342,1.2457616279604626,1.241430883467147,1.2319913706270484,0.0,1.0315021927833135,1.1839335761052698,1.2177460561332816,1.3015764149988334,1.2171835114426635,1.2964425328161195,1.2547462685404784,1.226922142653433,1.179301495884745,1.3041995508375035,1.1713641291257837,1.323450658097346,1.3704743877853485,1.2320665803706274,1.3004677738651873,1.1957314772682874,1.076679307950669,1.173567459097232,1.2248239717318201,1.3095080223544828,1.298252834381091,1.2569093527769608,1.2566171249459048,1.3400030849925928,1.2096787592101885,1.2728174916462207,1.23535754522736,1.3679965526577826,1.3806060872591661,1.1021206194107378,0.9999999999999313,1.3044736611511654,1.3503007872739208,1.208890052149106,1.3790588622530249,1.335221889658369,1.2848223028928643,1.4134777940323304,1.3002471789869001,1.2782855959477333,1.038380342394461,1.0810657355276418,1.3428847364581722,1.2487940778538233,1.2364674229132926,1.358862387302718,1.2862932330396222,1.2011966560897478,1.1743444591453378,1.1929314853482178,1.3244132096281462,1.3207535181957553,1.1828027511955779,1.2584138149398938,1.2099708633197803,1.3830932159934617,1.1992648736716345,1.1769420150446048,1.280163801823098,1.2789252060395324,1.0091598694397503,1.1360075504522793
Bandamanna saga according to AM 132 fol (Möðruvallabók)-AM 132 fol (114ra.41–120vb.21),1.0807596418212535,1.0348542735569661,1.0695775000088161,1.1315200447163727,1.1032293283887296,1.0925489905454426,1.0315021927833135,0.0,1.0634437389736968,1.0932826587009319,1.2393980600416432,1.0915779800626366,1.2381042156886697,1.1699621348390896,1.1266450070726908,1.0501026982214754,1.2442713582312184,1.0614372875339793,1.2856196795139465,1.341748112078653,1.1355665715629961,1.2467293175584302,1.0718769531699988,0.9180603091158902,1.0502289166605878,1.1293031458151872,1.26858761877848,1.2371964017322075,1.1706742429154027,1.1365021846692773,1.3062760221372602,1.0969345342895431,1.1956232036403367,1.1350340645560355,1.353433569897108,1.3690196552939902,0.9676553577717131,1.000000000000013,1.2492118268051775,1.3062591139371638,1.0709040996164112,1.367805319572183,1.2847561918657744,1.223790125551951,1.4133758319984404,1.2349333420068156,1.2056450770584746,0.8226130675398214,0.8770540689158471,1.3096144894858692,1.156538059896754,1.1513010625755236,1.333042570498743,1.2052166696612907,1.0920529834035877,1.0178261221573488,1.0523412225480115,1.2622858442675509,1.2724032022801126,1.063353084059005,1.1538446324959435,1.0788492771925742,1.3733172075963713,1.0849062600524564,1.050348784774892,1.1782115901392785,1.210367457400104,0.7270186101221345,0.920807207120022
Þiðriks saga af Bern (medieval text)-Holm perg 4 fol,0.9648805388510187,0.7785623479102589,0.915780230200442,1.0596354296437758,1.0072460722957846,0.982409433915785,1.1839335761052698,1.0634437389736968,0.0,0.9202860961033713,1.1668612176372992,0.9641637867105977,1.1530299676406195,1.0224436598002875,0.930180980636118,0.6829780728386048,1.1597674001569602,0.6440857867017776,1.2119045996809032,1.3083247302793721,1.008680733202946,1.1055466387064057,0.9165194601191323,1.1008560612200693,0.8325158854369367,0.9413333764744535,1.13212425581448,1.1399880472952886,1.0565574900783135,1.0298273806608749,1.2286634156085516,0.8761365002683448,1.0910392253744932,0.7841744907260123,1.333118710706001,1.358282272839498,1.1319671803076319,1.0000000000001539,1.1573282139282703,1.2617254490126202,0.9402742871447634,1.351017188672815,1.2107404272651923,1.1053722818242846,1.4137031841095906,1.152723460808695,1.1022517865114552,1.075612459325311,1.0977353198039392,1.2623562065259208,1.0282885287294476,0.9931906687809827,1.2996168023608194,1.0070363448148516,0.8698717107543564,0.7954735290727772,0.8056490230242468,1.1812871618745167,1.2031829343798541,0.8776119240172175,0.9857139489083364,0.9493245237821236,1.3644717057282814,0.6688588478532765,0.8645006701649466,1.1085487052473615,1.0820766272435431,1.033324936138523,1.1695709603600792
Old Norwegian Homily Book-AM 619 4to,0.9918810723701056,0.8173073059804643,0.9211987441311462,1.0696776631146947,0.9869061365374149,0.9477072464652397,1.2177460561332816,1.0932826587009319,0.9202860961033713,0.0,1.209764154957439,0.9659954204556264,1.1842649028853331,1.0626989711120296,0.982804881543521,0.7421641984486786,1.1779560373191633,0.8963158800491209,1.2253498340705078,1.2534026680275228,0.9740915962664567,1.0577330882054123,0.9678113160830232,1.1556239514547795,0.8807765287018275,0.903665010205751,1.1032785636461306,1.1472989760010206,1.0753295257225772,0.9115587851281496,1.2556990878151464,0.8140825970878833,1.0489857862000604,0.9230217639319649,1.3570590698845602,1.3716582914635818,1.1724584795176487,0.999999999999966,1.1382422131658987,1.2373422082414862,0.9383023916147458,1.3721318475835622,1.144279296139671,1.1284383992247016,1.4138840182708912,1.1726332837631723,1.1440085109804585,1.129528799036053,1.132993822675541,1.2788572745232352,1.0552029749026048,1.0280564888722845,1.2880769986098872,1.0362643119473898,0.9146578228415583,0.8394159481175221,0.7723107407358496,1.115373272983522,1.1870848264703535,0.8414956780418282,0.8925165169396567,0.9633557000994332,1.377706004130038,0.9021760716614657,0.8535157659943885,1.1204930587576718,1.039757013022379,1.080717842010813,1.1774869433848618
The Kringla fragment of Óláfs saga helga-Lbs fragm. 82,1.2097476674165473,1.1528261401085218,1.1869194215334617,1.252256352066644,1.2190528966813035,1.2427041751481958,1.3015764149988334,1.2393980600416432,1.1668612176372992,1.209764154957439,0.0,1.2121507485863592,1.2896045046565883,1.2530078871710266,1.1864792142933802,1.1678705012140262,1.2694747493696983,1.1887433551545818,1.313261704906745,1.3629068281008574,1.2314754639980023,1.2835376066838384,1.1975397906599035,1.2563057028472466,1.1401681514066768,1.2066884691167148,1.302861335789293,1.2708879323202167,1.2510282481324193,1.2447453901125711,1.3436211546357588,1.1808450932276775,1.270612289265953,1.2165260631315618,1.3820942516503276,1.3897231805439147,1.2571204437126156,0.9999999999999979,1.3031031745731507,1.3462062267556838,1.2001744483932102,1.3896871397116037,1.3203929042777347,1.2755298435395899,1.41360898972969,1.2890999476036755,1.2555148500766322,1.2496765063520974,1.2594788450239918,1.3417267582608208,1.2414613190750254,1.229859548057767,1.363069845634352,1.2709318502082332,1.1959645715225136,1.1206051655098874,1.1536550170234536,1.3140530902504257,1.3239928358470243,1.186461935471147,1.2312677219724726,1.1961377459004021,1.3935255272403044,1.1341700521777307,1.1876046969979916,1.258998362306991,1.2724691175795673,1.2325309379756693,1.2858780057396653
Hallfreðr saga vandraskald-AM 557 4to,0.9762795412252802,0.9068283097946639,0.9553859765840286,1.0768369034345822,1.0243406775928152,1.0342358955836675,1.2171835114426635,1.0915779800626366,0.9641637867105977,0.9659954204556264,1.2121507485863592,0.0,1.1986717190058038,1.091272742357037,1.0014154587817459,0.9199008074502532,1.1824316456253146,0.9574757882966519,1.244122914456039,1.3139304603365056,1.0375373331717377,1.1374177460358081,0.970321143839313,1.1245492219839852,0.9242383496345011,1.0016188991980628,1.1717461249707317,1.1762093951590165,1.1172437697695774,1.045153768158197,1.278459299495986,0.9459293526284411,1.1193334901639205,1.0190098076450613,1.3623659794766978,1.3750835096910856,1.171971842916746,0.9999999999999845,1.2087822600948022,1.2736552820692688,0.9705813471019231,1.3752352836517447,1.2196026223673635,1.1468824034508116,1.4136396401425797,1.187854991863673,1.1539225835167717,1.1226270653484771,1.1399761284200125,1.2894539457090708,1.0994968897219606,1.0869991900806983,1.327719510083942,1.118619104279735,0.9786866291663187,0.8857157925126757,0.9068060965187371,1.1964643731278546,1.237840869291574,0.9623818781343237,1.0147902092341987,0.9995900329285318,1.3808169579101448,0.9701237531741218,0.9169102520479057,1.1142573925226944,1.1309283353853348,1.0752913524457952,1.1793704259054882
Sveinka þáttr Steinarssonar-AM 557 4to,1.203068388401854,1.1370070095181573,1.1635543022635233,1.2465484889717788,1.2187227663886462,1.2337816907002452,1.2964425328161195,1.2381042156886697,1.1530299676406195,1.1842649028853331,1.2896045046565883,1.1986717190058038,0.0,1.2471306977933196,1.1914025704390447,1.1463120718977655,1.268086482477246,1.1721536266077768,1.3089325106587535,1.3615997010164909,1.213769712782915,1.2812140515279526,1.1727486695858242,1.2556839427620745,1.1441115229451417,1.198702873084693,1.2878553760022886,1.2599580772052008,1.2413926810670515,1.2358390025264399,1.3449251374216586,1.167213802199894,1.2558426328344623,1.1987898097561485,1.3738748257222055,1.3839452911636396,1.272355034571975,1.0000000000000018,1.2874473635549046,1.3439174909324132,1.1977031095959751,1.3848362368722171,1.3214790100343052,1.2731389231133357,1.414138266176595,1.278378992142733,1.2685242396126903,1.2442765153797108,1.253821250551405,1.3388662139698562,1.2421513936473214,1.2238079386421339,1.355544081227817,1.2635354660329934,1.1869712523907203,1.1424571109203814,1.1515448285200585,1.3144744863504105,1.3058653118024022,1.167089674509471,1.2198610143434865,1.1919219675776114,1.388044320921807,1.1639016871617311,1.1646101930617614,1.2605798602323195,1.2628552458192142,1.2284561935942337,1.2887774020671836
Valdimars saga-AM 557 4to,1.0915375686989905,0.9945809246364108,1.039524214137072,1.146293107334352,1.10573086003634,1.0804176108065435,1.2547462685404784,1.1699621348390896,1.0224436598002875,1.0626989711120296,1.2530078871710266,1.091272742357037,1.2471306977933196,0.0,1.0881871850032763,1.0050583339545986,1.2319918928651987,1.0243709362720959,1.2831477393009243,1.335007974379697,1.1208210821875257,1.1818363472008917,1.0801785331602294,1.2060005849026811,1.033955933379914,1.091514407203165,1.2092624876562839,1.2232712748556167,1.1769103787324484,1.1282216972788515,1.2872535049761742,1.0443061051339655,1.172154050372354,1.1040803409054625,1.3664693408539261,1.3793819151853848,1.2206596933578726,1.0000000000000047,1.2311699556599724,1.292879664721793,1.076968695969621,1.3781853889805946,1.2641390430613024,1.2204159977970115,1.413422631735289,1.2221865907888796,1.2042132246456265,1.1932300512229879,1.1991921181613978,1.3030930497911093,1.151076323870646,1.1297554721815564,1.335298077613665,1.1745479949841529,1.0447184098818731,1.0045652758719081,1.0098131725881414,1.2367356910900535,1.2687350977040373,1.0377839597330556,1.0783671877084748,1.0809341141992905,1.383819764817876,1.0577151159871458,1.006842223274948,1.1829694803792452,1.1744222700403353,1.1650127603510967,1.241406511763873
A fragment of Óláfs saga helga hin elzta-NRA norr fragm 52,1.016956505099771,0.8944735613696889,0.9609491995613219,1.1097086990141476,1.0464250070659988,1.0839202703138686,1.226922142653433,1.1266450070726908,0.930180980636118,0.982804881543521,1.1864792142933802,1.0014154587817459,1.1914025704390447,1.0881871850032763,0.0,0.9024410670993818,1.162338461391281,0.9613464339538089,1.215243667269555,1.311672814095936,1.0354443316638093,1.10869670694815,0.9608866139589988,1.1580058983511052,0.8900335044251168,0.9935979915285611,1.1566314117050416,1.1520362988207682,1.107055456265158,1.060571018458723,1.283570387893241,0.9377127499190075,1.1166351484356172,1.0088663046664583,1.3589039003575458,1.3738535425724128,1.183371443533723,1.0000000000000016,1.1840365149897574,1.270962103743045,0.9750194115996719,1.3738552728942606,1.2036659564850891,1.1434987006702175,1.4133926531453065,1.1770715321679217,1.1222378460847207,1.1421970468987965,1.1563282144623674,1.2595815123330592,1.0519591087083178,1.0225932925420684,1.3192477166157257,1.1259847919750825,0.9651009674897028,0.867058064898866,0.8990939439815352,1.202503879235418,1.2322823294840406,0.9574774032940468,0.9977307918604548,1.0063312530791269,1.37829034106814,0.9245428367951687,0.9254368250951092,1.1500068120491114,1.1249978752728,1.1072230476191665,1.2118717415452016
Barlaams ok Josaphats saga-Holm perg 6 fol,0.9246404625086504,0.6985966696841343,0.8743120052273143,1.0339216295357259,0.9483123854967911,0.9055741178254909,1.179301495884745,1.0501026982214754,0.6829780728386048,0.7421641984486786,1.1678705012140262,0.9199008074502532,1.1463120718977655,1.0050583339545986,0.9024410670993818,0.0,1.1478151355318433,0.6458639182050043,1.1925026744274627,1.2759635683271668,0.9379070785377014,1.0392254143204624,0.8820201662966226,1.0996577920706823,0.7854296070420164,0.8719559705931316,1.0765598044279046,1.1267340186810402,1.0087440251435307,0.9309955246177976,1.2245558701884474,0.7885361855051977,1.0364970658436738,0.7404238127174232,1.3288812245962625,1.3532795538378564,1.1240604465146937,1.0000000000000961,1.0926745030962717,1.226050071103829,0.8889578719945643,1.3511533847673145,1.154403699987286,1.0679309432977666,1.414015274549171,1.135455852256098,1.084867924318232,1.065031539342281,1.0883562679739462,1.2514908864402694,0.9877866302400472,0.9459365811910945,1.274757690087029,0.9553113610673112,0.8055167573526513,0.7282251769045847,0.718119679932112,1.1194838983223405,1.1675353121079826,0.7783394228358161,0.8823370894481055,0.9202405047989893,1.3602812043286396,0.7052222942940294,0.7816970655421153,1.1143552702019166,1.0075927258435473,1.0224681698193177,1.1550063639603372
A fragment of Haralds saga harðráða in Heimskringla-NRA norr fragm 53,1.190514284997984,1.1379959194561453,1.1529230276132458,1.2386529013755532,1.2010186839105397,1.2302623370492198,1.3041995508375035,1.2442713582312184,1.1597674001569602,1.1779560373191633,1.2694747493696983,1.1824316456253146,1.268086482477246,1.2319918928651987,1.162338461391281,1.1478151355318433,0.0,1.1698254369566925,1.2969824877601235,1.3535861844994528,1.200418487387255,1.2501834464384474,1.170044447746695,1.2606176586358493,1.0531177489621597,1.1828142510642212,1.271007148978287,1.2421991565673927,1.2425191797565769,1.208034908889295,1.3362681771198193,1.1461078429325122,1.2443743190428291,1.1896693870242196,1.3862096347293247,1.3935473123682287,1.280008646382107,1.0,1.2923855466619054,1.3357949343017996,1.1704593359865068,1.3931332683783524,1.2982814146466461,1.2753943767674236,1.4138068885350634,1.2799599241429676,1.2544248623243521,1.2538649525982202,1.260093778667308,1.332631178672605,1.2298951132624039,1.2129587755952065,1.3624020941114845,1.2474282820464253,1.1784506774859949,1.1037539636518363,1.135515569921853,1.3016785834944735,1.3098627450044917,1.1638361646955675,1.1855411433422356,1.1763846553872475,1.3960565519083645,1.1457121957584337,1.1397117324615278,1.2462875744526396,1.250083366417445,1.2330844129226062,1.2893883200188245
Strengleikar-DG 4–7,0.9593696244963444,0.7647804904957922,0.9470540384444812,1.051575363684812,1.0031599526553703,0.965091587303644,1.1713641291257837,1.0614372875339793,0.6440857867017776,0.8963158800491209,1.1887433551545818,0.9574757882966519,1.1721536266077768,1.0243709362720959,0.9613464339538089,0.6458639182050043,1.1698254369566925,0.0,1.2057674472890885,1.303965055935258,0.9954094890014127,1.088602971253524,0.9058073172141583,1.0990682023041012,0.8239417751688732,0.9452403978486446,1.1305442033596544,1.162913923225057,1.0506117649245417,1.0159160235839177,1.211098728385819,0.8761122693629394,1.0979264091044454,0.7524708239351319,1.3367701305568946,1.3590447531167866,1.1180223912869507,1.0000000000001765,1.1567271807234443,1.2415836977474988,0.9128354967396255,1.3557093043028474,1.1930219386393996,1.0880252642512716,1.4138274918601963,1.1538872244148954,1.1149989531368587,1.0575874065189408,1.0852599911236032,1.2651220826064191,1.019043058137051,0.9940713955157772,1.300743964776638,0.9931904933167655,0.8715059820709887,0.8086867669543255,0.8068113979021242,1.1668199277130775,1.2016154127619156,0.8296365044268543,0.970582363497449,0.9329418136755917,1.3654360826085286,0.6902966737516629,0.8106551910980502,1.1413176785569814,1.0730670084350706,1.0219381785971424,1.1653333501323466
A fragment of Fagrskinna-NRA norr fragm 51,1.2402708835064544,1.1940245975365404,1.2422372385920084,1.2879239993688856,1.2631846993820428,1.2814892488490006,1.323450658097346,1.2856196795139465,1.2119045996809032,1.2253498340705078,1.313261704906745,1.244122914456039,1.3089325106587535,1.2831477393009243,1.215243667269555,1.1925026744274627,1.2969824877601235,1.2057674472890885,0.0,1.3644364815644578,1.241022440146769,1.2877912426515996,1.2307276441417,1.293278729732104,1.1886736235619737,1.2324915543462656,1.2937466229465713,1.2965104188150411,1.2700708350750318,1.2588550457446746,1.3515026286929923,1.21032836654444,1.283706143030849,1.234863877320106,1.3842706014650934,1.39175214893901,1.3002430944787264,0.9999999999999993,1.3092347589790359,1.3596215859776157,1.2272453734647852,1.3931668605444782,1.3136869551622814,1.3016987904397874,1.4141150757298055,1.3096877511772005,1.2857343113291348,1.2817343904106484,1.2894987384419425,1.3470128499925107,1.2409233529846324,1.2390199990835453,1.3678312031293218,1.2843355971338533,1.2218888792436082,1.1895756786170728,1.202940587348004,1.3176626795042339,1.3281550708489627,1.2100535131681234,1.2360352822575484,1.2423280986185483,1.3946744094683203,1.2150403635845497,1.2050896259085107,1.314646128102777,1.278749823728348,1.2712759786998746,1.3186120057121862
A fragment of Maríu saga-NRA norr fragm 78,1.3194461815244574,1.2861239485643388,1.3015993099114667,1.3349204576244111,1.3156970041650453,1.3274164987347814,1.3704743877853485,1.341748112078653,1.3083247302793721,1.2534026680275228,1.3629068281008574,1.3139304603365056,1.3615997010164909,1.335007974379697,1.311672814095936,1.2759635683271668,1.3535861844994528,1.303965055935258,1.3644364815644578,0.0,1.3092196146038695,1.3210527790904871,1.316855647930168,1.3566663826052083,1.2921992565954887,1.2984063746469512,1.3400842193877942,1.3442730559977636,1.331390755051409,1.28823582410422,1.3753899549285695,1.2803889441707554,1.32496448199962,1.302273850386444,1.3983470555927295,1.4017543427147792,1.3606332519784121,1.0000000000000016,1.3539474640859224,1.3692644537304495,1.2994172385172378,1.402324228029914,1.342320759175311,1.3582828770911606,1.414213562373096,1.3590743852514984,1.3514765352254017,1.3517551384307858,1.3511684537388438,1.3836744845703646,1.3300361774846752,1.3240765650434194,1.3811935470422592,1.3225663498729716,1.3070696584978707,1.283941785458199,1.2746760006418187,1.347604387505892,1.358535701688722,1.2869032418332107,1.2889814142371667,1.312124672760388,1.4048076604480177,1.2954709542647411,1.289633913836739,1.349099467654057,1.3233047077402078,1.3420417404154634,1.3597381888798594
Hrafns saga Sveinbjarnarsonar-AM 557 4to,1.0198271874979692,0.9330830308046102,1.01630906068362,1.1368085543400834,1.072276602771606,1.1039853207579369,1.2320665803706274,1.1355665715629961,1.008680733202946,0.9740915962664567,1.2314754639980023,1.0375373331717377,1.213769712782915,1.1208210821875257,1.0354443316638093,0.9379070785377014,1.200418487387255,0.9954094890014127,1.241022440146769,1.3092196146038695,0.0,1.1268617791289415,1.0260770216896633,1.178864281773873,0.9426039981126195,0.9980752723524913,1.1531244487923589,1.1787018512004486,1.1109025638147574,1.0538350757055748,1.277964474434802,0.9418798965211481,1.1343365004243426,1.0481438169534818,1.361034297674799,1.375057524826694,1.1851005791789997,0.9999999999999863,1.2131839367340267,1.2935895785863873,0.9893631909432056,1.3749319840949015,1.2141643480875557,1.1920300926491085,1.4132291250026392,1.2164989228781689,1.1906788485504518,1.1540979869683747,1.160732800034881,1.301959652473816,1.119077678068498,1.0951529898373265,1.3243100241073187,1.1339755239673905,0.9975047084758638,0.9133210009737367,0.9442961300674361,1.228260454572768,1.2338922295697365,0.9757069595996973,1.0110766379370095,1.0432462743197768,1.380232861077695,0.9940116560008897,0.9179718702199987,1.1934143644206805,1.121587165445086,1.120252342521171,1.2140628516643968
A fragment of Brendanuss saga-NRA norr fragm 68,1.1506170656587447,1.0584830409886377,1.1117964971947856,1.2054726588282856,1.146450863790039,1.1668753849981621,1.3004677738651873,1.2467293175584302,1.1055466387064057,1.0577330882054123,1.2835376066838384,1.1374177460358081,1.2812140515279526,1.1818363472008917,1.10869670694815,1.0392254143204624,1.2501834464384474,1.088602971253524,1.2877912426515996,1.3210527790904871,1.1268617791289415,0.0,1.134210361293749,1.2690163808976842,1.0786527647755813,1.084644797610981,1.1886654036470496,1.2416433279876171,1.2024048790428952,1.1246239633840343,1.3007605700968976,1.0483566090904255,1.1911257248525546,1.1243086861731,1.376299964665948,1.3875873211164702,1.2751563495150775,0.9999999999999964,1.2271249901179069,1.2850634599745219,1.0947752063469143,1.3848052972288774,1.2372618491141396,1.2182583045236217,1.4136964045983265,1.2514756485324703,1.2149836695668133,1.2568679910286416,1.2636198964731735,1.3008395170574156,1.1523636330916371,1.1224110072288318,1.3449071936200858,1.1800602479061444,1.0970484047709352,1.0317613013862315,1.0514573743659263,1.2307933375627227,1.2812568043938721,1.0922874461302188,1.0644191196021298,1.1502688027516594,1.3905834132181771,1.0923597537409118,1.0511005661094583,1.2418447914391735,1.178790231050348,1.2352145219623614,1.2896323165440322
Rögnvalldr ok Rauð-AM 557 4to,0.980455698632349,0.861896544311076,0.9449084997475106,1.064258571334311,1.0317049892167407,1.0455604479721323,1.1957314772682874,1.0718769531699988,0.9165194601191323,0.9678113160830232,1.1975397906599035,0.970321143839313,1.1727486695858242,1.0801785331602294,0.9608866139589988,0.8820201662966226,1.170044447746695,0.9058073172141583,1.2307276441417,1.316855647930168,1.0260770216896633,1.134210361293749,0.0,1.1120011952538866,0.8752051329076661,0.9932571033104283,1.1635367865855388,1.1651386811663096,1.0904661447198356,1.0568722091562084,1.2760214014605546,0.9400772486910925,1.106484674125251,0.9910427257684302,1.355096907927433,1.3706868621691302,1.1449376074402595,1.0000000000000022,1.19730610278806,1.2784875005748264,0.9327869232563062,1.3706883393666776,1.2184468144476595,1.1223901278588018,1.413579823249488,1.1750722601596075,1.1324730955544209,1.0898503000466062,1.1165852877435918,1.2742182488127096,1.0700335726965506,1.051979737264748,1.3180298601079499,1.1214674934014575,0.9459003523650297,0.8282431707370455,0.8885205052809745,1.20504439865037,1.2337527243038673,0.9248137375040539,1.0268166115358484,0.975875091842938,1.376083668858713,0.9261229971690382,0.8852472504075924,1.1139596463255872,1.1287958759340542,1.0457319188251641,1.1726490277039947
Hallfrear saga according to AM 132 fol (Möðruvallabók)-AM 132 fol (149va.32–156rb.10),1.1258711817211864,1.087079829306628,1.1227452806658018,1.1741939297496387,1.1791929168890278,1.1575068104294501,1.076679307950669,0.9180603091158902,1.1008560612200693,1.1556239514547795,1.2563057028472466,1.1245492219839852,1.2556839427620745,1.2060005849026811,1.1580058983511052,1.0996577920706823,1.2606176586358493,1.0990682023041012,1.293278729732104,1.3566663826052083,1.178864281773873,1.2690163808976842,1.1120011952538866,0.0,1.089790291207908,1.166386476580367,1.2862027354817867,1.2577359086858086,1.2042927892720017,1.194299817316773,1.3223827747105659,1.1424329614174258,1.2249294714902519,1.167196397670693,1.3609187250381103,1.3751802809744715,1.0404000344276572,1.0000000000000062,1.2762181755545003,1.3230963494144723,1.1399821384799633,1.3735040255920437,1.3068342472641339,1.236738369233452,1.4136332493445751,1.2568474673586152,1.2223428911680334,0.9419485134253092,1.000444622576522,1.3216481174363939,1.1909689523198879,1.180484273078662,1.3464867402905603,1.2409980366412303,1.1339158837945649,1.0871714317576375,1.1111375943604764,1.2838827019173238,1.2937908469122137,1.1106165854079453,1.2089385957676764,1.1285597993256864,1.378256688852765,1.1213718073027887,1.1090504877996066,1.2069143326085023,1.2457998902421341,0.8956336977937019,1.0535458207971384
Codex Frisianus-AM 45 fol.,0.9398159804748611,0.7436811274026844,0.8972493858877297,1.0564147808258493,0.9630743354000535,1.0413421415713997,1.173567459097232,1.0502289166605878,0.8325158854369367,0.8807765287018275,1.1401681514066768,0.9242383496345011,1.1441115229451417,1.033955933379914,0.8900335044251168,0.7854296070420164,1.0531177489621597,0.8239417751688732,1.1886736235619737,1.2921992565954887,0.9426039981126195,1.0786527647755813,0.8752051329076661,1.089790291207908,0.0,0.8863382853210313,1.1089900837343294,1.0970265751606862,1.0383454254008726,0.9803789037360361,1.2401147533313026,0.8018660182297509,1.0572755036748547,0.9046201609109176,1.348935169186026,1.3662656900423544,1.1091987849423037,0.9999999999999791,1.1728084929548104,1.2666281059786701,0.8525406203460757,1.365854870850497,1.174850470492904,1.1095589830603385,1.4134693969768461,1.142386689821734,1.105666013673795,1.0614951244692807,1.0801970145621436,1.2615636938171595,1.0216440356313372,0.9892411995889819,1.3015924732652149,1.0603497318599762,0.8636264491355905,0.7082664953177967,0.7627888735220177,1.185549965585384,1.1892949618477975,0.8040479349980766,0.9300514719962975,0.9006798273363237,1.372021351318943,0.8214518467565294,0.7985047101276537,1.1109134706674264,1.0549017331229542,1.0171255972623603,1.1534084378214706
Bǿjarlǫg ok Farmannalǫg Magnúss Hákonarsonar | Magnus Lagabøtes bylov og farmannslov-Holm perg 34 4to,1.0239155965053688,0.8750982531877154,0.9699622670183208,1.0978442487055686,1.0303325660933493,1.0762187357017323,1.2248239717318201,1.1293031458151872,0.9413333764744535,0.903665010205751,1.2066884691167148,1.0016188991980628,1.198702873084693,1.091514407203165,0.9935979915285611,0.8719559705931316,1.1828142510642212,0.9452403978486446,1.2324915543462656,1.2984063746469512,0.9980752723524913,1.084644797610981,0.9932571033104283,1.166386476580367,0.8863382853210313,0.0,1.1151451691805085,1.1537706452416245,1.1033742543908636,1.0058151998426,1.2662438210014226,0.5401791405890272,1.11703184805628,0.9735546502411894,1.3607484247706494,1.3756341400512053,1.1820004012758507,1.0000000000000253,1.1840852514402134,1.283167389113479,0.9473054549533826,1.373159510617516,1.1975786086213542,1.1370919112338893,1.4137977486162652,1.1949157521574465,1.1569120927930256,1.147164089700349,1.1547265841104046,1.289999533215754,1.0743338031928862,1.0558841095339069,1.3162060971135747,1.077463650298788,0.961765582855452,0.8516385350564865,0.8601684082436306,1.1875179066118373,1.1893621813541058,0.932015910714231,0.9477062595160123,1.0015279651033495,1.3810738037970567,0.932675205115346,0.9025111684439131,1.1683526837867226,1.0727725687906637,1.1013186505059978,1.1960497895579185
"Ór lǽknisbók The fragment is unnamed, but Konráð Gíslason named his edition of the text
                    Úr læknisbók, which is published in Fire og fyrretyve for en stor deel forhen
                    utrykte prøver af oldnordisk sprog og literatur (1860)-AM 655 XXX 4to",1.180012204058349,1.0919350524904896,1.1583522739554204,1.2466629893942673,1.1903352226546844,1.1937211734733228,1.3095080223544828,1.26858761877848,1.13212425581448,1.1032785636461306,1.302861335789293,1.1717461249707317,1.2878553760022886,1.2092624876562839,1.1566314117050416,1.0765598044279046,1.271007148978287,1.1305442033596544,1.2937466229465713,1.3400842193877942,1.1531244487923589,1.1886654036470496,1.1635367865855388,1.2862027354817867,1.1089900837343294,1.1151451691805085,0.0,1.254062701553614,1.2187355991218496,1.1744737691830884,1.3034439236564643,1.0858686271773434,1.214446064503977,1.1619194892226314,1.3685631866316759,1.3821322187524496,1.2857959772751,0.9999999999999963,1.2554244920001367,1.3328816799613596,1.1413705383761623,1.382075376591758,1.2672691641434286,1.2464509013366754,1.414112519723132,1.2950639367699157,1.2552835963948445,1.2739106309669963,1.2759900854952029,1.331971665073406,1.2109103276484219,1.1788627636859677,1.3433890728675961,1.2110792761107008,1.1174713489695112,1.0789996322554123,1.0919306401289965,1.284267950888751,1.282904822991509,1.1250983770387204,1.116341076249369,1.1915923368697945,1.3856385920927814,1.1404925422679815,1.0854491657542167,1.2855870701035954,1.1817842105831158,1.2573354935868641,1.3142366556307914
A fragment of Hákonar saga Hákonarsonar-NRA norr fragm 55 B,1.185680241024296,1.1136988053681847,1.1514094969361859,1.2372476000452697,1.1955652297023354,1.2268937008102685,1.298252834381091,1.2371964017322075,1.1399880472952886,1.1472989760010206,1.2708879323202167,1.1762093951590165,1.2599580772052008,1.2232712748556167,1.1520362988207682,1.1267340186810402,1.2421991565673927,1.162913923225057,1.2965104188150411,1.3442730559977636,1.1787018512004486,1.2416433279876171,1.1651386811663096,1.2577359086858086,1.0970265751606862,1.1537706452416245,1.254062701553614,0.0,1.2313050972035056,1.192006571713903,1.3260270273694632,1.1201286287939762,1.2261426153167703,1.171565301252627,1.3786594536931742,1.387447430140647,1.2725744637727592,0.9999999999999999,1.2751948339133556,1.3399190954496762,1.1591893744989221,1.3876261458775532,1.2908964138285137,1.2639798392228856,1.4136419253299386,1.270111754220094,1.2516286427171146,1.252600261540701,1.2557446735397197,1.3331694569789967,1.2092764612786897,1.1961367876350588,1.355743892614988,1.2339825460326577,1.158517585426053,1.0934888208699685,1.109196479749154,1.2935882001012737,1.2930159174594924,1.1437441365733148,1.1537954433983328,1.1635860416645534,1.3918482224568818,1.1327146853667698,1.124750283528701,1.2538051341934007,1.2305549614440239,1.2315774644636766,1.288626945980263
A fragment of Jóns saga helga-NRA norr fragm 57,1.1177742975064169,1.021217247992751,1.0991220468233451,1.182281335702458,1.1424224480652392,1.1407171751893102,1.2569093527769608,1.1706742429154027,1.0565574900783135,1.0753295257225772,1.2510282481324193,1.1172437697695774,1.2413926810670515,1.1769103787324484,1.107055456265158,1.0087440251435307,1.2425191797565769,1.0506117649245417,1.2700708350750318,1.331390755051409,1.1109025638147574,1.2024048790428952,1.0904661447198356,1.2042927892720017,1.0383454254008726,1.1033742543908636,1.2187355991218496,1.2313050972035056,0.0,1.136818375863724,1.30418545820748,1.06501155221942,1.1971161052050412,1.1014447243167904,1.363887048536335,1.3768658317335054,1.2199129464754004,1.0000000000000047,1.2352562502281887,1.309187546437205,1.091492402336967,1.3777837791485061,1.2546435394424365,1.2044462964212235,1.4139580936114817,1.2446856272729254,1.2161622567882255,1.1842371318625,1.1989235392463915,1.312333299574572,1.1651280789460492,1.1414107376656482,1.333016688415287,1.1559482576622666,1.0752029816975055,1.011678810078711,1.0246649644031731,1.2609416778828504,1.265648490637671,1.05426045235955,1.1200550215019178,1.0797299811347545,1.381379055607047,1.0668448268936557,1.0532767203163043,1.2217841333291986,1.1903569097861089,1.1546179658454518,1.2400743158158372
A fragment of Páls saga postula-NRA norr fragm 80,1.0716743757230482,0.9629654644399802,1.0174433770600904,1.126741982705022,1.0566820541731143,1.0710111817502348,1.2566171249459048,1.1365021846692773,1.0298273806608749,0.9115587851281496,1.2447453901125711,1.045153768158197,1.2358390025264399,1.1282216972788515,1.060571018458723,0.9309955246177976,1.208034908889295,1.0159160235839177,1.2588550457446746,1.28823582410422,1.0538350757055748,1.1246239633840343,1.0568722091562084,1.194299817316773,0.9803789037360361,1.0058151998426,1.1744737691830884,1.192006571713903,1.136818375863724,0.0,1.2847355139719374,0.9348217671974459,1.1299067319705915,1.0244133896825345,1.377306263587636,1.386017581296125,1.2167581694819718,0.9999999999999996,1.2152825254863313,1.2711868952429193,1.0053485328977498,1.3860605516362206,1.1896104908952818,1.2012526447841299,1.413735091381849,1.216238280872211,1.2042132634915437,1.1769782239902333,1.1795045127804256,1.3157229134888402,1.1284873682044425,1.1172645405332633,1.3163221965643905,1.104874231307327,1.0314209880383498,0.9327272571054753,0.8969022782243995,1.1887092826184524,1.2338925982718008,0.9835580252973614,0.9729642493527176,1.0374468508735237,1.3904159901639728,1.0080445530389985,0.9601383136542644,1.1812784570917823,1.1222386764938235,1.1332735680436277,1.211197329080061
Völuspá in Codex Regius-GKS 2365 4to,1.2803795773501352,1.2414442500244072,1.2729812709016708,1.302651766942309,1.284649776375243,1.2733475956204934,1.3400030849925928,1.3062760221372602,1.2286634156085516,1.2556990878151464,1.3436211546357588,1.278459299495986,1.3449251374216586,1.2872535049761742,1.283570387893241,1.2245558701884474,1.3362681771198193,1.211098728385819,1.3515026286929923,1.3753899549285695,1.277964474434802,1.3007605700968976,1.2760214014605546,1.3223827747105659,1.2401147533313026,1.2662438210014226,1.3034439236564643,1.3260270273694632,1.30418545820748,1.2847355139719374,0.0,1.2514192762057896,1.3082483775925808,1.2551061597539832,1.3883543273352346,1.3946251705089434,1.3231400691228372,0.999999999999995,1.328270878971617,1.3615678249727676,1.2672958114169295,1.3933380947131482,1.3385593804645355,1.3303095454516374,1.4140273241224708,1.341670407767149,1.3265514144218582,1.3174201979003823,1.315944996296549,1.365896986426794,1.3022554583856956,1.2885366477197133,1.373826297881539,1.2870037701491825,1.2614730942461627,1.238420766766721,1.2438277689000203,1.340862549380814,1.3437546103088693,1.2531135287252113,1.2546118071576473,1.2796764226730029,1.399177665225599,1.2387925169500742,1.2329184297884321,1.3240432902821349,1.298536551319438,1.3044976289704777,1.3387232552425057
Landslǫg Magnúss Hákonarsonar | Magnus Lagabøtes landslov-Holm perg 34 4to,0.9749358457386251,0.7964296796470747,0.9028314852205388,1.0526898054982772,0.9684265667212537,1.0268381341641526,1.2096787592101885,1.0969345342895431,0.8761365002683448,0.8140825970878833,1.1808450932276775,0.9459293526284411,1.167213802199894,1.0443061051339655,0.9377127499190075,0.7885361855051977,1.1461078429325122,0.8761122693629394,1.21032836654444,1.2803889441707554,0.9418798965211481,1.0483566090904255,0.9400772486910925,1.1424329614174258,0.8018660182297509,0.5401791405890272,1.0858686271773434,1.1201286287939762,1.06501155221942,0.9348217671974459,1.2514192762057896,0.0,1.071546618497847,0.9039493418469253,1.36063066032191,1.3747240898100035,1.1624110734876931,0.9999999999999687,1.1612289034053067,1.2601406339619172,0.8888701010082531,1.3733434970895628,1.1609704412430157,1.1214413117973787,1.413841294525711,1.1613967542636097,1.1329332107151262,1.1197589982481655,1.1276275671929512,1.2809007903113143,1.0348861148017556,1.0185071832941617,1.306690969099785,1.0283725046229915,0.8998575592982064,0.7717796357577185,0.7596083421843092,1.1548591861656687,1.1640739118670371,0.8547656145921358,0.8705477777558654,0.9376303249489002,1.3805311521777084,0.8619164775738407,0.8254342417840201,1.1279965605628022,1.0269837573666063,1.069227365011691,1.1715771213924668
Eiríks saga víðförla-AM 557 4to,1.1182728860545914,1.0493900882072151,1.0838257201345092,1.1805240472330065,1.1368588766858274,1.1401034910627097,1.2728174916462207,1.1956232036403367,1.0910392253744932,1.0489857862000604,1.270612289265953,1.1193334901639205,1.2558426328344623,1.172154050372354,1.1166351484356172,1.0364970658436738,1.2443743190428291,1.0979264091044454,1.283706143030849,1.32496448199962,1.1343365004243426,1.1911257248525546,1.106484674125251,1.2249294714902519,1.0572755036748547,1.11703184805628,1.214446064503977,1.2261426153167703,1.1971161052050412,1.1299067319705915,1.3082483775925808,1.071546618497847,0.0,1.131165947680184,1.3699335704476956,1.382194606870608,1.2466164486535132,0.9999999999999946,1.2427774002029015,1.3139244376684234,1.1072871653799239,1.3821086991192075,1.2590075196646087,1.2406337210226397,1.4137060137110349,1.2563140553113985,1.2168036027380296,1.2217155241417736,1.2241864215836398,1.31703820160561,1.1755532172209198,1.149062223800232,1.3279643078942294,1.1913758309174172,1.0942447621740374,1.0265019905382657,1.0575250796817386,1.262995302998426,1.2800368895746994,1.0768036834986559,1.097580582690101,1.1140106522068056,1.385249112018649,1.0887521440453038,1.024700317683191,1.1984091676491657,1.17995634343127,1.1942550839140285,1.2621147337950294
Thómass saga erkibiskups-Holm perg 17 4to,1.049040895130628,0.8765131209708944,1.0000462320764865,1.1135262327647217,1.0542836457585867,1.0832989252316774,1.23535754522736,1.1350340645560355,0.7841744907260123,0.9230217639319649,1.2165260631315618,1.0190098076450613,1.1987898097561485,1.1040803409054625,1.0088663046664583,0.7404238127174232,1.1896693870242196,0.7524708239351319,1.234863877320106,1.302273850386444,1.0481438169534818,1.1243086861731,0.9910427257684302,1.167196397670693,0.9046201609109176,0.9735546502411894,1.1619194892226314,1.171565301252627,1.1014447243167904,1.0244133896825345,1.2551061597539832,0.9039493418469253,1.131165947680184,0.0,1.3576323686948961,1.374591420839542,1.1941084019555737,0.9999999999998369,1.1976852083057374,1.277965723027388,0.9808470545898188,1.369395284405114,1.1948442138169553,1.14827902396053,1.4138431553938124,1.175359561837257,1.163397925599928,1.1384699759284596,1.1591735545704325,1.2958019159026097,1.0897497713397315,1.0683894417723865,1.3144690234612078,1.0072141249830053,0.9649920428726289,0.8858931499557295,0.8390363734666502,1.1867865116234866,1.214855511411271,0.9119101506319397,1.0004329003733516,1.0064243438312395,1.3810471601053877,0.764256541078968,0.940029350450439,1.1700514592420497,1.1023478509110012,1.1080612303917106,1.206573991823862
Legenden om Barlaam och Josaphat-Holm A 49,1.356156092163776,1.3370959784561716,1.358243557648742,1.375511815383859,1.3696222349823746,1.3604532642593568,1.3679965526577826,1.353433569897108,1.333118710706001,1.3570590698845602,1.3820942516503276,1.3623659794766978,1.3738748257222055,1.3664693408539261,1.3589039003575458,1.3288812245962625,1.3862096347293247,1.3367701305568946,1.3842706014650934,1.3983470555927295,1.361034297674799,1.376299964665948,1.355096907927433,1.3609187250381103,1.348935169186026,1.3607484247706494,1.3685631866316759,1.3786594536931742,1.363887048536335,1.377306263587636,1.3883543273352346,1.36063066032191,1.3699335704476956,1.3576323686948961,0.0,1.2422820715128626,1.3590519777842467,0.9999999999999761,1.3658313498767807,1.3986129946546895,1.364073667263577,0.6222005238959525,1.3950473006302262,1.3741257034099894,1.4141187397195967,1.3813387721353718,1.3705317324367983,1.3551814145356966,1.3568107143055932,1.3893024997052668,1.3640545175964776,1.350377101951244,1.3893262509866184,1.3730037501666144,1.3448786300871962,1.344836022053139,1.353247206873539,1.390193690679474,1.3817735329635565,1.3471117777177402,1.3673228028434596,1.3662580863685325,1.294447971170306,1.3464812757988933,1.3431828712299532,1.3862780865584656,1.3640174182702367,1.3497072009089268,1.3727092865964567
Codex Runicus-AM 28 8vo,1.371207208614813,1.3576575375408848,1.3726961859239375,1.3851930170392657,1.3802552445980558,1.3748302413372253,1.3806060872591661,1.3690196552939902,1.358282272839498,1.3716582914635818,1.3897231805439147,1.3750835096910856,1.3839452911636396,1.3793819151853848,1.3738535425724128,1.3532795538378564,1.3935473123682287,1.3590447531167866,1.39175214893901,1.4017543427147792,1.375057524826694,1.3875873211164702,1.3706868621691302,1.3751802809744715,1.3662656900423544,1.3756341400512053,1.3821322187524496,1.387447430140647,1.3768658317335054,1.386017581296125,1.3946251705089434,1.3747240898100035,1.382194606870608,1.374591420839542,1.2422820715128626,0.0,1.3739558104715852,0.9999999999999577,1.379383472310493,1.4024648979336831,1.3769286887534666,1.1962301125274963,1.3998951790940897,1.3856064144860671,1.414213562373065,1.3883344950272283,1.3826415112676966,1.3705764278487085,1.3722926550969405,1.3964180639417487,1.3786009460810429,1.3688735458893329,1.3962933120210097,1.3845791658842403,1.3634389533573241,1.3633554889435568,1.3666625311041383,1.396807719830139,1.390522319053588,1.3650743078387724,1.379034700859765,1.3786320366816798,1.094145789571415,1.3662103177503668,1.362250763369212,1.392972374886157,1.3777307066822448,1.366575664372694,1.3830515619372834
Droplaugasona saga according to AM 132 fol (Möðruvallabók)-AM 132 fol (141va.3–147vb.4),1.1579992236186196,1.1081075804407399,1.1646533519177762,1.1973460769355984,1.2035356312275876,1.1941620856850161,1.1021206194107378,0.9676553577717131,1.1319671803076319,1.1724584795176487,1.2571204437126156,1.171971842916746,1.272355034571975,1.2206596933578726,1.183371443533723,1.1240604465146937,1.280008646382107,1.1180223912869507,1.3002430944787264,1.3606332519784121,1.1851005791789997,1.2751563495150775,1.1449376074402595,1.0404000344276572,1.1091987849423037,1.1820004012758507,1.2857959772751,1.2725744637727592,1.2199129464754004,1.2167581694819718,1.3231400691228372,1.1624110734876931,1.2466164486535132,1.1941084019555737,1.3590519777842467,1.3739558104715852,0.0,1.0000000000000187,1.2825831340208798,1.3371981932246393,1.1514542056192112,1.3717833565748738,1.317539009271413,1.2539113278014662,1.41299165643771,1.268554563384929,1.251016581390425,0.9714311770976597,1.003954073571341,1.3285599462405917,1.2146476800781716,1.1997289407359342,1.34892662906672,1.2567883154476942,1.1517798247035858,1.1146744152039119,1.141926501561989,1.3026700535441469,1.3016716122374603,1.1242485873821797,1.2231789937563022,1.16640785968534,1.3776333188221594,1.150195682184553,1.1178039206478818,1.2547113916829828,1.2519961015087293,0.9223334652895981,1.0771636123678021
A fragment of Thómass saga erkibyskups-NRA norr fragm 66,1.0000000000000124,1.000000000000013,1.0000000000000082,1.0000000000000013,1.000000000000009,0.9999999999999772,0.9999999999999313,1.000000000000013,1.0000000000001539,0.999999999999966,0.9999999999999979,0.9999999999999845,1.0000000000000018,1.0000000000000047,1.0000000000000016,1.0000000000000961,1.0,1.0000000000001765,0.9999999999999993,1.0000000000000016,0.9999999999999863,0.9999999999999964,1.0000000000000022,1.0000000000000062,0.9999999999999791,1.0000000000000253,0.9999999999999963,0.9999999999999999,1.0000000000000047,0.9999999999999996,0.999999999999995,0.9999999999999687,0.9999999999999946,0.9999999999998369,0.9999999999999761,0.9999999999999577,1.0000000000000187,0.0,1.0000000000000016,0.9999999999999994,1.000000000000006,0.9999999999998179,0.9999999999999972,1.0000000000000049,0.9999999999999998,1.000000000000001,1.0000000000000036,0.9999999999999256,0.9999999999999989,0.999999999999998,0.9999999999999934,1.0000000000000002,1.0000000000000004,0.9999999999999544,1.0000000000000053,1.000000000000063,1.0000000000001765,0.9999999999999941,1.000000000000002,1.0000000000001315,0.9999999999999943,0.9999999999999977,1.0000000000000013,0.9999999999999407,0.9999999999999815,1.0000000000000069,1.0000000000000007,1.0000000000000424,0.9999999999999937
A fragment of Barlaams saga ok Jósafats-NRA norr fragm 64,1.2036047960819154,1.1344090708158334,1.1828543703616978,1.247610883573409,1.2158341033438431,1.1819078462209565,1.3044736611511654,1.2492118268051775,1.1573282139282703,1.1382422131658987,1.3031031745731507,1.2087822600948022,1.2874473635549046,1.2311699556599724,1.1840365149897574,1.0926745030962717,1.2923855466619054,1.1567271807234443,1.3092347589790359,1.3539474640859224,1.2131839367340267,1.2271249901179069,1.19730610278806,1.2762181755545003,1.1728084929548104,1.1840852514402134,1.2554244920001367,1.2751948339133556,1.2352562502281887,1.2152825254863313,1.328270878971617,1.1612289034053067,1.2427774002029015,1.1976852083057374,1.3658313498767807,1.379383472310493,1.2825831340208798,1.0000000000000016,0.0,1.3094260303413245,1.2061093851828544,1.3797964292522222,1.287089469219526,1.2494355544233555,1.4140771027273669,1.2831914388371783,1.2440690011379154,1.2631431492875942,1.2673692842114321,1.3104962237235616,1.1991190671968421,1.1757621831429355,1.344550185115541,1.2426042540693008,1.1660960512884888,1.147091953865673,1.1510328935728174,1.273166584281465,1.3037776882017702,1.1676946634837375,1.166250013178311,1.2136926307234495,1.383475750981297,1.1763146472500967,1.1535607313757288,1.2787880880195477,1.229065316581599,1.2432882190987322,1.3008498787688718
A fragment of Agǫtu saga-NRA norr fragm 70,1.2756646681476518,1.249022570897506,1.2583056261970926,1.2885211981476066,1.2712492320353626,1.2296104346023156,1.3503007872739208,1.3062591139371638,1.2617254490126202,1.2373422082414862,1.3462062267556838,1.273655282069269,1.3439174909324132,1.292879664721793,1.270962103743045,1.226050071103829,1.3357949343017996,1.2415836977474988,1.3596215859776157,1.3692644537304495,1.2935895785863873,1.2850634599745219,1.2784875005748264,1.3230963494144723,1.2666281059786701,1.283167389113479,1.3328816799613596,1.3399190954496762,1.309187546437205,1.2711868952429193,1.3615678249727676,1.2601406339619172,1.3139244376684234,1.277965723027388,1.3986129946546895,1.4024648979336831,1.3371981932246393,0.9999999999999994,1.3094260303413245,0.0,1.277993045704608,1.4021362044639178,1.329300292850883,1.299358722405779,1.4142135623730945,1.3209341485823858,1.3070916820939387,1.3199320745791745,1.3266852729151755,1.3455435349499674,1.2806337788471707,1.2742089753270909,1.3789230550231808,1.300932201883977,1.2673393607073986,1.2510530476944242,1.2393372808602567,1.2940038395955735,1.3479253702405691,1.2591844690086502,1.2590702719470994,1.2701441025830755,1.4036627836134754,1.2712571546026021,1.2534027202275075,1.299410375036302,1.3163615320197246,1.3064094444969658,1.3318717309350863
Zeta-fragment of Egils saga-AM 162 A ζ fol.,0.9878838950186027,0.8599814608539625,0.9535410860894306,1.0824721676915896,0.8994256038708239,1.062313640446435,1.208890052149106,1.0709040996164112,0.9402742871447634,0.9383023916147458,1.2001744483932102,0.9705813471019231,1.1977031095959751,1.076968695969621,0.9750194115996719,0.8889578719945643,1.1704593359865068,0.9128354967396255,1.2272453734647852,1.2994172385172378,0.9893631909432056,1.0947752063469143,0.9327869232563062,1.1399821384799633,0.8525406203460757,0.9473054549533826,1.1413705383761623,1.1591893744989221,1.091492402336967,1.0053485328977498,1.2672958114169295,0.8888701010082531,1.1072871653799239,0.9808470545898188,1.364073667263577,1.3769286887534666,1.1514542056192112,1.000000000000006,1.2061093851828544,1.277993045704608,0.0,1.3758644915945066,1.1911480957295209,1.1364121732180874,1.413356060389815,1.1871311320022226,1.1541090349890466,1.110127982133546,1.1269674928287507,1.2872976088905006,1.081736140104639,1.0636283541749527,1.3207591475853948,1.0944607000740965,0.9414024832852573,0.6578171303108361,0.8602382267596782,1.201967968207852,1.2221607917833586,0.911812375251487,0.9683704686611847,0.977727588918442,1.3820059987739073,0.9230055472710927,0.8555638069855208,1.1535787296976707,1.1077284757413866,1.0667530271323578,1.1812701004179365
"Various texts, including Eufemiavisorna-Holm D 4",1.3716759335099484,1.3579897080936445,1.3719358388601444,1.3845652846618326,1.380249475389891,1.374974918641181,1.3790588622530249,1.367805319572183,1.351017188672815,1.3721318475835622,1.3896871397116037,1.3752352836517447,1.3848362368722171,1.3781853889805946,1.3738552728942606,1.3511533847673145,1.3931332683783524,1.3557093043028474,1.3931668605444782,1.402324228029914,1.3749319840949015,1.3848052972288774,1.3706883393666776,1.3735040255920437,1.365854870850497,1.373159510617516,1.382075376591758,1.3876261458775532,1.3777837791485061,1.3860605516362206,1.3933380947131482,1.3733434970895628,1.3821086991192075,1.369395284405114,0.6222005238959525,1.1962301125274963,1.3717833565748738,0.9999999999998179,1.3797964292522222,1.4021362044639178,1.3758644915945066,0.0,1.3999965843374063,1.3840395912832248,1.4140511820858774,1.3895648549334618,1.3820540154882974,1.3697105384926829,1.370797786251029,1.3959587931947226,1.3777109598199164,1.368058261496154,1.3969815618077546,1.38105415690211,1.3631589555828008,1.3622207648581208,1.365266254823144,1.3947764707340709,1.3909871853694202,1.3649243826013286,1.3793249426859877,1.3782585138271901,1.1752714045650834,1.3610926325954256,1.3619145799443813,1.3924905762611752,1.3780020680676393,1.3650556247769436,1.3809791763411385
"A fragment of Gregors saga páfa and 
                            Díalógar-NRA norr fragm 71",1.2346020729897178,1.1694363738500977,1.2102806912717103,1.262095521681754,1.2225784002616986,1.2276993812929844,1.335221889658369,1.2847561918657744,1.2107404272651923,1.144279296139671,1.3203929042777347,1.2196026223673635,1.3214790100343052,1.2641390430613024,1.2036659564850891,1.154403699987286,1.2982814146466461,1.1930219386393996,1.3136869551622814,1.342320759175311,1.2141643480875557,1.2372618491141396,1.2184468144476595,1.3068342472641339,1.174850470492904,1.1975786086213542,1.2672691641434286,1.2908964138285137,1.2546435394424365,1.1896104908952818,1.3385593804645355,1.1609704412430157,1.2590075196646087,1.1948442138169553,1.3950473006302262,1.3998951790940897,1.317539009271413,0.9999999999999972,1.287089469219526,1.329300292850883,1.1911480957295209,1.3999965843374063,0.0,1.2842566115173524,1.414213562373093,1.3054194699893198,1.2902258957216888,1.2959172031300594,1.301391467587208,1.3475512457381393,1.2457303992997526,1.2350055956163086,1.366115574376487,1.2428823469064978,1.1966021362581045,1.1600560650515612,1.1360117963151077,1.2844867793485548,1.3157491544540205,1.1701865406536962,1.1696429072049832,1.218582527045785,1.401839845774901,1.192080636570205,1.1706549075499202,1.2915962289058018,1.2484354808995097,1.2773638100081273,1.3147841602132075
A fragment of Flóress saga ok Blankiflúr-NRA norr fragm 65,1.152317860458834,1.0781054756928818,1.1491950615615762,1.199204831466996,1.1685011072001676,1.1479465147676695,1.2848223028928643,1.223790125551951,1.1053722818242846,1.1284383992247016,1.2755298435395899,1.1468824034508116,1.2731389231133357,1.2204159977970115,1.1434987006702175,1.0679309432977666,1.2753943767674236,1.0880252642512716,1.3016987904397874,1.3582828770911606,1.1920300926491085,1.2182583045236217,1.1223901278588018,1.236738369233452,1.1095589830603385,1.1370919112338893,1.2464509013366754,1.2639798392228856,1.2044462964212235,1.2012526447841299,1.3303095454516374,1.1214413117973787,1.2406337210226397,1.14827902396053,1.3741257034099894,1.3856064144860671,1.2539113278014662,1.0000000000000049,1.2494355544233555,1.299358722405779,1.1364121732180874,1.3840395912832248,1.2842566115173524,0.0,1.414052798874571,1.2564038081170579,1.2120783781138327,1.219514434496752,1.2455309295760786,1.30736192513044,1.1733465051803313,1.16929882950937,1.3563905315662017,1.2207140752450887,1.1184788525731753,1.0806670376312986,1.0956048999625874,1.2402148808260254,1.2990970896594012,1.1163296650297099,1.179525361327008,1.1651449175614652,1.3888201689562565,1.1246742606340212,1.1286662664875788,1.2426626128042013,1.2375392877587568,1.1920916446865282,1.2692411823344625
A fragment of Rimbegla-NRA norr fragm 59,1.4136890337103307,1.413610112145403,1.4132982608788383,1.4137097096016178,1.4138341064894957,1.4139779757800575,1.4134777940323304,1.4133758319984404,1.4137031841095906,1.4138840182708912,1.41360898972969,1.4136396401425797,1.414138266176595,1.413422631735289,1.4133926531453065,1.414015274549171,1.4138068885350634,1.4138274918601963,1.4141150757298055,1.414213562373096,1.4132291250026392,1.4136964045983265,1.413579823249488,1.4136332493445751,1.4134693969768461,1.4137977486162652,1.414112519723132,1.4136419253299386,1.4139580936114817,1.413735091381849,1.4140273241224708,1.413841294525711,1.4137060137110349,1.4138431553938124,1.4141187397195967,1.414213562373065,1.41299165643771,0.9999999999999998,1.4140771027273669,1.4142135623730945,1.413356060389815,1.4140511820858774,1.414213562373093,1.414052798874571,0.0,1.4134776931196555,1.4135747106366379,1.4136014077301695,1.4133809248914417,1.4139336956312527,1.4140783480546841,1.4137854230354239,1.4142135623730951,1.4140760737214824,1.4137187923046879,1.4132136365633496,1.4138042492003875,1.4142135623730907,1.4142135623730963,1.4131363023576384,1.4140878260135124,1.4138194466485448,1.414213562373096,1.4135140958005838,1.413259110603217,1.413066521322529,1.4142135623730954,1.4135107479867575,1.4138822263261561
A fragment of Stjórn-NRA norr fragm 60 C,1.201901329552184,1.127916373441468,1.1674689716840974,1.2290790022976765,1.2066619575650703,1.214721512298128,1.3002471789869001,1.2349333420068156,1.152723460808695,1.1726332837631723,1.2890999476036755,1.187854991863673,1.278378992142733,1.2221865907888796,1.1770715321679217,1.135455852256098,1.2799599241429676,1.1538872244148954,1.3096877511772005,1.3590743852514984,1.2164989228781689,1.2514756485324703,1.1750722601596075,1.2568474673586152,1.142386689821734,1.1949157521574465,1.2950639367699157,1.270111754220094,1.2446856272729254,1.216238280872211,1.341670407767149,1.1613967542636097,1.2563140553113985,1.175359561837257,1.3813387721353718,1.3883344950272283,1.268554563384929,1.000000000000001,1.2831914388371783,1.3209341485823858,1.1871311320022226,1.3895648549334618,1.3054194699893198,1.2564038081170579,1.4134776931196555,0.0,1.2463525041194656,1.2426217118848115,1.2535167075979377,1.3182069483855339,1.2114113515444587,1.1999531752758366,1.3587270413004016,1.247609480896941,1.1713186535283189,1.1351885045319168,1.125941577057268,1.2631441278468223,1.3154945066295651,1.147094641130132,1.1903992098074303,1.179548230693122,1.392658098594873,1.1651372752057187,1.1649594051912746,1.2529754987157464,1.261404353716403,1.2224715830135087,1.2771802004882367
A fragment of Karlamagnúss saga-NRA norr fragm 61,1.1494898032554801,1.0900419515617594,1.1304853321435948,1.2028996795275977,1.1751588658780132,1.157782096738762,1.2782855959477333,1.2056450770584746,1.1022517865114552,1.1440085109804585,1.2555148500766322,1.1539225835167717,1.2685242396126903,1.2042132246456265,1.1222378460847207,1.084867924318232,1.2544248623243521,1.1149989531368587,1.2857343113291348,1.3514765352254017,1.1906788485504518,1.2149836695668133,1.1324730955544209,1.2223428911680334,1.105666013673795,1.1569120927930256,1.2552835963948445,1.2516286427171146,1.2161622567882255,1.2042132634915437,1.3265514144218582,1.1329332107151262,1.2168036027380296,1.163397925599928,1.3705317324367983,1.3826415112676966,1.251016581390425,1.0000000000000036,1.2440690011379154,1.3070916820939387,1.1541090349890466,1.3820540154882974,1.2902258957216888,1.2120783781138327,1.4135747106366379,1.2463525041194656,0.0,1.2178344866083952,1.235001503595759,1.293141127196847,1.144314674793163,1.100242557347432,1.3507291336476186,1.2318408301286354,1.1230732652519282,1.0775340894029015,1.1059059474014754,1.2529817352777035,1.3062761149755848,1.1285617568682225,1.1722438662839068,1.1545383425069233,1.3861110128479288,1.1244734260715519,1.1265091765575757,1.2247185560632594,1.2368640204293322,1.1920276224421906,1.2659590544562953
Finnboga saga according to AM 132 fol (Möðruvallabók)-AM 132 fol (100ra.1–114ra.41),1.1121699289643714,1.049060015899285,1.119291059080575,1.1684801107970693,1.1687573876978647,1.1533723429102964,1.038380342394461,0.8226130675398214,1.075612459325311,1.129528799036053,1.2496765063520974,1.1226270653484771,1.2442765153797108,1.1932300512229879,1.1421970468987965,1.065031539342281,1.2538649525982202,1.0575874065189408,1.2817343904106484,1.3517551384307858,1.1540979869683747,1.2568679910286416,1.0898503000466062,0.9419485134253092,1.0614951244692807,1.147164089700349,1.2739106309669963,1.2526002615407013,1.1842371318625,1.1769782239902333,1.3174201979003823,1.1197589982481655,1.2217155241417736,1.1384699759284596,1.3551814145356966,1.3705764278487085,0.9714311770976597,0.9999999999999256,1.2631431492875942,1.3199320745791745,1.110127982133546,1.3697105384926829,1.2959172031300594,1.219514434496752,1.4136014077301695,1.2426217118848115,1.2178344866083952,0.0,0.8984739960156456,1.3156741249278205,1.1713870603437844,1.1641208201413267,1.3387732431842665,1.2247468978396985,1.1071283122317481,1.0637792422721664,1.0812973217174167,1.2784364970373847,1.2815640722680655,1.0738133300752317,1.190386184519539,1.1107882844054748,1.3748974750043343,1.0982047342278811,1.0790173736610942,1.2226760740227638,1.2271268877566093,0.8060650068072438,0.9949922677417109
Fstbrra saga according to AM 132 fol (Möðruvallabók)-AM 132 fol (198rb.8–201vb.41),1.1285924331410977,1.0716914990592707,1.1289849123830473,1.1837891125314208,1.1764006158404947,1.160203930866673,1.0810657355276418,0.8770540689158471,1.0977353198039392,1.132993822675541,1.2594788450239918,1.1399761284200125,1.253821250551405,1.1991921181613978,1.1563282144623674,1.0883562679739462,1.260093778667308,1.0852599911236032,1.2894987384419425,1.3511684537388438,1.160732800034881,1.2636198964731735,1.1165852877435918,1.000444622576522,1.0801970145621436,1.1547265841104046,1.2759900854952029,1.2557446735397197,1.1989235392463915,1.1795045127804256,1.315944996296549,1.1276275671929512,1.2241864215836398,1.1591735545704325,1.3568107143055932,1.3722926550969405,1.003954073571341,0.9999999999999989,1.2673692842114321,1.3266852729151755,1.1269674928287507,1.370797786251029,1.301391467587208,1.2455309295760786,1.4133809248914417,1.2535167075979377,1.235001503595759,0.8984739960156456,0.0,1.3228944145465762,1.1884456539086097,1.1780609069160894,1.3412291581950888,1.2305159297640602,1.1257472795762467,1.081536299452168,1.0955832570677668,1.285212354047069,1.2857179549812563,1.0932173719394398,1.1894568035255602,1.1266797352402005,1.3763692954558602,1.1158507648396077,1.0814385277833476,1.226883077104805,1.2308661627262167,0.8727608271662443,1.0279882104975386
A fragment of Stjórn-NRA norr fragm 60 B,1.2850364959667713,1.2528634534513274,1.278473189701276,1.3074374062028922,1.29972202927316,1.2919835762986278,1.3428847364581722,1.3096144894858692,1.2623562065259208,1.2788572745232352,1.3417267582608208,1.2894539457090708,1.3388662139698562,1.3030930497911093,1.2595815123330592,1.2514908864402694,1.332631178672605,1.2651220826064191,1.3470128499925107,1.3836744845703646,1.301959652473816,1.3008395170574156,1.2742182488127096,1.3216481174363939,1.2615636938171595,1.289999533215754,1.331971665073406,1.3331694569789967,1.312333299574572,1.3157229134888402,1.365896986426794,1.2809007903113143,1.31703820160561,1.2958019159026097,1.3893024997052668,1.3964180639417487,1.3285599462405917,0.999999999999998,1.3104962237235616,1.3455435349499674,1.2872976088905006,1.3959587931947226,1.3475512457381393,1.30736192513044,1.4139336956312527,1.3182069483855339,1.293141127196847,1.3156741249278205,1.3228944145465762,0.0,1.2709390074270137,1.260164477149757,1.3766414544718006,1.3267672480446102,1.2690807932317927,1.2549095692346837,1.2685214199875121,1.3307617017785394,1.357379244373705,1.2660802315127822,1.2941292436417664,1.2874430694869725,1.3980441586571584,1.27571655385489,1.2704838278739679,1.323151169393201,1.3232118937689088,1.3029385299886995,1.3402670554172822
A fragment of Karlamagnúss saga-NRA norr fragm 62,1.0980227681982968,0.9912590489755678,1.076257570650535,1.1566342927779814,1.1274013207550675,1.1187959455079912,1.2487940778538233,1.156538059896754,1.0282885287294476,1.0552029749026048,1.2414613190750254,1.0994968897219606,1.2421513936473214,1.151076323870646,1.0519591087083178,0.9877866302400472,1.2298951132624039,1.019043058137051,1.2409233529846324,1.3300361774846752,1.119077678068498,1.1523636330916371,1.0700335726965506,1.1909689523198879,1.0216440356313372,1.0743338031928862,1.2109103276484219,1.2092764612786897,1.1651280789460492,1.1284873682044425,1.3022554583856956,1.0348861148017556,1.1755532172209198,1.0897497713397315,1.3640545175964776,1.3786009460810429,1.2146476800781716,0.9999999999999934,1.1991190671968421,1.2806337788471707,1.081736140104639,1.3777109598199164,1.2457303992997526,1.1733465051803313,1.4140783480546841,1.2114113515444587,1.144314674793163,1.1713870603437844,1.1884456539086097,1.2709390074270137,0.0,0.9645322112301236,1.3332240302517393,1.1790053417745254,1.0489805380185988,1.0056124560468476,1.0219266436546621,1.2204803271378728,1.2624616806049809,1.0339601732208936,1.0858048978077346,1.0896517760988766,1.3825236318084624,1.0517735585364045,1.0390792100544268,1.2053428361027014,1.177284314497191,1.1389656903837362,1.2306345978317712
A fragment of Karlamagnúss saga-NRA norr fragm 63,1.083688494560952,0.9571838567411758,1.0537507382720435,1.1591592366240873,1.1069042402021592,1.105249383965025,1.2364674229132926,1.1513010625755236,0.9931906687809827,1.0280564888722845,1.229859548057767,1.0869991900806983,1.2238079386421339,1.1297554721815564,1.0225932925420684,0.9459365811910945,1.2129587755952065,0.9940713955157772,1.2390199990835453,1.3240765650434194,1.0951529898373265,1.1224110072288318,1.051979737264748,1.180484273078662,0.9892411995889819,1.0558841095339069,1.1788627636859677,1.1961367876350588,1.1414107376656482,1.1172645405332633,1.2885366477197133,1.0185071832941617,1.149062223800232,1.0683894417723865,1.350377101951244,1.3688735458893329,1.1997289407359342,1.0000000000000002,1.1757621831429355,1.2742089753270909,1.0636283541749527,1.368058261496154,1.2350055956163086,1.16929882950937,1.4137854230354239,1.1999531752758366,1.100242557347432,1.1641208201413267,1.1780609069160894,1.260164477149757,0.9645322112301236,0.0,1.3126918548870505,1.162732614322826,1.0182288452162789,0.968610602795241,0.9853193279673903,1.2175286036550428,1.2484630288646115,1.007076571061447,1.0537189975405616,1.0789577430638682,1.3732580300199602,1.0205961776467367,0.9986690432716995,1.2025942751320966,1.1493404035030326,1.1342142625223643,1.2298088631680562
A fragment of Stjórn-NRA norr fragm 60 A,1.320840566026465,1.287401434634843,1.3198041373499798,1.3470467383339908,1.3325851159133497,1.3248957086957451,1.358862387302718,1.333042570498743,1.2996168023608194,1.2880769986098872,1.363069845634352,1.327719510083942,1.355544081227817,1.335298077613665,1.3192477166157257,1.274757690087029,1.3624020941114845,1.300743964776638,1.3678312031293218,1.3811935470422592,1.3243100241073187,1.3449071936200858,1.3180298601079499,1.3464867402905603,1.3015924732652149,1.3162060971135747,1.3433890728675961,1.355743892614988,1.333016688415287,1.3163221965643905,1.373826297881539,1.306690969099785,1.3279643078942294,1.3144690234612078,1.3893262509866184,1.3962933120210097,1.34892662906672,1.0000000000000004,1.344550185115541,1.3789230550231808,1.3207591475853948,1.3969815618077546,1.366115574376487,1.3563905315662017,1.4142135623730951,1.3587270413004016,1.3507291336476186,1.3387732431842665,1.3412291581950888,1.3766414544718006,1.3332240302517393,1.3126918548870505,0.0,1.3401408556134353,1.304456178749437,1.3001768484962897,1.3007268666600105,1.3596421250486803,1.3579990642862563,1.2900663834408475,1.3110065496177221,1.3230774895931892,1.3977218687527337,1.309880700556366,1.3004233796140654,1.3645895247359114,1.3275668610151488,1.3315815261636705,1.3602524501704678
Konungs skuggsjá-AM 243 bα fol,1.137451300320804,1.0363408393727824,1.0963129494147807,1.1860054063781835,1.1260221587077583,1.1278072137645023,1.2862932330396222,1.2052166696612907,1.0070363448148516,1.0362643119473898,1.2709318502082332,1.118619104279735,1.2635354660329934,1.1745479949841529,1.1259847919750825,0.9553113610673112,1.2474282820464253,0.9931904933167655,1.2843355971338533,1.3225663498729716,1.1339755239673905,1.1800602479061444,1.1214674934014575,1.2409980366412303,1.0603497318599762,1.077463650298788,1.2110792761107008,1.2339825460326577,1.1559482576622666,1.104874231307327,1.2870037701491825,1.0283725046229915,1.1913758309174172,1.0072141249830053,1.3730037501666144,1.3845791658842403,1.2567883154476942,0.9999999999999544,1.2426042540693008,1.300932201883977,1.0944607000740965,1.38105415690211,1.2428823469064978,1.2207140752450887,1.4140760737214824,1.247609480896941,1.2318408301286354,1.2247468978396985,1.2305159297640602,1.3267672480446102,1.1790053417745254,1.162732614322826,1.3401408556134353,0.0,1.0872123771438469,1.030014194511905,1.0073397732104994,1.2242184541554153,1.2523303494816471,1.0711349425769678,1.0589878574126468,1.1187171890509897,1.3887355958520335,1.0021962930658124,1.0515220999109929,1.219823576852066,1.1594695289614108,1.1962112536915626,1.2582851230260064
Trójumanna saga-AM 573 4to,0.9841655899918653,0.7854445271578501,0.9514100301871363,1.0809143184267989,1.0120628543495847,0.9981948123039204,1.2011966560897478,1.0920529834035877,0.8698717107543564,0.9146578228415583,1.1959645715225136,0.9786866291663187,1.1869712523907203,1.0447184098818731,0.9651009674897028,0.8055167573526513,1.1784506774859949,0.8715059820709887,1.2218888792436082,1.3070696584978707,0.9975047084758638,1.0970484047709352,0.9459003523650297,1.1339158837945649,0.8636264491355905,0.961765582855452,1.1174713489695112,1.158517585426053,1.0752029816975055,1.0314209880383498,1.2614730942461627,0.8998575592982064,1.0942447621740374,0.9649920428726289,1.3448786300871962,1.3634389533573241,1.1517798247035858,1.0000000000000053,1.1660960512884888,1.2673393607073986,0.9414024832852573,1.3631589555828008,1.1966021362581045,1.1184788525731753,1.4137187923046879,1.1713186535283189,1.1230732652519282,1.1071283122317481,1.1257472795762467,1.2690807932317927,1.0489805380185988,1.0182288452162789,1.304456178749437,1.0872123771438469,0.0,0.8235128144473042,0.8210400104744692,1.1797728676310235,1.2130093648678655,0.8862752558552899,0.9753225452676183,0.9832632120565135,1.3691238956366656,0.9062775711259836,0.8686105653728476,1.1476253254620543,1.0752290277028003,1.0666468967942024,1.1852341144799683
Egils saga Skalla-Grímssonar in Wolfenbüttelbók-WolfAug 9 10 4to,0.9008470816392898,0.7141904235901454,0.8437865941342121,1.0226169384451391,0.8221960952501596,0.9693061344311861,1.1743444591453378,1.0178261221573488,0.7954735290727772,0.8394159481175221,1.1206051655098874,0.8857157925126757,1.1424571109203814,1.0045652758719081,0.867058064898866,0.7282251769045847,1.1037539636518363,0.8086867669543255,1.1895756786170728,1.283941785458199,0.9133210009737367,1.0317613013862315,0.8282431707370455,1.0871714317576375,0.7082664953177967,0.8516385350564865,1.0789996322554123,1.0934888208699685,1.011678810078711,0.9327272571054753,1.238420766766721,0.7717796357577185,1.0265019905382657,0.8858931499557295,1.344836022053139,1.3633554889435568,1.1146744152039119,1.000000000000063,1.147091953865673,1.2510530476944242,0.6578171303108361,1.3622207648581208,1.1600560650515612,1.0806670376312986,1.4132136365633496,1.1351885045319168,1.0775340894029015,1.0637792422721664,1.081536299452168,1.2549095692346837,1.0056124560468476,0.968610602795241,1.3001768484962897,1.030014194511905,0.8235128144473042,0.0,0.7046984023821792,1.1609051821280745,1.185827040629923,0.8129092075563229,0.8802912708204802,0.8894505058801059,1.3698538019485704,0.7747366471700832,0.7394665605214669,1.0858758822096435,1.038170200199684,1.0113366985451162,1.146690139094208
Alexanders saga-AM 519 a 4to,0.9452212721924039,0.7100489219459803,0.8661773032585746,1.033333234195123,0.9287401875439204,0.9504363517850521,1.1929314853482178,1.0523412225480115,0.8056490230242468,0.7723107407358496,1.1536550170234536,0.9068060965187371,1.1515448285200585,1.0098131725881414,0.8990939439815352,0.718119679932112,1.135515569921853,0.8068113979021242,1.202940587348004,1.2746760006418187,0.9442961300674361,1.0514573743659263,0.8885205052809745,1.1111375943604764,0.7627888735220177,0.8601684082436306,1.0919306401289965,1.109196479749154,1.0246649644031731,0.8969022782243995,1.2438277689000203,0.7596083421843092,1.0575250796817386,0.8390363734666502,1.353247206873539,1.3666625311041383,1.141926501561989,1.0000000000001765,1.1510328935728174,1.2393372808602567,0.8602382267596782,1.365266254823144,1.1360117963151077,1.0956048999625874,1.4138042492003875,1.125941577057268,1.1059059474014754,1.0812973217174167,1.0955832570677668,1.2685214199875121,1.0219266436546621,0.9853193279673903,1.3007268666600105,1.0073397732104994,0.8210400104744692,0.7046984023821792,0.0,1.1287995862437306,1.1756448194419948,0.800349387983917,0.8593399957889616,0.8919914341556424,1.3737932232982732,0.8082584462876284,0.7839018326711776,1.0906018485602569,1.0246657116063815,1.030621958815991,1.1495042517933587
A fragment of Konungs skuggsjá-NRA norr fragm 58 B,1.2120905657048195,1.1536793502805314,1.1814093249492414,1.2350263060301634,1.1958729634289935,1.1601121339120974,1.3244132096281462,1.2622858442675509,1.1812871618745167,1.115373272983522,1.3140530902504257,1.1964643731278546,1.3144744863504105,1.2367356910900535,1.202503879235418,1.1194838983223405,1.3016785834944735,1.1668199277130775,1.3176626795042339,1.347604387505892,1.228260454572768,1.2307933375627227,1.20504439865037,1.2838827019173238,1.185549965585384,1.1875179066118373,1.284267950888751,1.2935882001012737,1.2609416778828504,1.1887092826184524,1.340862549380814,1.1548591861656687,1.262995302998426,1.1867865116234866,1.390193690679474,1.396807719830139,1.3026700535441469,0.9999999999999941,1.273166584281465,1.2940038395955735,1.201967968207852,1.3947764707340709,1.2844867793485548,1.2402148808260254,1.4142135623730907,1.2631441278468223,1.2529817352777035,1.2784364970373847,1.285212354047069,1.3307617017785394,1.2204803271378728,1.2175286036550428,1.3596421250486803,1.2242184541554153,1.1797728676310235,1.1609051821280745,1.1287995862437306,0.0,1.3175258462794175,1.1706789245544287,1.1619206080032014,1.203855546162415,1.3997779445790355,1.1865442178703811,1.17601220142495,1.2546405213712253,1.2507961347817649,1.2550892404151492,1.2895888226003476
A fragment of Konungs skuggsjá-AM 1056 IX 4to,1.2400356883386476,1.1782389872321666,1.225991100754186,1.2780537353560335,1.251863323913498,1.2490921846514,1.3207535181957553,1.2724032022801126,1.2031829343798541,1.1870848264703535,1.3239928358470243,1.237840869291574,1.3058653118024022,1.2687350977040373,1.2322823294840406,1.1675353121079826,1.3098627450044917,1.2016154127619156,1.3281550708489627,1.358535701688722,1.2338922295697365,1.2812568043938721,1.2337527243038673,1.2937908469122137,1.1892949618477975,1.1893621813541058,1.282904822991509,1.2930159174594924,1.265648490637671,1.2338925982718008,1.3437546103088693,1.1640739118670371,1.2800368895746994,1.214855511411271,1.3817735329635565,1.390522319053588,1.3016716122374603,1.000000000000002,1.3037776882017702,1.3479253702405691,1.2221607917833586,1.3909871853694202,1.3157491544540205,1.2990970896594012,1.4142135623730963,1.3154945066295651,1.3062761149755848,1.2815640722680655,1.2857179549812563,1.357379244373705,1.2624616806049809,1.2484630288646115,1.3579990642862563,1.2523303494816471,1.2130093648678655,1.185827040629923,1.1756448194419948,1.3175258462794175,0.0,1.2000275339576512,1.2138825370824045,1.2312006976841439,1.3929818033439612,1.2047231912157588,1.1920457364119668,1.3032960581814332,1.2505160672457107,1.2640673760363086,1.308723008818658
Reynistaðarbók-AM 764 4to,0.9698929462158816,0.7727832683051258,0.9424134899356041,1.0682936173593955,1.0033165052518995,1.0174989619656962,1.1828027511955779,1.063353084059005,0.8776119240172175,0.8414956780418282,1.186461935471147,0.9623818781343237,1.167089674509471,1.0377839597330556,0.9574774032940468,0.7783394228358161,1.1638361646955675,0.8296365044268543,1.2100535131681234,1.2869032418332107,0.9757069595996973,1.0922874461302188,0.9248137375040539,1.1106165854079453,0.8040479349980766,0.932015910714231,1.1250983770387204,1.1437441365733148,1.05426045235955,0.9835580252973614,1.2531135287252113,0.8547656145921358,1.0768036834986559,0.9119101506319397,1.3471117777177402,1.3650743078387724,1.1242485873821797,1.0000000000001315,1.1676946634837375,1.2591844690086502,0.911812375251487,1.3649243826013286,1.1701865406536962,1.1163296650297099,1.4131363023576384,1.147094641130132,1.1285617568682225,1.0738133300752317,1.0932173719394398,1.2660802315127822,1.0339601732208936,1.007076571061447,1.2900663834408475,1.0711349425769678,0.8862752558552899,0.8129092075563229,0.800349387983917,1.1706789245544287,1.2000275339576512,0.0,0.9530715141313281,0.9362678608010635,1.3712945449557774,0.8832094374677043,0.8383739813460271,1.1435418040960421,1.0691139708927289,1.0321351705150663,1.1621702317339246
A fragment of Konungs skuggsjá-NRA norr fragm 58 C,1.0415395412761927,0.8987321086430731,0.9665636739026477,1.1117374140130154,1.0138083866746797,1.0351534867793601,1.2584138149398938,1.1538446324959435,0.9857139489083364,0.8925165169396567,1.2312677219724726,1.0147902092341987,1.2198610143434865,1.0783671877084748,0.9977307918604548,0.8823370894481055,1.1855411433422356,0.970582363497449,1.2360352822575484,1.2889814142371667,1.0110766379370095,1.0644191196021298,1.0268166115358484,1.2089385957676764,0.9300514719962975,0.9477062595160123,1.116341076249369,1.1537954433983328,1.1200550215019178,0.9729642493527176,1.2546118071576473,0.8705477777558654,1.097580582690101,1.0004329003733516,1.3673228028434596,1.379034700859765,1.2231789937563022,0.9999999999999943,1.166250013178311,1.2590702719470994,0.9683704686611847,1.3793249426859877,1.1696429072049832,1.179525361327008,1.4140878260135124,1.1903992098074303,1.1722438662839068,1.190386184519539,1.1894568035255602,1.2941292436417664,1.0858048978077346,1.0537189975405616,1.3110065496177221,1.0589878574126468,0.9753225452676183,0.8802912708204802,0.8593399957889616,1.1619206080032014,1.2138825370824045,0.9530715141313281,0.0,1.0134351917516247,1.3838761286219428,0.9639355709105963,0.8699755966665976,1.161174930026223,1.0580800151491805,1.1527539583774218,1.2277591126585263
Dámusta saga-AM 557 4to,1.0105308938814748,0.8929616511001216,0.9596263670394178,1.0728830456841707,1.0385688041346288,1.0407101932834721,1.2099708633197803,1.0788492771925742,0.9493245237821236,0.9633557000994332,1.1961377459004021,0.9995900329285318,1.1919219675776114,1.0809341141992905,1.0063312530791269,0.9202405047989893,1.1763846553872475,0.9329418136755917,1.2423280986185483,1.312124672760388,1.0432462743197768,1.1502688027516594,0.975875091842938,1.1285597993256864,0.9006798273363237,1.0015279651033495,1.1915923368697945,1.1635860416645534,1.0797299811347545,1.0374468508735237,1.279676422673003,0.9376303249489002,1.1140106522068056,1.0064243438312395,1.3662580863685325,1.3786320366816798,1.16640785968534,0.9999999999999977,1.2136926307234495,1.2701441025830755,0.977727588918442,1.3782585138271901,1.218582527045785,1.1651449175614652,1.4138194466485448,1.179548230693122,1.1545383425069233,1.1107882844054748,1.1266797352402005,1.2874430694869725,1.0896517760988766,1.0789577430638682,1.3230774895931892,1.1187171890509897,0.9832632120565135,0.8894505058801059,0.8919914341556424,1.203855546162415,1.2312006976841439,0.9362678608010635,1.0134351917516247,0.0,1.3838206934808188,0.9532709543402352,0.9270792036209754,1.1073651410067753,1.1377454135384149,1.066809787960911,1.1752383025615705
Virgin Mary’s complaint-SKB A 120,1.3765770777676967,1.3642512991413844,1.378210906369994,1.3894060465085816,1.3853035206985058,1.3791942559323356,1.3830932159934617,1.3733172075963713,1.3644717057282814,1.377706004130038,1.3935255272403044,1.3808169579101448,1.388044320921807,1.383819764817876,1.37829034106814,1.3602812043286396,1.3960565519083645,1.3654360826085286,1.3946744094683203,1.4048076604480177,1.380232861077695,1.3905834132181771,1.376083668858713,1.378256688852765,1.372021351318943,1.3810738037970567,1.3856385920927814,1.3918482224568818,1.381379055607047,1.3904159901639728,1.399177665225599,1.3805311521777084,1.385249112018649,1.3810471601053877,1.294447971170306,1.094145789571415,1.3776333188221594,1.0000000000000013,1.383475750981297,1.4036627836134754,1.3820059987739073,1.1752714045650834,1.401839845774901,1.3888201689562565,1.414213562373096,1.392658098594873,1.3861110128479288,1.3748974750043343,1.3763692954558602,1.3980441586571584,1.3825236318084624,1.3732580300199602,1.3977218687527337,1.3887355958520335,1.3691238956366656,1.3698538019485704,1.3737932232982732,1.3997779445790355,1.3929818033439612,1.3712945449557774,1.3838761286219428,1.3838206934808188,0.0,1.372210241841776,1.3686385024067635,1.3962005186658717,1.3807366961329404,1.3705425863034213,1.3860313750852875
Óláfs saga ins helga (legendary version)-DG 8 II,0.9858395134876469,0.8116404257008286,0.9247326919308142,1.0758497528102005,1.0103041085536322,1.0365422275672234,1.1992648736716345,1.0849062600524564,0.6688588478532765,0.9021760716614657,1.1341700521777307,0.9701237531741218,1.1639016871617311,1.0577151159871458,0.9245428367951687,0.7052222942940294,1.1457121957584337,0.6902966737516629,1.2150403635845497,1.2954709542647411,0.9940116560008897,1.0923597537409118,0.9261229971690382,1.1213718073027887,0.8214518467565294,0.932675205115346,1.1404925422679815,1.1327146853667698,1.0668448268936557,1.0080445530389985,1.2387925169500742,0.8619164775738407,1.0887521440453038,0.764256541078968,1.3464812757988933,1.3662103177503668,1.150195682184553,0.9999999999999407,1.1763146472500967,1.2712571546026021,0.9230055472710927,1.3610926325954256,1.192080636570205,1.1246742606340212,1.4135140958005838,1.1651372752057187,1.1244734260715519,1.0982047342278811,1.1158507648396077,1.27571655385489,1.0517735585364045,1.0205961776467367,1.309880700556366,1.0021962930658124,0.9062775711259836,0.7747366471700832,0.8082584462876284,1.1865442178703811,1.2047231912157588,0.8832094374677043,0.9639355709105963,0.9532709543402352,1.372210241841776,0.0,0.8599950373376457,1.1187764381067324,1.0846682882177887,1.0570873014594762,1.1802863780797874
Eiríks saga rauða-AM 557 4to,0.9079198141636192,0.7657403464460317,0.8737977084619097,1.042331388696307,0.9405776167436013,0.9727369731897507,1.1769420150446048,1.050348784774892,0.8645006701649466,0.8535157659943885,1.1876046969979916,0.9169102520479057,1.1646101930617614,1.006842223274948,0.9254368250951092,0.7816970655421153,1.1397117324615278,0.8106551910980502,1.2050896259085107,1.289633913836739,0.9179718702199987,1.0511005661094583,0.8852472504075924,1.1090504877996066,0.7985047101276537,0.9025111684439131,1.0854491657542167,1.124750283528701,1.0532767203163043,0.9601383136542644,1.2329184297884321,0.8254342417840201,1.024700317683191,0.940029350450439,1.3431828712299532,1.362250763369212,1.1178039206478818,0.9999999999999815,1.1535607313757288,1.2534027202275075,0.8555638069855208,1.3619145799443813,1.1706549075499202,1.1286662664875788,1.413259110603217,1.1649594051912746,1.1265091765575757,1.0790173736610942,1.0814385277833476,1.2704838278739679,1.0390792100544268,0.9986690432716995,1.3004233796140654,1.0515220999109929,0.8686105653728476,0.7394665605214669,0.7839018326711776,1.17601220142495,1.1920457364119668,0.8383739813460271,0.8699755966665976,0.9270792036209754,1.3686385024067635,0.8599950373376457,0.0,1.1204629638952708,1.0387623348108095,1.0302207205525802,1.162180093443382
Stúfs þáttr Kattarsonar-AM 557 4to,1.1171757102420448,1.1070103388777124,1.0591423192621416,1.1479875123863996,1.147030790886601,1.1134904259035132,1.280163801823098,1.1782115901392785,1.1085487052473615,1.1204930587576718,1.258998362306991,1.1142573925226944,1.2605798602323195,1.1829694803792452,1.1500068120491114,1.1143552702019166,1.2462875744526396,1.1413176785569814,1.314646128102777,1.349099467654057,1.1934143644206805,1.2418447914391735,1.1139596463255872,1.2069143326085023,1.1109134706674264,1.1683526837867226,1.2855870701035954,1.2538051341934007,1.2217841333291986,1.1812784570917823,1.3240432902821349,1.1279965605628022,1.1984091676491657,1.1700514592420497,1.3862780865584656,1.392972374886157,1.2547113916829828,1.0000000000000069,1.2787880880195477,1.299410375036302,1.1535787296976707,1.3924905762611752,1.2915962289058018,1.2426626128042013,1.413066521322529,1.2529754987157464,1.2247185560632594,1.2226760740227638,1.226883077104805,1.323151169393201,1.2053428361027014,1.2025942751320966,1.3645895247359114,1.219823576852066,1.1476253254620543,1.0858758822096435,1.0906018485602569,1.2546405213712253,1.3032960581814332,1.1435418040960421,1.161174930026223,1.1073651410067753,1.3962005186658717,1.1187764381067324,1.1204629638952708,0.0,1.2504060421993608,1.1840615419176215,1.2354221185964058
A fragment of Konungs skuggsjá-NKS 235 g 4to,1.1407075531912916,1.0210046332990816,1.1059690365778463,1.1985691575041297,1.144779368514573,1.1365460432759296,1.2789252060395324,1.210367457400104,1.0820766272435431,1.039757013022379,1.2724691175795673,1.1309283353853348,1.2628552458192142,1.1744222700403353,1.1249978752728,1.0075927258435473,1.250083366417445,1.0730670084350706,1.278749823728348,1.3233047077402078,1.121587165445086,1.178790231050348,1.1287958759340542,1.2457998902421341,1.0549017331229542,1.0727725687906637,1.1817842105831158,1.2305549614440239,1.1903569097861089,1.1222386764938235,1.298536551319438,1.0269837573666063,1.17995634343127,1.1023478509110012,1.3640174182702367,1.3777307066822448,1.2519961015087293,1.0000000000000007,1.229065316581599,1.3163615320197246,1.1077284757413866,1.3780020680676393,1.2484354808995097,1.2375392877587568,1.4142135623730954,1.261404353716403,1.2368640204293322,1.2271268877566093,1.2308661627262167,1.3232118937689088,1.177284314497191,1.1493404035030326,1.3275668610151488,1.1594695289614108,1.0752290277028003,1.038170200199684,1.0246657116063815,1.2507961347817649,1.2505160672457107,1.0691139708927289,1.0580800151491805,1.1377454135384149,1.3807366961329404,1.0846682882177887,1.0387623348108095,1.2504060421993608,0.0,1.2026493708485861,1.2682660852150065
Vga-Glms saga according to AM 132 fol (Möðruvallabók)-AM 132 fol (129rb.8–141va.32),1.069013391086206,1.0029447239917884,1.067629529218781,1.1252772526341386,1.1255187744519957,1.1002817719474716,1.0091598694397503,0.7270186101221345,1.033324936138523,1.080717842010813,1.2325309379756693,1.0752913524457952,1.2284561935942337,1.1650127603510967,1.1072230476191665,1.0224681698193177,1.2330844129226062,1.0219381785971424,1.2712759786998746,1.3420417404154634,1.120252342521171,1.2352145219623614,1.0457319188251641,0.8956336977937019,1.0171255972623603,1.1013186505059978,1.2573354935868641,1.2315774644636766,1.1546179658454518,1.1332735680436277,1.3044976289704777,1.069227365011691,1.1942550839140285,1.1080612303917106,1.3497072009089268,1.366575664372694,0.9223334652895981,1.0000000000000424,1.2432882190987322,1.3064094444969658,1.0667530271323578,1.3650556247769436,1.2773638100081273,1.1920916446865282,1.4135107479867575,1.2224715830135087,1.1920276224421906,0.8060650068072438,0.8727608271662443,1.3029385299886995,1.1389656903837362,1.1342142625223643,1.3315815261636705,1.1962112536915626,1.0666468967942024,1.0113366985451162,1.030621958815991,1.2550892404151492,1.2640673760363086,1.0321351705150663,1.1527539583774218,1.066809787960911,1.3705425863034213,1.0570873014594762,1.0302207205525802,1.1840615419176215,1.2026493708485861,0.0,0.9333640826784405
Ölkofra þáttur according to AM 132 fol (Möðruvallabók)-AM 132 fol (147vb.5–149va.31),1.1751639974769836,1.1469599158564059,1.1690806960749258,1.2076671158723422,1.204866314943265,1.1895806806044604,1.1360075504522793,0.920807207120022,1.1695709603600792,1.1774869433848618,1.2858780057396653,1.1793704259054882,1.2887774020671836,1.241406511763873,1.2118717415452016,1.1550063639603372,1.2893883200188245,1.1653333501323466,1.3186120057121862,1.3597381888798594,1.2140628516643968,1.2896323165440322,1.1726490277039947,1.0535458207971384,1.1534084378214706,1.1960497895579185,1.3142366556307914,1.288626945980263,1.2400743158158372,1.211197329080061,1.3387232552425057,1.1715771213924668,1.2621147337950294,1.206573991823862,1.3727092865964567,1.3830515619372834,1.0771636123678021,0.9999999999999937,1.3008498787688718,1.3318717309350863,1.1812701004179365,1.3809791763411385,1.3147841602132075,1.2692411823344625,1.4138822263261561,1.2771802004882367,1.2659590544562953,0.9949922677417109,1.0279882104975386,1.3402670554172822,1.2306345978317712,1.2298088631680562,1.3602524501704678,1.2582851230260064,1.1852341144799683,1.146690139094208,1.1495042517933587,1.2895888226003476,1.308723008818658,1.1621702317339246,1.2277591126585263,1.1752383025615705,1.3860313750852875,1.1802863780797874,1.162180093443382,1.2354221185964058,1.2682660852150065,0.9333640826784405,0.0
