Model Filename,Plot Filename,K
model-1200-1325-20230811-45.n2v,kmeans-model-1200-1325-20230811-45.png,5
model-1200-1325-20230811-51.n2v,kmeans-model-1200-1325-20230811-51.png,5
model-1-1325-20230813-30.n2v,kmeans-model-1-1325-20230813-30.png,8
model-1-1325-20230813-24.n2v,kmeans-model-1-1325-20230813-24.png,13
model-1-1325-20230829-31.n2v,kmeans-model-1-1325-20230829-31.png,8
model-1-1325-20230829-25.n2v,kmeans-model-1-1325-20230829-25.png,5
model-1-1325-20230829-19.n2v,kmeans-model-1-1325-20230829-19.png,7
model-1200-1325-20230828-6.n2v,kmeans-model-1200-1325-20230828-6.png,6
model-1-1536-20230830-79.n2v,kmeans-model-1-1536-20230830-79.png,6
model-1-1536-20230830-51.n2v,kmeans-model-1-1536-20230830-51.png,5
model-1-1536-20230830-45.n2v,kmeans-model-1-1536-20230830-45.png,7
model-1200-1325-20230828-15.n2v,kmeans-model-1200-1325-20230828-15.png,6
model-1200-1325-20230828-29.n2v,kmeans-model-1200-1325-20230828-29.png,5
model-1200-1325-20230828-28.n2v,kmeans-model-1200-1325-20230828-28.png,6
model-1200-1325-20230828-14.n2v,kmeans-model-1200-1325-20230828-14.png,5
model-1-1536-20230830-44.n2v,kmeans-model-1-1536-20230830-44.png,5
model-1-1536-20230830-50.n2v,kmeans-model-1-1536-20230830-50.png,6
model-1-1536-20230830-78.n2v,kmeans-model-1-1536-20230830-78.png,7
model-1200-1325-20230828-7.n2v,kmeans-model-1200-1325-20230828-7.png,5
model-1-1325-20230829-18.n2v,kmeans-model-1-1325-20230829-18.png,5
model-1-1325-20230829-24.n2v,kmeans-model-1-1325-20230829-24.png,6
model-1-1325-20230829-30.n2v,kmeans-model-1-1325-20230829-30.png,6
model-1-1325-20230813-25.n2v,kmeans-model-1-1325-20230813-25.png,9
model-1-1325-20230813-31.n2v,kmeans-model-1-1325-20230813-31.png,7
model-1200-1325-20230811-50.n2v,kmeans-model-1200-1325-20230811-50.png,7
model-1200-1325-20230811-44.n2v,kmeans-model-1200-1325-20230811-44.png,9
model-1200-1325-20230811-52.n2v,kmeans-model-1200-1325-20230811-52.png,10
model-1200-1325-20230811-46.n2v,kmeans-model-1200-1325-20230811-46.png,7
model-1-1325-20230813-27.n2v,kmeans-model-1-1325-20230813-27.png,5
model-1-1325-20230813-33.n2v,kmeans-model-1-1325-20230813-33.png,6
model-1-1325-20230829-26.n2v,kmeans-model-1-1325-20230829-26.png,5
model-1-1325-20230829-32.n2v,kmeans-model-1-1325-20230829-32.png,6
model-1200-1325-20230828-5.n2v,kmeans-model-1200-1325-20230828-5.png,5
model-1-1536-20230830-46.n2v,kmeans-model-1-1536-20230830-46.png,6
model-1-1536-20230830-52.n2v,kmeans-model-1-1536-20230830-52.png,7
model-1200-1325-20230828-16.n2v,kmeans-model-1200-1325-20230828-16.png,8
model-1200-1325-20230828-17.n2v,kmeans-model-1200-1325-20230828-17.png,6
model-1-1536-20230830-53.n2v,kmeans-model-1-1536-20230830-53.png,10
model-1-1536-20230830-47.n2v,kmeans-model-1-1536-20230830-47.png,12
model-1200-1325-20230828-4.n2v,kmeans-model-1200-1325-20230828-4.png,5
model-1-1325-20230829-33.n2v,kmeans-model-1-1325-20230829-33.png,8
model-1-1325-20230829-27.n2v,kmeans-model-1-1325-20230829-27.png,5
model-1-1325-20230813-32.n2v,kmeans-model-1-1325-20230813-32.png,7
model-1-1325-20230813-26.n2v,kmeans-model-1-1325-20230813-26.png,16
model-1200-1325-20230811-47.n2v,kmeans-model-1200-1325-20230811-47.png,7
model-1200-1325-20230811-53.n2v,kmeans-model-1200-1325-20230811-53.png,6
model-1200-1325-20230811-57.n2v,kmeans-model-1200-1325-20230811-57.png,6
model-1200-1325-20230811-43.n2v,kmeans-model-1200-1325-20230811-43.png,9
model-1-1325-20230813-22.n2v,kmeans-model-1-1325-20230813-22.png,6
model-1-1325-20230813-36.n2v,kmeans-model-1-1325-20230813-36.png,5
model-1200-1325-20230810-17.n2v,kmeans-model-1200-1325-20230810-17.png,20
model-1-1325-20230829-23.n2v,kmeans-model-1-1325-20230829-23.png,5
model-1-1325-20230829-37.n2v,kmeans-model-1-1325-20230829-37.png,6
model-1200-1325-20230828-0.n2v,kmeans-model-1200-1325-20230828-0.png,5
model-1-1536-20230830-43.n2v,kmeans-model-1-1536-20230830-43.png,6
model-1-1536-20230830-57.n2v,kmeans-model-1-1536-20230830-57.png,13
model-1200-1325-20230828-13.n2v,kmeans-model-1200-1325-20230828-13.png,8
model-1200-1325-20230828-12.n2v,kmeans-model-1200-1325-20230828-12.png,9
model-1-1536-20230830-56.n2v,kmeans-model-1-1536-20230830-56.png,19
model-1-1536-20230830-42.n2v,kmeans-model-1-1536-20230830-42.png,5
model-1200-1325-20230828-1.n2v,kmeans-model-1200-1325-20230828-1.png,6
model-1-1325-20230829-36.n2v,kmeans-model-1-1325-20230829-36.png,6
model-1-1325-20230829-22.n2v,kmeans-model-1-1325-20230829-22.png,8
model-1200-1325-20230810-16.n2v,kmeans-model-1200-1325-20230810-16.png,6
model-1-1325-20230813-37.n2v,kmeans-model-1-1325-20230813-37.png,8
model-1-1325-20230813-23.n2v,kmeans-model-1-1325-20230813-23.png,6
model-1200-1325-20230811-42.n2v,kmeans-model-1200-1325-20230811-42.png,6
model-1200-1325-20230811-56.n2v,kmeans-model-1200-1325-20230811-56.png,10
model-1-1325-20230812-9.n2v,kmeans-model-1-1325-20230812-9.png,6
model-1200-1325-20230811-40.n2v,kmeans-model-1200-1325-20230811-40.png,5
model-1200-1325-20230811-54.n2v,kmeans-model-1200-1325-20230811-54.png,5
model-1-1325-20230813-35.n2v,kmeans-model-1-1325-20230813-35.png,7
model-1-1325-20230813-21.n2v,kmeans-model-1-1325-20230813-21.png,5
model-1200-1325-20230810-14.n2v,kmeans-model-1200-1325-20230810-14.png,6
model-1-1325-20230829-34.n2v,kmeans-model-1-1325-20230829-34.png,9
model-1200-1325-20230810-28.n2v,kmeans-model-1200-1325-20230810-28.png,6
model-1-1325-20230829-20.n2v,kmeans-model-1-1325-20230829-20.png,6
model-1200-1325-20230828-3.n2v,kmeans-model-1200-1325-20230828-3.png,6
model-1-1536-20230830-54.n2v,kmeans-model-1-1536-20230830-54.png,5
model-1-1536-20230830-40.n2v,kmeans-model-1-1536-20230830-40.png,8
model-1-1536-20230830-68.n2v,kmeans-model-1-1536-20230830-68.png,5
model-1200-1325-20230828-38.n2v,kmeans-model-1200-1325-20230828-38.png,5
model-1200-1325-20230828-10.n2v,kmeans-model-1200-1325-20230828-10.png,6
model-1200-1325-20230828-11.n2v,kmeans-model-1200-1325-20230828-11.png,5
model-1200-1325-20230828-39.n2v,kmeans-model-1200-1325-20230828-39.png,6
model-1-1536-20230830-69.n2v,kmeans-model-1-1536-20230830-69.png,10
model-1-1536-20230830-41.n2v,kmeans-model-1-1536-20230830-41.png,44
model-1-1536-20230830-55.n2v,kmeans-model-1-1536-20230830-55.png,5
model-1200-1325-20230828-2.n2v,kmeans-model-1200-1325-20230828-2.png,5
model-1-1325-20230829-21.n2v,kmeans-model-1-1325-20230829-21.png,9
model-1200-1325-20230810-29.n2v,kmeans-model-1200-1325-20230810-29.png,7
model-1-1325-20230829-35.n2v,kmeans-model-1-1325-20230829-35.png,5
model-1200-1325-20230810-15.n2v,kmeans-model-1200-1325-20230810-15.png,11
model-1-1325-20230813-20.n2v,kmeans-model-1-1325-20230813-20.png,13
model-1-1325-20230813-34.n2v,kmeans-model-1-1325-20230813-34.png,8
model-1200-1325-20230811-55.n2v,kmeans-model-1200-1325-20230811-55.png,6
model-1200-1325-20230811-41.n2v,kmeans-model-1200-1325-20230811-41.png,10
model-1-1325-20230812-8.n2v,kmeans-model-1-1325-20230812-8.png,6
model-1-1536-20230829-2.n2v,kmeans-model-1-1536-20230829-2.png,12
model-1-1325-20230814-66.n2v,kmeans-model-1-1325-20230814-66.png,6
model-1-1325-20230814-72.n2v,kmeans-model-1-1325-20230814-72.png,5
model-1-1325-20230813-53.n2v,kmeans-model-1-1325-20230813-53.png,25
model-1-1325-20230813-47.n2v,kmeans-model-1-1325-20230813-47.png,9
model-1200-1325-20230812-77.n2v,kmeans-model-1200-1325-20230812-77.png,7
model-1200-1325-20230812-63.n2v,kmeans-model-1200-1325-20230812-63.png,6
model-1-1325-20230829-52.n2v,kmeans-model-1-1325-20230829-52.png,10
model-1-1325-20230829-46.n2v,kmeans-model-1-1325-20230829-46.png,6
model-1-1536-20230829-13.n2v,kmeans-model-1-1536-20230829-13.png,8
model-1-1325-20230812-13.n2v,kmeans-model-1-1325-20230812-13.png,12
model-1200-1325-20230809-0.n2v,kmeans-model-1200-1325-20230809-0.png,5
model-1200-1325-20230828-76.n2v,kmeans-model-1200-1325-20230828-76.png,6
model-1200-1325-20230828-62.n2v,kmeans-model-1200-1325-20230828-62.png,5
model-1-1325-20230828-9.n2v,kmeans-model-1-1325-20230828-9.png,5
model-1-1325-20230828-8.n2v,kmeans-model-1-1325-20230828-8.png,6
model-1200-1325-20230828-63.n2v,kmeans-model-1200-1325-20230828-63.png,7
model-1200-1325-20230828-77.n2v,kmeans-model-1200-1325-20230828-77.png,5
model-1200-1325-20230809-1.n2v,kmeans-model-1200-1325-20230809-1.png,6
model-1-1325-20230812-12.n2v,kmeans-model-1-1325-20230812-12.png,6
model-1-1536-20230829-12.n2v,kmeans-model-1-1536-20230829-12.png,18
model-1-1325-20230829-47.n2v,kmeans-model-1-1325-20230829-47.png,6
model-1-1325-20230829-53.n2v,kmeans-model-1-1325-20230829-53.png,5
model-1200-1325-20230812-76.n2v,kmeans-model-1200-1325-20230812-76.png,6
model-1-1325-20230813-46.n2v,kmeans-model-1-1325-20230813-46.png,7
model-1-1325-20230813-52.n2v,kmeans-model-1-1325-20230813-52.png,9
model-1-1325-20230814-73.n2v,kmeans-model-1-1325-20230814-73.png,5
model-1-1325-20230814-67.n2v,kmeans-model-1-1325-20230814-67.png,5
model-1-1536-20230829-3.n2v,kmeans-model-1-1536-20230829-3.png,17
model-1-1536-20230829-1.n2v,kmeans-model-1-1536-20230829-1.png,16
model-1-1325-20230814-71.n2v,kmeans-model-1-1325-20230814-71.png,5
model-1-1325-20230814-65.n2v,kmeans-model-1-1325-20230814-65.png,6
model-1-1325-20230813-44.n2v,kmeans-model-1-1325-20230813-44.png,7
model-1-1325-20230814-59.n2v,kmeans-model-1-1325-20230814-59.png,5
model-1-1325-20230813-50.n2v,kmeans-model-1-1325-20230813-50.png,5
model-1200-1325-20230812-74.n2v,kmeans-model-1200-1325-20230812-74.png,8
model-1-1325-20230829-45.n2v,kmeans-model-1-1325-20230829-45.png,7
model-1-1536-20230829-38.n2v,kmeans-model-1-1536-20230829-38.png,5
model-1-1325-20230829-51.n2v,kmeans-model-1-1325-20230829-51.png,6
model-1-1536-20230829-10.n2v,kmeans-model-1-1536-20230829-10.png,10
model-1-1325-20230829-79.n2v,kmeans-model-1-1325-20230829-79.png,5
model-1-1325-20230812-10.n2v,kmeans-model-1-1325-20230812-10.png,8
model-1200-1325-20230809-3.n2v,kmeans-model-1200-1325-20230809-3.png,7
model-1200-1325-20230828-61.n2v,kmeans-model-1200-1325-20230828-61.png,5
model-1200-1325-20230828-75.n2v,kmeans-model-1200-1325-20230828-75.png,5
model-1200-1325-20230828-49.n2v,kmeans-model-1200-1325-20230828-49.png,6
model-1200-1325-20230828-48.n2v,kmeans-model-1200-1325-20230828-48.png,5
model-1200-1325-20230828-74.n2v,kmeans-model-1200-1325-20230828-74.png,9
model-1200-1325-20230828-60.n2v,kmeans-model-1200-1325-20230828-60.png,6
model-1200-1325-20230809-2.n2v,kmeans-model-1200-1325-20230809-2.png,11
model-1-1325-20230812-11.n2v,kmeans-model-1-1325-20230812-11.png,7
model-1-1325-20230829-78.n2v,kmeans-model-1-1325-20230829-78.png,6
model-1-1536-20230829-11.n2v,kmeans-model-1-1536-20230829-11.png,5
model-1-1325-20230829-50.n2v,kmeans-model-1-1325-20230829-50.png,5
model-1-1325-20230829-44.n2v,kmeans-model-1-1325-20230829-44.png,5
model-1200-1325-20230812-75.n2v,kmeans-model-1200-1325-20230812-75.png,10
model-1-1325-20230814-58.n2v,kmeans-model-1-1325-20230814-58.png,9
model-1-1325-20230813-51.n2v,kmeans-model-1-1325-20230813-51.png,5
model-1-1325-20230813-45.n2v,kmeans-model-1-1325-20230813-45.png,5
model-1-1325-20230814-64.n2v,kmeans-model-1-1325-20230814-64.png,8
model-1-1325-20230814-70.n2v,kmeans-model-1-1325-20230814-70.png,7
model-1-1325-20230828-10.n2v,kmeans-model-1-1325-20230828-10.png,7
model-1-1536-20230829-0.n2v,kmeans-model-1-1536-20230829-0.png,5
model-1-1536-20230829-4.n2v,kmeans-model-1-1536-20230829-4.png,10
model-1-1325-20230813-41.n2v,kmeans-model-1-1325-20230813-41.png,6
model-1-1325-20230813-55.n2v,kmeans-model-1-1325-20230813-55.png,9
model-1-1325-20230814-74.n2v,kmeans-model-1-1325-20230814-74.png,8
model-1-1325-20230814-60.n2v,kmeans-model-1-1325-20230814-60.png,5
model-1200-1325-20230812-65.n2v,kmeans-model-1200-1325-20230812-65.png,9
model-1200-1325-20230812-71.n2v,kmeans-model-1200-1325-20230812-71.png,8
model-1-1536-20230829-15.n2v,kmeans-model-1-1536-20230829-15.png,7
model-1-1325-20230829-68.n2v,kmeans-model-1-1325-20230829-68.png,6
model-1-1325-20230829-40.n2v,kmeans-model-1-1325-20230829-40.png,8
model-1-1536-20230829-29.n2v,kmeans-model-1-1536-20230829-29.png,5
model-1-1325-20230829-54.n2v,kmeans-model-1-1325-20230829-54.png,5
model-1200-1325-20230809-6.n2v,kmeans-model-1200-1325-20230809-6.png,8
model-1-1325-20230812-15.n2v,kmeans-model-1-1325-20230812-15.png,6
model-1200-1325-20230828-58.n2v,kmeans-model-1200-1325-20230828-58.png,7
model-1200-1325-20230828-64.n2v,kmeans-model-1200-1325-20230828-64.png,5
model-1200-1325-20230828-70.n2v,kmeans-model-1200-1325-20230828-70.png,5
model-1200-1325-20230828-71.n2v,kmeans-model-1200-1325-20230828-71.png,5
model-1200-1325-20230828-65.n2v,kmeans-model-1200-1325-20230828-65.png,9
model-1200-1325-20230828-59.n2v,kmeans-model-1200-1325-20230828-59.png,5
model-1-1325-20230812-14.n2v,kmeans-model-1-1325-20230812-14.png,8
model-1200-1325-20230809-7.n2v,kmeans-model-1200-1325-20230809-7.png,9
model-1-1325-20230829-55.n2v,kmeans-model-1-1325-20230829-55.png,6
model-1-1536-20230829-28.n2v,kmeans-model-1-1536-20230829-28.png,9
model-1-1325-20230829-41.n2v,kmeans-model-1-1325-20230829-41.png,5
model-1-1325-20230829-69.n2v,kmeans-model-1-1325-20230829-69.png,6
model-1-1536-20230829-14.n2v,kmeans-model-1-1536-20230829-14.png,7
model-1200-1325-20230812-70.n2v,kmeans-model-1200-1325-20230812-70.png,7
model-1200-1325-20230812-64.n2v,kmeans-model-1200-1325-20230812-64.png,7
model-1-1325-20230814-61.n2v,kmeans-model-1-1325-20230814-61.png,9
model-1-1325-20230814-75.n2v,kmeans-model-1-1325-20230814-75.png,5
model-1-1325-20230813-54.n2v,kmeans-model-1-1325-20230813-54.png,6
model-1-1325-20230813-40.n2v,kmeans-model-1-1325-20230813-40.png,5
model-1200-1325-20230811-35.n2v,kmeans-model-1200-1325-20230811-35.png,11
model-1-1536-20230829-5.n2v,kmeans-model-1-1536-20230829-5.png,7
model-1200-1325-20230811-37.n2v,kmeans-model-1200-1325-20230811-37.png,8
model-1-1536-20230829-7.n2v,kmeans-model-1-1536-20230829-7.png,5
model-1-1325-20230813-56.n2v,kmeans-model-1-1325-20230813-56.png,11
model-1-1325-20230813-42.n2v,kmeans-model-1-1325-20230813-42.png,10
model-1-1325-20230814-63.n2v,kmeans-model-1-1325-20230814-63.png,5
model-1-1325-20230814-77.n2v,kmeans-model-1-1325-20230814-77.png,14
model-1200-1325-20230812-72.n2v,kmeans-model-1200-1325-20230812-72.png,5
model-1200-1325-20230812-66.n2v,kmeans-model-1200-1325-20230812-66.png,6
model-1-1536-20230829-16.n2v,kmeans-model-1-1536-20230829-16.png,7
model-1-1325-20230829-57.n2v,kmeans-model-1-1325-20230829-57.png,8
model-1-1325-20230829-43.n2v,kmeans-model-1-1325-20230829-43.png,9
model-1200-1325-20230809-5.n2v,kmeans-model-1200-1325-20230809-5.png,6
model-1-1325-20230812-16.n2v,kmeans-model-1-1325-20230812-16.png,7
model-1-1325-20230829-80.n2v,kmeans-model-1-1325-20230829-80.png,5
model-1200-1325-20230828-73.n2v,kmeans-model-1200-1325-20230828-73.png,6
model-1200-1325-20230828-67.n2v,kmeans-model-1200-1325-20230828-67.png,7
model-1200-1325-20230828-66.n2v,kmeans-model-1200-1325-20230828-66.png,8
model-1200-1325-20230828-72.n2v,kmeans-model-1200-1325-20230828-72.png,7
model-1-1325-20230812-17.n2v,kmeans-model-1-1325-20230812-17.png,7
model-1200-1325-20230809-4.n2v,kmeans-model-1200-1325-20230809-4.png,7
model-1-1325-20230829-42.n2v,kmeans-model-1-1325-20230829-42.png,6
model-1-1325-20230829-56.n2v,kmeans-model-1-1325-20230829-56.png,5
model-1-1536-20230829-17.n2v,kmeans-model-1-1536-20230829-17.png,7
model-1200-1325-20230812-67.n2v,kmeans-model-1200-1325-20230812-67.png,8
model-1200-1325-20230812-73.n2v,kmeans-model-1200-1325-20230812-73.png,7
model-1-1325-20230814-76.n2v,kmeans-model-1-1325-20230814-76.png,7
model-1-1325-20230814-62.n2v,kmeans-model-1-1325-20230814-62.png,5
model-1-1325-20230813-43.n2v,kmeans-model-1-1325-20230813-43.png,6
model-1-1325-20230813-57.n2v,kmeans-model-1-1325-20230813-57.png,6
model-1-1536-20230829-6.n2v,kmeans-model-1-1536-20230829-6.png,5
model-1200-1325-20230811-36.n2v,kmeans-model-1200-1325-20230811-36.png,7
model-1-1325-20230829-73.n2v,kmeans-model-1-1325-20230829-73.png,6
model-1-1325-20230829-67.n2v,kmeans-model-1-1325-20230829-67.png,7
model-1-1536-20230829-26.n2v,kmeans-model-1-1536-20230829-26.png,8
model-1-1536-20230829-32.n2v,kmeans-model-1-1536-20230829-32.png,5
model-1200-1325-20230809-9.n2v,kmeans-model-1200-1325-20230809-9.png,5
model-1200-1325-20230828-80.n2v,kmeans-model-1200-1325-20230828-80.png,5
model-1-1325-20230828-0.n2v,kmeans-model-1-1325-20230828-0.png,5
model-1200-1325-20230828-57.n2v,kmeans-model-1200-1325-20230828-57.png,9
model-1200-1325-20230828-43.n2v,kmeans-model-1200-1325-20230828-43.png,8
model-1200-1325-20230828-42.n2v,kmeans-model-1200-1325-20230828-42.png,6
model-1-1325-20230828-1.n2v,kmeans-model-1-1325-20230828-1.png,6
model-1200-1325-20230828-56.n2v,kmeans-model-1200-1325-20230828-56.png,5
model-1200-1325-20230809-8.n2v,kmeans-model-1200-1325-20230809-8.png,6
model-1-1536-20230829-33.n2v,kmeans-model-1-1536-20230829-33.png,7
model-1-1536-20230829-27.n2v,kmeans-model-1-1536-20230829-27.png,10
model-1-1325-20230829-66.n2v,kmeans-model-1-1325-20230829-66.png,6
model-1-1325-20230829-72.n2v,kmeans-model-1-1325-20230829-72.png,5
model-1200-1325-20230812-80.n2v,kmeans-model-1200-1325-20230812-80.png,6
model-1200-1325-20230811-38.n2v,kmeans-model-1200-1325-20230811-38.png,8
model-1-1536-20230829-8.n2v,kmeans-model-1-1536-20230829-8.png,6
model-1-1325-20230814-78.n2v,kmeans-model-1-1325-20230814-78.png,5
model-1200-1325-20230812-69.n2v,kmeans-model-1200-1325-20230812-69.png,6
model-1-1325-20230829-64.n2v,kmeans-model-1-1325-20230829-64.png,6
model-1-1325-20230829-70.n2v,kmeans-model-1-1325-20230829-70.png,5
model-1-1536-20230829-19.n2v,kmeans-model-1-1536-20230829-19.png,10
model-1-1325-20230829-58.n2v,kmeans-model-1-1325-20230829-58.png,8
model-1-1536-20230829-31.n2v,kmeans-model-1-1536-20230829-31.png,5
model-1-1536-20230829-25.n2v,kmeans-model-1-1536-20230829-25.png,5
model-1-1325-20230812-19.n2v,kmeans-model-1-1325-20230812-19.png,7
model-1200-1325-20230828-40.n2v,kmeans-model-1200-1325-20230828-40.png,6
model-1200-1325-20230828-54.n2v,kmeans-model-1200-1325-20230828-54.png,6
model-1-1325-20230828-3.n2v,kmeans-model-1-1325-20230828-3.png,9
model-1200-1325-20230828-68.n2v,kmeans-model-1200-1325-20230828-68.png,5
model-1200-1325-20230828-69.n2v,kmeans-model-1200-1325-20230828-69.png,6
model-1200-1325-20230828-55.n2v,kmeans-model-1200-1325-20230828-55.png,6
model-1-1325-20230828-2.n2v,kmeans-model-1-1325-20230828-2.png,6
model-1200-1325-20230828-41.n2v,kmeans-model-1200-1325-20230828-41.png,5
model-1-1536-20230830-39.n2v,kmeans-model-1-1536-20230830-39.png,6
model-1-1325-20230812-18.n2v,kmeans-model-1-1325-20230812-18.png,9
model-1-1536-20230829-24.n2v,kmeans-model-1-1536-20230829-24.png,7
model-1-1536-20230829-30.n2v,kmeans-model-1-1536-20230829-30.png,7
model-1-1325-20230829-59.n2v,kmeans-model-1-1325-20230829-59.png,6
model-1-1536-20230829-18.n2v,kmeans-model-1-1536-20230829-18.png,16
model-1-1325-20230829-71.n2v,kmeans-model-1-1325-20230829-71.png,6
model-1-1325-20230829-65.n2v,kmeans-model-1-1325-20230829-65.png,5
model-1200-1325-20230812-68.n2v,kmeans-model-1200-1325-20230812-68.png,16
model-1-1325-20230814-79.n2v,kmeans-model-1-1325-20230814-79.png,6
model-1-1536-20230829-9.n2v,kmeans-model-1-1536-20230829-9.png,9
model-1200-1325-20230811-39.n2v,kmeans-model-1200-1325-20230811-39.png,6
model-1-1325-20230814-69.n2v,kmeans-model-1-1325-20230814-69.png,6
model-1-1325-20230813-48.n2v,kmeans-model-1-1325-20230813-48.png,5
model-1200-1325-20230812-78.n2v,kmeans-model-1200-1325-20230812-78.png,9
model-1-1536-20230829-34.n2v,kmeans-model-1-1536-20230829-34.png,6
model-1-1536-20230829-20.n2v,kmeans-model-1-1536-20230829-20.png,8
model-1-1325-20230829-49.n2v,kmeans-model-1-1325-20230829-49.png,6
model-1-1325-20230829-61.n2v,kmeans-model-1-1325-20230829-61.png,6
model-1-1325-20230829-75.n2v,kmeans-model-1-1325-20230829-75.png,6
model-1200-1325-20230828-79.n2v,kmeans-model-1200-1325-20230828-79.png,5
model-1200-1325-20230828-45.n2v,kmeans-model-1200-1325-20230828-45.png,5
model-1-1325-20230828-6.n2v,kmeans-model-1-1325-20230828-6.png,6
model-1200-1325-20230828-51.n2v,kmeans-model-1200-1325-20230828-51.png,6
model-1-1325-20230828-7.n2v,kmeans-model-1-1325-20230828-7.png,8
model-1200-1325-20230828-50.n2v,kmeans-model-1200-1325-20230828-50.png,5
model-1200-1325-20230828-44.n2v,kmeans-model-1200-1325-20230828-44.png,5
model-1200-1325-20230828-78.n2v,kmeans-model-1200-1325-20230828-78.png,6
model-1-1325-20230829-74.n2v,kmeans-model-1-1325-20230829-74.png,5
model-1-1325-20230829-60.n2v,kmeans-model-1-1325-20230829-60.png,11
model-1-1325-20230829-48.n2v,kmeans-model-1-1325-20230829-48.png,6
model-1-1536-20230829-21.n2v,kmeans-model-1-1536-20230829-21.png,5
model-1-1536-20230829-35.n2v,kmeans-model-1-1536-20230829-35.png,7
model-1200-1325-20230812-79.n2v,kmeans-model-1200-1325-20230812-79.png,6
model-1-1325-20230813-49.n2v,kmeans-model-1-1325-20230813-49.png,7
model-1-1325-20230814-68.n2v,kmeans-model-1-1325-20230814-68.png,5
model-1-1536-20230829-23.n2v,kmeans-model-1-1536-20230829-23.png,5
model-1-1536-20230829-37.n2v,kmeans-model-1-1536-20230829-37.png,14
model-1-1325-20230829-76.n2v,kmeans-model-1-1325-20230829-76.png,6
model-1-1325-20230829-62.n2v,kmeans-model-1-1325-20230829-62.png,5
model-1200-1325-20230828-52.n2v,kmeans-model-1200-1325-20230828-52.png,5
model-1-1325-20230828-5.n2v,kmeans-model-1-1325-20230828-5.png,5
model-1200-1325-20230828-46.n2v,kmeans-model-1200-1325-20230828-46.png,6
model-1200-1325-20230828-47.n2v,kmeans-model-1200-1325-20230828-47.png,7
model-1200-1325-20230828-53.n2v,kmeans-model-1200-1325-20230828-53.png,5
model-1-1325-20230828-4.n2v,kmeans-model-1-1325-20230828-4.png,5
model-1-1325-20230829-63.n2v,kmeans-model-1-1325-20230829-63.png,5
model-1-1325-20230829-77.n2v,kmeans-model-1-1325-20230829-77.png,5
model-1-1536-20230829-36.n2v,kmeans-model-1-1536-20230829-36.png,12
model-1-1536-20230829-22.n2v,kmeans-model-1-1536-20230829-22.png,20
model-1-1536-20230831-80.n2v,kmeans-model-1-1536-20230831-80.png,6
model-1-1325-20230814-80.n2v,kmeans-model-1-1325-20230814-80.png,6
model-1-1325-20230812-5.n2v,kmeans-model-1-1325-20230812-5.png,7
model-1200-1325-20230811-58.n2v,kmeans-model-1200-1325-20230811-58.png,7
model-1-1325-20230813-39.n2v,kmeans-model-1-1325-20230813-39.png,10
model-1200-1325-20230810-18.n2v,kmeans-model-1200-1325-20230810-18.png,7
model-1200-1325-20230810-30.n2v,kmeans-model-1200-1325-20230810-30.png,7
model-1200-1325-20230810-24.n2v,kmeans-model-1200-1325-20230810-24.png,7
model-1-1325-20230829-38.n2v,kmeans-model-1-1325-20230829-38.png,5
model-1-1536-20230830-58.n2v,kmeans-model-1-1536-20230830-58.png,5
model-1-1536-20230830-70.n2v,kmeans-model-1-1536-20230830-70.png,5
model-1-1536-20230830-64.n2v,kmeans-model-1-1536-20230830-64.png,10
model-1200-1325-20230809-11.n2v,kmeans-model-1200-1325-20230809-11.png,10
model-1200-1325-20230828-34.n2v,kmeans-model-1200-1325-20230828-34.png,6
model-1200-1325-20230828-20.n2v,kmeans-model-1200-1325-20230828-20.png,5
model-1200-1325-20230828-21.n2v,kmeans-model-1200-1325-20230828-21.png,6
model-1200-1325-20230828-35.n2v,kmeans-model-1200-1325-20230828-35.png,5
model-1200-1325-20230809-10.n2v,kmeans-model-1200-1325-20230809-10.png,7
model-1-1536-20230830-65.n2v,kmeans-model-1-1536-20230830-65.png,28
model-1-1536-20230830-71.n2v,kmeans-model-1-1536-20230830-71.png,8
model-1-1536-20230830-59.n2v,kmeans-model-1-1536-20230830-59.png,5
model-1-1325-20230829-39.n2v,kmeans-model-1-1325-20230829-39.png,6
model-1200-1325-20230810-25.n2v,kmeans-model-1200-1325-20230810-25.png,7
model-1200-1325-20230810-31.n2v,kmeans-model-1200-1325-20230810-31.png,6
model-1200-1325-20230810-19.n2v,kmeans-model-1200-1325-20230810-19.png,8
model-1-1325-20230829-11.n2v,kmeans-model-1-1325-20230829-11.png,5
model-1-1325-20230813-38.n2v,kmeans-model-1-1325-20230813-38.png,7
model-1200-1325-20230811-59.n2v,kmeans-model-1200-1325-20230811-59.png,15
model-1-1325-20230812-4.n2v,kmeans-model-1-1325-20230812-4.png,10
model-1-1325-20230812-6.n2v,kmeans-model-1-1325-20230812-6.png,8
model-1-1325-20230829-13.n2v,kmeans-model-1-1325-20230829-13.png,8
model-1200-1325-20230810-27.n2v,kmeans-model-1200-1325-20230810-27.png,5
model-1200-1325-20230810-33.n2v,kmeans-model-1200-1325-20230810-33.png,6
model-1-1536-20230830-67.n2v,kmeans-model-1-1536-20230830-67.png,6
model-1200-1325-20230809-12.n2v,kmeans-model-1200-1325-20230809-12.png,5
model-1-1536-20230830-73.n2v,kmeans-model-1-1536-20230830-73.png,15
model-1200-1325-20230828-23.n2v,kmeans-model-1200-1325-20230828-23.png,5
model-1200-1325-20230828-37.n2v,kmeans-model-1200-1325-20230828-37.png,7
model-1200-1325-20230828-36.n2v,kmeans-model-1200-1325-20230828-36.png,5
model-1200-1325-20230828-22.n2v,kmeans-model-1200-1325-20230828-22.png,6
model-1-1536-20230830-72.n2v,kmeans-model-1-1536-20230830-72.png,17
model-1200-1325-20230809-13.n2v,kmeans-model-1200-1325-20230809-13.png,6
model-1-1536-20230830-66.n2v,kmeans-model-1-1536-20230830-66.png,5
model-1200-1325-20230810-32.n2v,kmeans-model-1200-1325-20230810-32.png,7
model-1200-1325-20230810-26.n2v,kmeans-model-1200-1325-20230810-26.png,16
model-1-1325-20230829-12.n2v,kmeans-model-1-1325-20230829-12.png,6
model-1-1325-20230812-7.n2v,kmeans-model-1-1325-20230812-7.png,10
model-1200-1325-20230811-62.n2v,kmeans-model-1200-1325-20230811-62.png,5
model-1-1325-20230812-3.n2v,kmeans-model-1-1325-20230812-3.png,5
model-1200-1325-20230810-22.n2v,kmeans-model-1200-1325-20230810-22.png,5
model-1-1325-20230829-16.n2v,kmeans-model-1-1325-20230829-16.png,5
model-1200-1325-20230828-9.n2v,kmeans-model-1200-1325-20230828-9.png,6
model-1-1536-20230830-62.n2v,kmeans-model-1-1536-20230830-62.png,5
model-1-1536-20230830-76.n2v,kmeans-model-1-1536-20230830-76.png,6
model-1200-1325-20230828-26.n2v,kmeans-model-1200-1325-20230828-26.png,6
model-1200-1325-20230828-32.n2v,kmeans-model-1200-1325-20230828-32.png,6
model-1200-1325-20230828-33.n2v,kmeans-model-1200-1325-20230828-33.png,6
model-1200-1325-20230828-27.n2v,kmeans-model-1200-1325-20230828-27.png,6
model-1-1536-20230830-77.n2v,kmeans-model-1-1536-20230830-77.png,6
model-1-1536-20230830-63.n2v,kmeans-model-1-1536-20230830-63.png,10
model-1200-1325-20230828-8.n2v,kmeans-model-1200-1325-20230828-8.png,5
model-1-1325-20230829-17.n2v,kmeans-model-1-1325-20230829-17.png,5
model-1200-1325-20230810-23.n2v,kmeans-model-1200-1325-20230810-23.png,14
model-1-1325-20230812-2.n2v,kmeans-model-1-1325-20230812-2.png,10
model-1200-1325-20230811-49.n2v,kmeans-model-1200-1325-20230811-49.png,5
model-1200-1325-20230811-61.n2v,kmeans-model-1200-1325-20230811-61.png,9
model-1-1325-20230812-0.n2v,kmeans-model-1-1325-20230812-0.png,6
model-1-1325-20230813-28.n2v,kmeans-model-1-1325-20230813-28.png,6
model-1-1325-20230829-29.n2v,kmeans-model-1-1325-20230829-29.png,5
model-1200-1325-20230810-21.n2v,kmeans-model-1200-1325-20230810-21.png,6
model-1-1325-20230829-15.n2v,kmeans-model-1-1325-20230829-15.png,6
model-1-1536-20230830-75.n2v,kmeans-model-1-1536-20230830-75.png,5
model-1-1536-20230830-61.n2v,kmeans-model-1-1536-20230830-61.png,5
model-1-1536-20230830-49.n2v,kmeans-model-1-1536-20230830-49.png,7
model-1200-1325-20230828-19.n2v,kmeans-model-1200-1325-20230828-19.png,5
model-1200-1325-20230828-31.n2v,kmeans-model-1200-1325-20230828-31.png,7
model-1200-1325-20230828-25.n2v,kmeans-model-1200-1325-20230828-25.png,9
model-1200-1325-20230828-24.n2v,kmeans-model-1200-1325-20230828-24.png,6
model-1200-1325-20230828-30.n2v,kmeans-model-1200-1325-20230828-30.png,6
model-1200-1325-20230828-18.n2v,kmeans-model-1200-1325-20230828-18.png,6
model-1-1536-20230830-48.n2v,kmeans-model-1-1536-20230830-48.png,15
model-1-1536-20230830-60.n2v,kmeans-model-1-1536-20230830-60.png,8
model-1-1536-20230830-74.n2v,kmeans-model-1-1536-20230830-74.png,5
model-1-1325-20230829-14.n2v,kmeans-model-1-1325-20230829-14.png,5
model-1200-1325-20230810-20.n2v,kmeans-model-1200-1325-20230810-20.png,8
model-1200-1325-20230810-34.n2v,kmeans-model-1200-1325-20230810-34.png,7
model-1-1325-20230829-28.n2v,kmeans-model-1-1325-20230829-28.png,6
model-1-1325-20230813-29.n2v,kmeans-model-1-1325-20230813-29.png,12
model-1-1325-20230812-1.n2v,kmeans-model-1-1325-20230812-1.png,8
model-1200-1325-20230811-60.n2v,kmeans-model-1200-1325-20230811-60.png,6
model-1200-1325-20230811-48.n2v,kmeans-model-1200-1325-20230811-48.png,7
